date,commodity,province,price
2024-01-01,Cabai Rawit,DKI Jakarta,56400.0
2024-01-02,Cabai Rawit,DKI Jakarta,55200.0
2024-01-03,Cabai Rawit,DKI Jakarta,58000.0
2024-01-04,Cabai Rawit,DKI Jakarta,60500.0
2024-01-05,Cabai Rawit,DKI Jakarta,55300.0
2024-01-06,Cabai Rawit,DKI Jakarta,54900.0
2024-01-07,Cabai Rawit,DKI Jakarta,60700.0
2024-01-08,Cabai Rawit,DKI Jakarta,59000.0
2024-01-09,Cabai Rawit,DKI Jakarta,56600.0
2024-01-10,Cabai Rawit,DKI Jakarta,59500.0
2024-01-11,Cabai Rawit,DKI Jakarta,56900.0
2024-01-12,Cabai Rawit,DKI Jakarta,56500.0
2024-01-13,Cabai Rawit,DKI Jakarta,58000.0
2024-01-14,Cabai Rawit,DKI Jakarta,51700.0
2024-01-15,Cabai Rawit,DKI Jakarta,52600.0
2024-01-16,Cabai Rawit,DKI Jakarta,56600.0
2024-01-17,Cabai Rawit,DKI Jakarta,55600.0
2024-01-18,Cabai Rawit,DKI Jakarta,59000.0
2024-01-19,Cabai Rawit,DKI Jakarta,55000.0
2024-01-20,Cabai Rawit,DKI Jakarta,54100.0
2024-01-21,Cabai Rawit,DKI Jakarta,63300.0
2024-01-22,Cabai Rawit,DKI Jakarta,59000.0
2024-01-23,Cabai Rawit,DKI Jakarta,60400.0
2024-01-24,Cabai Rawit,DKI Jakarta,56100.0
2024-01-25,Cabai Rawit,DKI Jakarta,58700.0
2024-01-26,Cabai Rawit,DKI Jakarta,59700.0
2024-01-27,Cabai Rawit,DKI Jakarta,55600.0
2024-01-28,Cabai Rawit,DKI Jakarta,59600.0
2024-01-29,Cabai Rawit,DKI Jakarta,57300.0
2024-01-30,Cabai Rawit,DKI Jakarta,59000.0
2024-01-31,Cabai Rawit,DKI Jakarta,58000.0
2024-02-01,Cabai Rawit,DKI Jakarta,65700.0
2024-02-02,Cabai Rawit,DKI Jakarta,59100.0
2024-02-03,Cabai Rawit,DKI Jakarta,55200.0
2024-02-04,Cabai Rawit,DKI Jakarta,60900.0
2024-02-05,Cabai Rawit,DKI Jakarta,55800.0
2024-02-06,Cabai Rawit,DKI Jakarta,61200.0
2024-02-07,Cabai Rawit,DKI Jakarta,54600.0
2024-02-08,Cabai Rawit,DKI Jakarta,56700.0
2024-02-09,Cabai Rawit,DKI Jakarta,60700.0
2024-02-10,Cabai Rawit,DKI Jakarta,61900.0
2024-02-11,Cabai Rawit,DKI Jakarta,60700.0
2024-02-12,Cabai Rawit,DKI Jakarta,60600.0
2024-02-13,Cabai Rawit,DKI Jakarta,59900.0
2024-02-14,Cabai Rawit,DKI Jakarta,57100.0
2024-02-15,Cabai Rawit,DKI Jakarta,59600.0
2024-02-16,Cabai Rawit,DKI Jakarta,59700.0
2024-02-17,Cabai Rawit,DKI Jakarta,64000.0
2024-02-18,Cabai Rawit,DKI Jakarta,62200.0
2024-02-19,Cabai Rawit,DKI Jakarta,56500.0
2024-02-20,Cabai Rawit,DKI Jakarta,63100.0
2024-02-21,Cabai Rawit,DKI Jakarta,60800.0
2024-02-22,Cabai Rawit,DKI Jakarta,59600.0
2024-02-23,Cabai Rawit,DKI Jakarta,63400.0
2024-02-24,Cabai Rawit,DKI Jakarta,64500.0
2024-02-25,Cabai Rawit,DKI Jakarta,64200.0
2024-02-26,Cabai Rawit,DKI Jakarta,59700.0
2024-02-27,Cabai Rawit,DKI Jakarta,60600.0
2024-02-28,Cabai Rawit,DKI Jakarta,63200.0
2024-02-29,Cabai Rawit,DKI Jakarta,64100.0
2024-03-01,Cabai Rawit,DKI Jakarta,59000.0
2024-03-02,Cabai Rawit,DKI Jakarta,59100.0
2024-03-03,Cabai Rawit,DKI Jakarta,56000.0
2024-03-04,Cabai Rawit,DKI Jakarta,56600.0
2024-03-05,Cabai Rawit,DKI Jakarta,63000.0
2024-03-06,Cabai Rawit,DKI Jakarta,64900.0
2024-03-07,Cabai Rawit,DKI Jakarta,60200.0
2024-03-08,Cabai Rawit,DKI Jakarta,63100.0
2024-03-09,Cabai Rawit,DKI Jakarta,60900.0
2024-03-10,Cabai Rawit,DKI Jakarta,57500.0
2024-03-11,Cabai Rawit,DKI Jakarta,61400.0
2024-03-12,Cabai Rawit,DKI Jakarta,65300.0
2024-03-13,Cabai Rawit,DKI Jakarta,59900.0
2024-03-14,Cabai Rawit,DKI Jakarta,64300.0
2024-03-15,Cabai Rawit,DKI Jakarta,51700.0
2024-03-16,Cabai Rawit,DKI Jakarta,62100.0
2024-03-17,Cabai Rawit,DKI Jakarta,59800.0
2024-03-18,Cabai Rawit,DKI Jakarta,59000.0
2024-03-19,Cabai Rawit,DKI Jakarta,60500.0
2024-03-20,Cabai Rawit,DKI Jakarta,55100.0
2024-03-21,Cabai Rawit,DKI Jakarta,60300.0
2024-03-22,Cabai Rawit,DKI Jakarta,61700.0
2024-03-23,Cabai Rawit,DKI Jakarta,65200.0
2024-03-24,Cabai Rawit,DKI Jakarta,59300.0
2024-03-25,Cabai Rawit,DKI Jakarta,58800.0
2024-03-26,Cabai Rawit,DKI Jakarta,60100.0
2024-03-27,Cabai Rawit,DKI Jakarta,64500.0
2024-03-28,Cabai Rawit,DKI Jakarta,63000.0
2024-03-29,Cabai Rawit,DKI Jakarta,60700.0
2024-03-30,Cabai Rawit,DKI Jakarta,64200.0
2024-03-31,Cabai Rawit,DKI Jakarta,63900.0
2024-04-01,Cabai Rawit,DKI Jakarta,67700.0
2024-04-02,Cabai Rawit,DKI Jakarta,63700.0
2024-04-03,Cabai Rawit,DKI Jakarta,64800.0
2024-04-04,Cabai Rawit,DKI Jakarta,65200.0
2024-04-05,Cabai Rawit,DKI Jakarta,62100.0
2024-04-06,Cabai Rawit,DKI Jakarta,68100.0
2024-04-07,Cabai Rawit,DKI Jakarta,67500.0
2024-04-08,Cabai Rawit,DKI Jakarta,68700.0
2024-04-09,Cabai Rawit,DKI Jakarta,69100.0
2024-04-10,Cabai Rawit,DKI Jakarta,66600.0
2024-04-11,Cabai Rawit,DKI Jakarta,60100.0
2024-04-12,Cabai Rawit,DKI Jakarta,60000.0
2024-04-13,Cabai Rawit,DKI Jakarta,57900.0
2024-04-14,Cabai Rawit,DKI Jakarta,59600.0
2024-04-15,Cabai Rawit,DKI Jakarta,62600.0
2024-04-16,Cabai Rawit,DKI Jakarta,67500.0
2024-04-17,Cabai Rawit,DKI Jakarta,62400.0
2024-04-18,Cabai Rawit,DKI Jakarta,62700.0
2024-04-19,Cabai Rawit,DKI Jakarta,61300.0
2024-04-20,Cabai Rawit,DKI Jakarta,55400.0
2024-04-21,Cabai Rawit,DKI Jakarta,61400.0
2024-04-22,Cabai Rawit,DKI Jakarta,63000.0
2024-04-23,Cabai Rawit,DKI Jakarta,70900.0
2024-04-24,Cabai Rawit,DKI Jakarta,62900.0
2024-04-25,Cabai Rawit,DKI Jakarta,64400.0
2024-04-26,Cabai Rawit,DKI Jakarta,63200.0
2024-04-27,Cabai Rawit,DKI Jakarta,59900.0
2024-04-28,Cabai Rawit,DKI Jakarta,67200.0
2024-04-29,Cabai Rawit,DKI Jakarta,66100.0
2024-04-30,Cabai Rawit,DKI Jakarta,67300.0
2024-05-01,Cabai Rawit,DKI Jakarta,61700.0
2024-05-02,Cabai Rawit,DKI Jakarta,68500.0
2024-05-03,Cabai Rawit,DKI Jakarta,59100.0
2024-05-04,Cabai Rawit,DKI Jakarta,64700.0
2024-05-05,Cabai Rawit,DKI Jakarta,69700.0
2024-05-06,Cabai Rawit,DKI Jakarta,60700.0
2024-05-07,Cabai Rawit,DKI Jakarta,62600.0
2024-05-08,Cabai Rawit,DKI Jakarta,65300.0
2024-05-09,Cabai Rawit,DKI Jakarta,63300.0
2024-05-10,Cabai Rawit,DKI Jakarta,59400.0
2024-05-11,Cabai Rawit,DKI Jakarta,64300.0
2024-05-12,Cabai Rawit,DKI Jakarta,61500.0
2024-05-13,Cabai Rawit,DKI Jakarta,66000.0
2024-05-14,Cabai Rawit,DKI Jakarta,62500.0
2024-05-15,Cabai Rawit,DKI Jakarta,70400.0
2024-05-16,Cabai Rawit,DKI Jakarta,62700.0
2024-05-17,Cabai Rawit,DKI Jakarta,64100.0
2024-05-18,Cabai Rawit,DKI Jakarta,67000.0
2024-05-19,Cabai Rawit,DKI Jakarta,61000.0
2024-05-20,Cabai Rawit,DKI Jakarta,65800.0
2024-05-21,Cabai Rawit,DKI Jakarta,69500.0
2024-05-22,Cabai Rawit,DKI Jakarta,60300.0
2024-05-23,Cabai Rawit,DKI Jakarta,64700.0
2024-05-24,Cabai Rawit,DKI Jakarta,65000.0
2024-05-25,Cabai Rawit,DKI Jakarta,65800.0
2024-05-26,Cabai Rawit,DKI Jakarta,59400.0
2024-05-27,Cabai Rawit,DKI Jakarta,58700.0
2024-05-28,Cabai Rawit,DKI Jakarta,64400.0
2024-05-29,Cabai Rawit,DKI Jakarta,63200.0
2024-05-30,Cabai Rawit,DKI Jakarta,63400.0
2024-05-31,Cabai Rawit,DKI Jakarta,63400.0
2024-06-01,Cabai Rawit,DKI Jakarta,59700.0
2024-06-02,Cabai Rawit,DKI Jakarta,63400.0
2024-06-03,Cabai Rawit,DKI Jakarta,64400.0
2024-06-04,Cabai Rawit,DKI Jakarta,62300.0
2024-06-05,Cabai Rawit,DKI Jakarta,69700.0
2024-06-06,Cabai Rawit,DKI Jakarta,66600.0
2024-06-07,Cabai Rawit,DKI Jakarta,61100.0
2024-06-08,Cabai Rawit,DKI Jakarta,66100.0
2024-06-09,Cabai Rawit,DKI Jakarta,62300.0
2024-06-10,Cabai Rawit,DKI Jakarta,69600.0
2024-06-11,Cabai Rawit,DKI Jakarta,72300.0
2024-06-12,Cabai Rawit,DKI Jakarta,67300.0
2024-06-13,Cabai Rawit,DKI Jakarta,73000.0
2024-06-14,Cabai Rawit,DKI Jakarta,71600.0
2024-06-15,Cabai Rawit,DKI Jakarta,73200.0
2024-06-16,Cabai Rawit,DKI Jakarta,77200.0
2024-06-17,Cabai Rawit,DKI Jakarta,72000.0
2024-06-18,Cabai Rawit,DKI Jakarta,62400.0
2024-06-19,Cabai Rawit,DKI Jakarta,61800.0
2024-06-20,Cabai Rawit,DKI Jakarta,61500.0
2024-06-21,Cabai Rawit,DKI Jakarta,62400.0
2024-06-22,Cabai Rawit,DKI Jakarta,63100.0
2024-06-23,Cabai Rawit,DKI Jakarta,62600.0
2024-06-24,Cabai Rawit,DKI Jakarta,64200.0
2024-06-25,Cabai Rawit,DKI Jakarta,62300.0
2024-06-26,Cabai Rawit,DKI Jakarta,67200.0
2024-06-27,Cabai Rawit,DKI Jakarta,62000.0
2024-06-28,Cabai Rawit,DKI Jakarta,69600.0
2024-06-29,Cabai Rawit,DKI Jakarta,62600.0
2024-06-30,Cabai Rawit,DKI Jakarta,58700.0
2024-07-01,Cabai Rawit,DKI Jakarta,58100.0
2024-07-02,Cabai Rawit,DKI Jakarta,63000.0
2024-07-03,Cabai Rawit,DKI Jakarta,61200.0
2024-07-04,Cabai Rawit,DKI Jakarta,63100.0
2024-07-05,Cabai Rawit,DKI Jakarta,61900.0
2024-07-06,Cabai Rawit,DKI Jakarta,59400.0
2024-07-07,Cabai Rawit,DKI Jakarta,56900.0
2024-07-08,Cabai Rawit,DKI Jakarta,55500.0
2024-07-09,Cabai Rawit,DKI Jakarta,58400.0
2024-07-10,Cabai Rawit,DKI Jakarta,62400.0
2024-07-11,Cabai Rawit,DKI Jakarta,60100.0
2024-07-12,Cabai Rawit,DKI Jakarta,55500.0
2024-07-13,Cabai Rawit,DKI Jakarta,59300.0
2024-07-14,Cabai Rawit,DKI Jakarta,60500.0
2024-07-15,Cabai Rawit,DKI Jakarta,57300.0
2024-07-16,Cabai Rawit,DKI Jakarta,60500.0
2024-07-17,Cabai Rawit,DKI Jakarta,60300.0
2024-07-18,Cabai Rawit,DKI Jakarta,56600.0
2024-07-19,Cabai Rawit,DKI Jakarta,60400.0
2024-07-20,Cabai Rawit,DKI Jakarta,60600.0
2024-07-21,Cabai Rawit,DKI Jakarta,61900.0
2024-07-22,Cabai Rawit,DKI Jakarta,62000.0
2024-07-23,Cabai Rawit,DKI Jakarta,54800.0
2024-07-24,Cabai Rawit,DKI Jakarta,56800.0
2024-07-25,Cabai Rawit,DKI Jakarta,60100.0
2024-07-26,Cabai Rawit,DKI Jakarta,59300.0
2024-07-27,Cabai Rawit,DKI Jakarta,58600.0
2024-07-28,Cabai Rawit,DKI Jakarta,68500.0
2024-07-29,Cabai Rawit,DKI Jakarta,59500.0
2024-07-30,Cabai Rawit,DKI Jakarta,62000.0
2024-07-31,Cabai Rawit,DKI Jakarta,61200.0
2024-08-01,Cabai Rawit,DKI Jakarta,60100.0
2024-08-02,Cabai Rawit,DKI Jakarta,56400.0
2024-08-03,Cabai Rawit,DKI Jakarta,59900.0
2024-08-04,Cabai Rawit,DKI Jakarta,55200.0
2024-08-05,Cabai Rawit,DKI Jakarta,57200.0
2024-08-06,Cabai Rawit,DKI Jakarta,57100.0
2024-08-07,Cabai Rawit,DKI Jakarta,58900.0
2024-08-08,Cabai Rawit,DKI Jakarta,64900.0
2024-08-09,Cabai Rawit,DKI Jakarta,52300.0
2024-08-10,Cabai Rawit,DKI Jakarta,59200.0
2024-08-11,Cabai Rawit,DKI Jakarta,52700.0
2024-08-12,Cabai Rawit,DKI Jakarta,56700.0
2024-08-13,Cabai Rawit,DKI Jakarta,62400.0
2024-08-14,Cabai Rawit,DKI Jakarta,59300.0
2024-08-15,Cabai Rawit,DKI Jakarta,55200.0
2024-08-16,Cabai Rawit,DKI Jakarta,55600.0
2024-08-17,Cabai Rawit,DKI Jakarta,60100.0
2024-08-18,Cabai Rawit,DKI Jakarta,55900.0
2024-08-19,Cabai Rawit,DKI Jakarta,59600.0
2024-08-20,Cabai Rawit,DKI Jakarta,60200.0
2024-08-21,Cabai Rawit,DKI Jakarta,58000.0
2024-08-22,Cabai Rawit,DKI Jakarta,65800.0
2024-08-23,Cabai Rawit,DKI Jakarta,61600.0
2024-08-24,Cabai Rawit,DKI Jakarta,53600.0
2024-08-25,Cabai Rawit,DKI Jakarta,59800.0
2024-08-26,Cabai Rawit,DKI Jakarta,57600.0
2024-08-27,Cabai Rawit,DKI Jakarta,61900.0
2024-08-28,Cabai Rawit,DKI Jakarta,57000.0
2024-08-29,Cabai Rawit,DKI Jakarta,58100.0
2024-08-30,Cabai Rawit,DKI Jakarta,59400.0
2024-08-31,Cabai Rawit,DKI Jakarta,59700.0
2024-09-01,Cabai Rawit,DKI Jakarta,54100.0
2024-09-02,Cabai Rawit,DKI Jakarta,56300.0
2024-09-03,Cabai Rawit,DKI Jakarta,56400.0
2024-09-04,Cabai Rawit,DKI Jakarta,56300.0
2024-09-05,Cabai Rawit,DKI Jakarta,62100.0
2024-09-06,Cabai Rawit,DKI Jakarta,57800.0
2024-09-07,Cabai Rawit,DKI Jakarta,53300.0
2024-09-08,Cabai Rawit,DKI Jakarta,59000.0
2024-09-09,Cabai Rawit,DKI Jakarta,63400.0
2024-09-10,Cabai Rawit,DKI Jakarta,60900.0
2024-09-11,Cabai Rawit,DKI Jakarta,53500.0
2024-09-12,Cabai Rawit,DKI Jakarta,56100.0
2024-09-13,Cabai Rawit,DKI Jakarta,60700.0
2024-09-14,Cabai Rawit,DKI Jakarta,54800.0
2024-09-15,Cabai Rawit,DKI Jakarta,58300.0
2024-09-16,Cabai Rawit,DKI Jakarta,59300.0
2024-09-17,Cabai Rawit,DKI Jakarta,55000.0
2024-09-18,Cabai Rawit,DKI Jakarta,57000.0
2024-09-19,Cabai Rawit,DKI Jakarta,47700.0
2024-09-20,Cabai Rawit,DKI Jakarta,53100.0
2024-09-21,Cabai Rawit,DKI Jakarta,54600.0
2024-09-22,Cabai Rawit,DKI Jakarta,52400.0
2024-09-23,Cabai Rawit,DKI Jakarta,61300.0
2024-09-24,Cabai Rawit,DKI Jakarta,53300.0
2024-09-25,Cabai Rawit,DKI Jakarta,55800.0
2024-09-26,Cabai Rawit,DKI Jakarta,56900.0
2024-09-27,Cabai Rawit,DKI Jakarta,60500.0
2024-09-28,Cabai Rawit,DKI Jakarta,52300.0
2024-09-29,Cabai Rawit,DKI Jakarta,60400.0
2024-09-30,Cabai Rawit,DKI Jakarta,57800.0
2024-10-01,Cabai Rawit,DKI Jakarta,55500.0
2024-10-02,Cabai Rawit,DKI Jakarta,59600.0
2024-10-03,Cabai Rawit,DKI Jakarta,58500.0
2024-10-04,Cabai Rawit,DKI Jakarta,55700.0
2024-10-05,Cabai Rawit,DKI Jakarta,57500.0
2024-10-06,Cabai Rawit,DKI Jakarta,56700.0
2024-10-07,Cabai Rawit,DKI Jakarta,58200.0
2024-10-08,Cabai Rawit,DKI Jakarta,59700.0
2024-10-09,Cabai Rawit,DKI Jakarta,61800.0
2024-10-10,Cabai Rawit,DKI Jakarta,53600.0
2024-10-11,Cabai Rawit,DKI Jakarta,62200.0
2024-10-12,Cabai Rawit,DKI Jakarta,49700.0
2024-10-13,Cabai Rawit,DKI Jakarta,54900.0
2024-10-14,Cabai Rawit,DKI Jakarta,58400.0
2024-10-15,Cabai Rawit,DKI Jakarta,57900.0
2024-10-16,Cabai Rawit,DKI Jakarta,55800.0
2024-10-17,Cabai Rawit,DKI Jakarta,56700.0
2024-10-18,Cabai Rawit,DKI Jakarta,55400.0
2024-10-19,Cabai Rawit,DKI Jakarta,55100.0
2024-10-20,Cabai Rawit,DKI Jakarta,59100.0
2024-10-21,Cabai Rawit,DKI Jakarta,58300.0
2024-10-22,Cabai Rawit,DKI Jakarta,55900.0
2024-10-23,Cabai Rawit,DKI Jakarta,60300.0
2024-10-24,Cabai Rawit,DKI Jakarta,58700.0
2024-10-25,Cabai Rawit,DKI Jakarta,59500.0
2024-10-26,Cabai Rawit,DKI Jakarta,58400.0
2024-10-27,Cabai Rawit,DKI Jakarta,54600.0
2024-10-28,Cabai Rawit,DKI Jakarta,55500.0
2024-10-29,Cabai Rawit,DKI Jakarta,59700.0
2024-10-30,Cabai Rawit,DKI Jakarta,59400.0
2024-10-31,Cabai Rawit,DKI Jakarta,57700.0
2024-11-01,Cabai Rawit,DKI Jakarta,57800.0
2024-11-02,Cabai Rawit,DKI Jakarta,60700.0
2024-11-03,Cabai Rawit,DKI Jakarta,55900.0
2024-11-04,Cabai Rawit,DKI Jakarta,60100.0
2024-11-05,Cabai Rawit,DKI Jakarta,58700.0
2024-11-06,Cabai Rawit,DKI Jakarta,58700.0
2024-11-07,Cabai Rawit,DKI Jakarta,61700.0
2024-11-08,Cabai Rawit,DKI Jakarta,60000.0
2024-11-09,Cabai Rawit,DKI Jakarta,59500.0
2024-11-10,Cabai Rawit,DKI Jakarta,60800.0
2024-11-11,Cabai Rawit,DKI Jakarta,57600.0
2024-11-12,Cabai Rawit,DKI Jakarta,60000.0
2024-11-13,Cabai Rawit,DKI Jakarta,57500.0
2024-11-14,Cabai Rawit,DKI Jakarta,59000.0
2024-11-15,Cabai Rawit,DKI Jakarta,57400.0
2024-11-16,Cabai Rawit,DKI Jakarta,57700.0
2024-11-17,Cabai Rawit,DKI Jakarta,58500.0
2024-11-18,Cabai Rawit,DKI Jakarta,54600.0
2024-11-19,Cabai Rawit,DKI Jakarta,63400.0
2024-11-20,Cabai Rawit,DKI Jakarta,54100.0
2024-11-21,Cabai Rawit,DKI Jakarta,53500.0
2024-11-22,Cabai Rawit,DKI Jakarta,60400.0
2024-11-23,Cabai Rawit,DKI Jakarta,59500.0
2024-11-24,Cabai Rawit,DKI Jakarta,59100.0
2024-11-25,Cabai Rawit,DKI Jakarta,60100.0
2024-11-26,Cabai Rawit,DKI Jakarta,58800.0
2024-11-27,Cabai Rawit,DKI Jakarta,56300.0
2024-11-28,Cabai Rawit,DKI Jakarta,58600.0
2024-11-29,Cabai Rawit,DKI Jakarta,55800.0
2024-11-30,Cabai Rawit,DKI Jakarta,60100.0
2024-12-01,Cabai Rawit,DKI Jakarta,57100.0
2024-12-02,Cabai Rawit,DKI Jakarta,55700.0
2024-12-03,Cabai Rawit,DKI Jakarta,57600.0
2024-12-04,Cabai Rawit,DKI Jakarta,60000.0
2024-12-05,Cabai Rawit,DKI Jakarta,57400.0
2024-12-06,Cabai Rawit,DKI Jakarta,56500.0
2024-12-07,Cabai Rawit,DKI Jakarta,58700.0
2024-12-08,Cabai Rawit,DKI Jakarta,57900.0
2024-12-09,Cabai Rawit,DKI Jakarta,56600.0
2024-12-10,Cabai Rawit,DKI Jakarta,56600.0
2024-12-11,Cabai Rawit,DKI Jakarta,58700.0
2024-12-12,Cabai Rawit,DKI Jakarta,53000.0
2024-12-13,Cabai Rawit,DKI Jakarta,52000.0
2024-12-14,Cabai Rawit,DKI Jakarta,54000.0
2024-12-15,Cabai Rawit,DKI Jakarta,55900.0
2024-12-16,Cabai Rawit,DKI Jakarta,57600.0
2024-12-17,Cabai Rawit,DKI Jakarta,60500.0
2024-12-18,Cabai Rawit,DKI Jakarta,58600.0
2024-12-19,Cabai Rawit,DKI Jakarta,55500.0
2024-12-20,Cabai Rawit,DKI Jakarta,54900.0
2024-12-21,Cabai Rawit,DKI Jakarta,51800.0
2024-12-22,Cabai Rawit,DKI Jakarta,54800.0
2024-12-23,Cabai Rawit,DKI Jakarta,54700.0
2024-12-24,Cabai Rawit,DKI Jakarta,57000.0
2024-12-25,Cabai Rawit,DKI Jakarta,53300.0
2024-12-26,Cabai Rawit,DKI Jakarta,57500.0
2024-12-27,Cabai Rawit,DKI Jakarta,60000.0
2024-12-28,Cabai Rawit,DKI Jakarta,54900.0
2024-12-29,Cabai Rawit,DKI Jakarta,56200.0
2024-12-30,Cabai Rawit,DKI Jakarta,57300.0
2024-12-31,Cabai Rawit,DKI Jakarta,54200.0
2025-01-01,Cabai Rawit,DKI Jakarta,56100.0
2025-01-02,Cabai Rawit,DKI Jakarta,55900.0
2025-01-03,Cabai Rawit,DKI Jakarta,55100.0
2025-01-04,Cabai Rawit,DKI Jakarta,51600.0
2025-01-05,Cabai Rawit,DKI Jakarta,54700.0
2025-01-06,Cabai Rawit,DKI Jakarta,56500.0
2025-01-07,Cabai Rawit,DKI Jakarta,59600.0
2025-01-08,Cabai Rawit,DKI Jakarta,58700.0
2025-01-09,Cabai Rawit,DKI Jakarta,61700.0
2025-01-10,Cabai Rawit,DKI Jakarta,53200.0
2025-01-11,Cabai Rawit,DKI Jakarta,58100.0
2025-01-12,Cabai Rawit,DKI Jakarta,56000.0
2025-01-13,Cabai Rawit,DKI Jakarta,63400.0
2025-01-14,Cabai Rawit,DKI Jakarta,54500.0
2025-01-15,Cabai Rawit,DKI Jakarta,54900.0
2025-01-16,Cabai Rawit,DKI Jakarta,55500.0
2025-01-17,Cabai Rawit,DKI Jakarta,50900.0
2025-01-18,Cabai Rawit,DKI Jakarta,56100.0
2025-01-19,Cabai Rawit,DKI Jakarta,55500.0
2025-01-20,Cabai Rawit,DKI Jakarta,58400.0
2025-01-21,Cabai Rawit,DKI Jakarta,59700.0
2025-01-22,Cabai Rawit,DKI Jakarta,64300.0
2025-01-23,Cabai Rawit,DKI Jakarta,61900.0
2025-01-24,Cabai Rawit,DKI Jakarta,56900.0
2025-01-25,Cabai Rawit,DKI Jakarta,55500.0
2025-01-26,Cabai Rawit,DKI Jakarta,59900.0
2025-01-27,Cabai Rawit,DKI Jakarta,54300.0
2025-01-28,Cabai Rawit,DKI Jakarta,64000.0
2025-01-29,Cabai Rawit,DKI Jakarta,62700.0
2025-01-30,Cabai Rawit,DKI Jakarta,57000.0
2025-01-31,Cabai Rawit,DKI Jakarta,52300.0
2025-02-01,Cabai Rawit,DKI Jakarta,61600.0
2025-02-02,Cabai Rawit,DKI Jakarta,57700.0
2025-02-03,Cabai Rawit,DKI Jakarta,62600.0
2025-02-04,Cabai Rawit,DKI Jakarta,54800.0
2025-02-05,Cabai Rawit,DKI Jakarta,57700.0
2025-02-06,Cabai Rawit,DKI Jakarta,58700.0
2025-02-07,Cabai Rawit,DKI Jakarta,58900.0
2025-02-08,Cabai Rawit,DKI Jakarta,57000.0
2025-02-09,Cabai Rawit,DKI Jakarta,60300.0
2025-02-10,Cabai Rawit,DKI Jakarta,56100.0
2025-02-11,Cabai Rawit,DKI Jakarta,59700.0
2025-02-12,Cabai Rawit,DKI Jakarta,60800.0
2025-02-13,Cabai Rawit,DKI Jakarta,62600.0
2025-02-14,Cabai Rawit,DKI Jakarta,62400.0
2025-02-15,Cabai Rawit,DKI Jakarta,56900.0
2025-02-16,Cabai Rawit,DKI Jakarta,55800.0
2025-02-17,Cabai Rawit,DKI Jakarta,65000.0
2025-02-18,Cabai Rawit,DKI Jakarta,63200.0
2025-02-19,Cabai Rawit,DKI Jakarta,60200.0
2025-02-20,Cabai Rawit,DKI Jakarta,67300.0
2025-02-21,Cabai Rawit,DKI Jakarta,62700.0
2025-02-22,Cabai Rawit,DKI Jakarta,65500.0
2025-02-23,Cabai Rawit,DKI Jakarta,61900.0
2025-02-24,Cabai Rawit,DKI Jakarta,68100.0
2025-02-25,Cabai Rawit,DKI Jakarta,66900.0
2025-02-26,Cabai Rawit,DKI Jakarta,61600.0
2025-02-27,Cabai Rawit,DKI Jakarta,64600.0
2025-02-28,Cabai Rawit,DKI Jakarta,63000.0
2025-03-01,Cabai Rawit,DKI Jakarta,64800.0
2025-03-02,Cabai Rawit,DKI Jakarta,57800.0
2025-03-03,Cabai Rawit,DKI Jakarta,63700.0
2025-03-04,Cabai Rawit,DKI Jakarta,65800.0
2025-03-05,Cabai Rawit,DKI Jakarta,56800.0
2025-03-06,Cabai Rawit,DKI Jakarta,58200.0
2025-03-07,Cabai Rawit,DKI Jakarta,55200.0
2025-03-08,Cabai Rawit,DKI Jakarta,60200.0
2025-03-09,Cabai Rawit,DKI Jakarta,64100.0
2025-03-10,Cabai Rawit,DKI Jakarta,67200.0
2025-03-11,Cabai Rawit,DKI Jakarta,63600.0
2025-03-12,Cabai Rawit,DKI Jakarta,68900.0
2025-03-13,Cabai Rawit,DKI Jakarta,59500.0
2025-03-14,Cabai Rawit,DKI Jakarta,58100.0
2025-03-15,Cabai Rawit,DKI Jakarta,62300.0
2025-03-16,Cabai Rawit,DKI Jakarta,64000.0
2025-03-17,Cabai Rawit,DKI Jakarta,62900.0
2025-03-18,Cabai Rawit,DKI Jakarta,57400.0
2025-03-19,Cabai Rawit,DKI Jakarta,64600.0
2025-03-20,Cabai Rawit,DKI Jakarta,61600.0
2025-03-21,Cabai Rawit,DKI Jakarta,67900.0
2025-03-22,Cabai Rawit,DKI Jakarta,67300.0
2025-03-23,Cabai Rawit,DKI Jakarta,64700.0
2025-03-24,Cabai Rawit,DKI Jakarta,67300.0
2025-03-25,Cabai Rawit,DKI Jakarta,67800.0
2025-03-26,Cabai Rawit,DKI Jakarta,72000.0
2025-03-27,Cabai Rawit,DKI Jakarta,74700.0
2025-03-28,Cabai Rawit,DKI Jakarta,68900.0
2025-03-29,Cabai Rawit,DKI Jakarta,74000.0
2025-03-30,Cabai Rawit,DKI Jakarta,72000.0
2025-03-31,Cabai Rawit,DKI Jakarta,72700.0
2025-04-01,Cabai Rawit,DKI Jakarta,66300.0
2025-04-02,Cabai Rawit,DKI Jakarta,62900.0
2025-04-03,Cabai Rawit,DKI Jakarta,64000.0
2025-04-04,Cabai Rawit,DKI Jakarta,61100.0
2025-04-05,Cabai Rawit,DKI Jakarta,70300.0
2025-04-06,Cabai Rawit,DKI Jakarta,64600.0
2025-04-07,Cabai Rawit,DKI Jakarta,63500.0
2025-04-08,Cabai Rawit,DKI Jakarta,67000.0
2025-04-09,Cabai Rawit,DKI Jakarta,65600.0
2025-04-10,Cabai Rawit,DKI Jakarta,65100.0
2025-04-11,Cabai Rawit,DKI Jakarta,67600.0
2025-04-12,Cabai Rawit,DKI Jakarta,67400.0
2025-04-13,Cabai Rawit,DKI Jakarta,63400.0
2025-04-14,Cabai Rawit,DKI Jakarta,63700.0
2025-04-15,Cabai Rawit,DKI Jakarta,64800.0
2025-04-16,Cabai Rawit,DKI Jakarta,58800.0
2025-04-17,Cabai Rawit,DKI Jakarta,60800.0
2025-04-18,Cabai Rawit,DKI Jakarta,69500.0
2025-04-19,Cabai Rawit,DKI Jakarta,69500.0
2025-04-20,Cabai Rawit,DKI Jakarta,63600.0
2025-04-21,Cabai Rawit,DKI Jakarta,66900.0
2025-04-22,Cabai Rawit,DKI Jakarta,66400.0
2025-04-23,Cabai Rawit,DKI Jakarta,76000.0
2025-04-24,Cabai Rawit,DKI Jakarta,69200.0
2025-04-25,Cabai Rawit,DKI Jakarta,64700.0
2025-04-26,Cabai Rawit,DKI Jakarta,62200.0
2025-04-27,Cabai Rawit,DKI Jakarta,59600.0
2025-04-28,Cabai Rawit,DKI Jakarta,65000.0
2025-04-29,Cabai Rawit,DKI Jakarta,61800.0
2025-04-30,Cabai Rawit,DKI Jakarta,60300.0
2025-05-01,Cabai Rawit,DKI Jakarta,62100.0
2025-05-02,Cabai Rawit,DKI Jakarta,61300.0
2025-05-03,Cabai Rawit,DKI Jakarta,69200.0
2025-05-04,Cabai Rawit,DKI Jakarta,66900.0
2025-05-05,Cabai Rawit,DKI Jakarta,65200.0
2025-05-06,Cabai Rawit,DKI Jakarta,71200.0
2025-05-07,Cabai Rawit,DKI Jakarta,67700.0
2025-05-08,Cabai Rawit,DKI Jakarta,64900.0
2025-05-09,Cabai Rawit,DKI Jakarta,72100.0
2025-05-10,Cabai Rawit,DKI Jakarta,68800.0
2025-05-11,Cabai Rawit,DKI Jakarta,64400.0
2025-05-12,Cabai Rawit,DKI Jakarta,67200.0
2025-05-13,Cabai Rawit,DKI Jakarta,65200.0
2025-05-14,Cabai Rawit,DKI Jakarta,63700.0
2025-05-15,Cabai Rawit,DKI Jakarta,70400.0
2025-05-16,Cabai Rawit,DKI Jakarta,72600.0
2025-05-17,Cabai Rawit,DKI Jakarta,62300.0
2025-05-18,Cabai Rawit,DKI Jakarta,68800.0
2025-05-19,Cabai Rawit,DKI Jakarta,65500.0
2025-05-20,Cabai Rawit,DKI Jakarta,67100.0
2025-05-21,Cabai Rawit,DKI Jakarta,66300.0
2025-05-22,Cabai Rawit,DKI Jakarta,65000.0
2025-05-23,Cabai Rawit,DKI Jakarta,66900.0
2025-05-24,Cabai Rawit,DKI Jakarta,63600.0
2025-05-25,Cabai Rawit,DKI Jakarta,67700.0
2025-05-26,Cabai Rawit,DKI Jakarta,67700.0
2025-05-27,Cabai Rawit,DKI Jakarta,68900.0
2025-05-28,Cabai Rawit,DKI Jakarta,67700.0
2025-05-29,Cabai Rawit,DKI Jakarta,68500.0
2025-05-30,Cabai Rawit,DKI Jakarta,73400.0
2025-05-31,Cabai Rawit,DKI Jakarta,73200.0
2025-06-01,Cabai Rawit,DKI Jakarta,69600.0
2025-06-02,Cabai Rawit,DKI Jakarta,74000.0
2025-06-03,Cabai Rawit,DKI Jakarta,76700.0
2025-06-04,Cabai Rawit,DKI Jakarta,69800.0
2025-06-05,Cabai Rawit,DKI Jakarta,77200.0
2025-06-06,Cabai Rawit,DKI Jakarta,74200.0
2025-06-07,Cabai Rawit,DKI Jakarta,69400.0
2025-06-08,Cabai Rawit,DKI Jakarta,65200.0
2025-06-09,Cabai Rawit,DKI Jakarta,62000.0
2025-06-10,Cabai Rawit,DKI Jakarta,63000.0
2025-06-11,Cabai Rawit,DKI Jakarta,67500.0
2025-06-12,Cabai Rawit,DKI Jakarta,67800.0
2025-06-13,Cabai Rawit,DKI Jakarta,63600.0
2025-06-14,Cabai Rawit,DKI Jakarta,67600.0
2025-06-15,Cabai Rawit,DKI Jakarta,60100.0
2025-06-16,Cabai Rawit,DKI Jakarta,65600.0
2025-06-17,Cabai Rawit,DKI Jakarta,62300.0
2025-06-18,Cabai Rawit,DKI Jakarta,63600.0
2025-06-19,Cabai Rawit,DKI Jakarta,64100.0
2025-06-20,Cabai Rawit,DKI Jakarta,60700.0
2025-06-21,Cabai Rawit,DKI Jakarta,62500.0
2025-06-22,Cabai Rawit,DKI Jakarta,67400.0
2025-06-23,Cabai Rawit,DKI Jakarta,62800.0
2025-06-24,Cabai Rawit,DKI Jakarta,67300.0
2025-06-25,Cabai Rawit,DKI Jakarta,61600.0
2025-06-26,Cabai Rawit,DKI Jakarta,65800.0
2025-06-27,Cabai Rawit,DKI Jakarta,68000.0
2025-06-28,Cabai Rawit,DKI Jakarta,56200.0
2025-06-29,Cabai Rawit,DKI Jakarta,61700.0
2025-06-30,Cabai Rawit,DKI Jakarta,66200.0
2025-07-01,Cabai Rawit,DKI Jakarta,64200.0
2025-07-02,Cabai Rawit,DKI Jakarta,65600.0
2025-07-03,Cabai Rawit,DKI Jakarta,61900.0
2025-07-04,Cabai Rawit,DKI Jakarta,63300.0
2025-07-05,Cabai Rawit,DKI Jakarta,62300.0
2025-07-06,Cabai Rawit,DKI Jakarta,66700.0
2025-07-07,Cabai Rawit,DKI Jakarta,64100.0
2025-07-08,Cabai Rawit,DKI Jakarta,65300.0
2025-07-09,Cabai Rawit,DKI Jakarta,63000.0
2025-07-10,Cabai Rawit,DKI Jakarta,62400.0
2025-07-11,Cabai Rawit,DKI Jakarta,61600.0
2025-07-12,Cabai Rawit,DKI Jakarta,62700.0
2025-07-13,Cabai Rawit,DKI Jakarta,60700.0
2025-07-14,Cabai Rawit,DKI Jakarta,63500.0
2025-07-15,Cabai Rawit,DKI Jakarta,69200.0
2025-07-16,Cabai Rawit,DKI Jakarta,65600.0
2025-07-17,Cabai Rawit,DKI Jakarta,61800.0
2025-07-18,Cabai Rawit,DKI Jakarta,65100.0
2025-07-19,Cabai Rawit,DKI Jakarta,59800.0
2025-07-20,Cabai Rawit,DKI Jakarta,55300.0
2025-07-21,Cabai Rawit,DKI Jakarta,58200.0
2025-07-22,Cabai Rawit,DKI Jakarta,56200.0
2025-07-23,Cabai Rawit,DKI Jakarta,60200.0
2025-07-24,Cabai Rawit,DKI Jakarta,61100.0
2025-07-25,Cabai Rawit,DKI Jakarta,65400.0
2025-07-26,Cabai Rawit,DKI Jakarta,60400.0
2025-07-27,Cabai Rawit,DKI Jakarta,59300.0
2025-07-28,Cabai Rawit,DKI Jakarta,62500.0
2025-07-29,Cabai Rawit,DKI Jakarta,53500.0
2025-07-30,Cabai Rawit,DKI Jakarta,60900.0
2025-07-31,Cabai Rawit,DKI Jakarta,62600.0
2025-08-01,Cabai Rawit,DKI Jakarta,55000.0
2025-08-02,Cabai Rawit,DKI Jakarta,62300.0
2025-08-03,Cabai Rawit,DKI Jakarta,60100.0
2025-08-04,Cabai Rawit,DKI Jakarta,58600.0
2025-08-05,Cabai Rawit,DKI Jakarta,62200.0
2025-08-06,Cabai Rawit,DKI Jakarta,66900.0
2025-08-07,Cabai Rawit,DKI Jakarta,60000.0
2025-08-08,Cabai Rawit,DKI Jakarta,59700.0
2025-08-09,Cabai Rawit,DKI Jakarta,56800.0
2025-08-10,Cabai Rawit,DKI Jakarta,54600.0
2025-08-11,Cabai Rawit,DKI Jakarta,60100.0
2025-08-12,Cabai Rawit,DKI Jakarta,55900.0
2025-08-13,Cabai Rawit,DKI Jakarta,57700.0
2025-08-14,Cabai Rawit,DKI Jakarta,55300.0
2025-08-15,Cabai Rawit,DKI Jakarta,57800.0
2025-08-16,Cabai Rawit,DKI Jakarta,57800.0
2025-08-17,Cabai Rawit,DKI Jakarta,59900.0
2025-08-18,Cabai Rawit,DKI Jakarta,55600.0
2025-08-19,Cabai Rawit,DKI Jakarta,56600.0
2025-08-20,Cabai Rawit,DKI Jakarta,55100.0
2025-08-21,Cabai Rawit,DKI Jakarta,56000.0
2025-08-22,Cabai Rawit,DKI Jakarta,57600.0
2025-08-23,Cabai Rawit,DKI Jakarta,58100.0
2025-08-24,Cabai Rawit,DKI Jakarta,53000.0
2025-08-25,Cabai Rawit,DKI Jakarta,58600.0
2025-08-26,Cabai Rawit,DKI Jakarta,61100.0
2025-08-27,Cabai Rawit,DKI Jakarta,58500.0
2025-08-28,Cabai Rawit,DKI Jakarta,62300.0
2025-08-29,Cabai Rawit,DKI Jakarta,53900.0
2025-08-30,Cabai Rawit,DKI Jakarta,51600.0
2025-08-31,Cabai Rawit,DKI Jakarta,50500.0
2025-09-01,Cabai Rawit,DKI Jakarta,60300.0
2025-09-02,Cabai Rawit,DKI Jakarta,58200.0
2025-09-03,Cabai Rawit,DKI Jakarta,57500.0
2025-09-04,Cabai Rawit,DKI Jakarta,58200.0
2025-09-05,Cabai Rawit,DKI Jakarta,53300.0
2025-09-06,Cabai Rawit,DKI Jakarta,63000.0
2025-09-07,Cabai Rawit,DKI Jakarta,56900.0
2025-09-08,Cabai Rawit,DKI Jakarta,57300.0
2025-09-09,Cabai Rawit,DKI Jakarta,59000.0
2025-09-10,Cabai Rawit,DKI Jakarta,58700.0
2025-09-11,Cabai Rawit,DKI Jakarta,57300.0
2025-09-12,Cabai Rawit,DKI Jakarta,54600.0
2025-09-13,Cabai Rawit,DKI Jakarta,58300.0
2025-09-14,Cabai Rawit,DKI Jakarta,62200.0
2025-09-15,Cabai Rawit,DKI Jakarta,61600.0
2025-09-16,Cabai Rawit,DKI Jakarta,62800.0
2025-09-17,Cabai Rawit,DKI Jakarta,57100.0
2025-09-18,Cabai Rawit,DKI Jakarta,55600.0
2025-09-19,Cabai Rawit,DKI Jakarta,57200.0
2025-09-20,Cabai Rawit,DKI Jakarta,57100.0
2025-09-21,Cabai Rawit,DKI Jakarta,60600.0
2025-09-22,Cabai Rawit,DKI Jakarta,52900.0
2025-09-23,Cabai Rawit,DKI Jakarta,62500.0
2025-09-24,Cabai Rawit,DKI Jakarta,57300.0
2025-09-25,Cabai Rawit,DKI Jakarta,56300.0
2025-09-26,Cabai Rawit,DKI Jakarta,54900.0
2025-09-27,Cabai Rawit,DKI Jakarta,52400.0
2025-09-28,Cabai Rawit,DKI Jakarta,59500.0
2025-09-29,Cabai Rawit,DKI Jakarta,58400.0
2025-09-30,Cabai Rawit,DKI Jakarta,54800.0
2025-10-01,Cabai Rawit,DKI Jakarta,55100.0
2025-10-02,Cabai Rawit,DKI Jakarta,57100.0
2025-10-03,Cabai Rawit,DKI Jakarta,62500.0
2025-10-04,Cabai Rawit,DKI Jakarta,56600.0
2025-10-05,Cabai Rawit,DKI Jakarta,53500.0
2025-10-06,Cabai Rawit,DKI Jakarta,58000.0
2025-10-07,Cabai Rawit,DKI Jakarta,59300.0
2025-10-08,Cabai Rawit,DKI Jakarta,52600.0
2025-10-09,Cabai Rawit,DKI Jakarta,60100.0
2025-10-10,Cabai Rawit,DKI Jakarta,59100.0
2025-10-11,Cabai Rawit,DKI Jakarta,61300.0
2025-10-12,Cabai Rawit,DKI Jakarta,64900.0
2025-10-13,Cabai Rawit,DKI Jakarta,63200.0
2025-10-14,Cabai Rawit,DKI Jakarta,59700.0
2025-10-15,Cabai Rawit,DKI Jakarta,57800.0
2025-10-16,Cabai Rawit,DKI Jakarta,67800.0
2025-10-17,Cabai Rawit,DKI Jakarta,60400.0
2025-10-18,Cabai Rawit,DKI Jakarta,60500.0
2025-10-19,Cabai Rawit,DKI Jakarta,60400.0
2025-10-20,Cabai Rawit,DKI Jakarta,60700.0
2025-10-21,Cabai Rawit,DKI Jakarta,59900.0
2025-10-22,Cabai Rawit,DKI Jakarta,59300.0
2025-10-23,Cabai Rawit,DKI Jakarta,59100.0
2025-10-24,Cabai Rawit,DKI Jakarta,59700.0
2025-10-25,Cabai Rawit,DKI Jakarta,57700.0
2025-10-26,Cabai Rawit,DKI Jakarta,57600.0
2025-10-27,Cabai Rawit,DKI Jakarta,60700.0
2025-10-28,Cabai Rawit,DKI Jakarta,60000.0
2025-10-29,Cabai Rawit,DKI Jakarta,65100.0
2025-10-30,Cabai Rawit,DKI Jakarta,52500.0
2025-10-31,Cabai Rawit,DKI Jakarta,62500.0
2025-11-01,Cabai Rawit,DKI Jakarta,63300.0
2025-11-02,Cabai Rawit,DKI Jakarta,53700.0
2025-11-03,Cabai Rawit,DKI Jakarta,59600.0
2025-11-04,Cabai Rawit,DKI Jakarta,60600.0
2025-11-05,Cabai Rawit,DKI Jakarta,58100.0
2025-11-06,Cabai Rawit,DKI Jakarta,59500.0
2025-11-07,Cabai Rawit,DKI Jakarta,58100.0
2025-11-08,Cabai Rawit,DKI Jakarta,66100.0
2025-11-09,Cabai Rawit,DKI Jakarta,63500.0
2025-11-10,Cabai Rawit,DKI Jakarta,65200.0
2025-11-11,Cabai Rawit,DKI Jakarta,63600.0
2025-11-12,Cabai Rawit,DKI Jakarta,58700.0
2025-11-13,Cabai Rawit,DKI Jakarta,60000.0
2025-11-14,Cabai Rawit,DKI Jakarta,62600.0
2025-11-15,Cabai Rawit,DKI Jakarta,57400.0
2025-11-16,Cabai Rawit,DKI Jakarta,63100.0
2025-11-17,Cabai Rawit,DKI Jakarta,61000.0
2025-11-18,Cabai Rawit,DKI Jakarta,60900.0
2025-11-19,Cabai Rawit,DKI Jakarta,64600.0
2025-11-20,Cabai Rawit,DKI Jakarta,63000.0
2025-11-21,Cabai Rawit,DKI Jakarta,60100.0
2025-11-22,Cabai Rawit,DKI Jakarta,65000.0
2025-11-23,Cabai Rawit,DKI Jakarta,58200.0
2025-11-24,Cabai Rawit,DKI Jakarta,63500.0
2025-11-25,Cabai Rawit,DKI Jakarta,64100.0
2025-11-26,Cabai Rawit,DKI Jakarta,61600.0
2025-11-27,Cabai Rawit,DKI Jakarta,63400.0
2025-11-28,Cabai Rawit,DKI Jakarta,58400.0
2025-11-29,Cabai Rawit,DKI Jakarta,64700.0
2025-11-30,Cabai Rawit,DKI Jakarta,62100.0
2025-12-01,Cabai Rawit,DKI Jakarta,61700.0
2025-12-02,Cabai Rawit,DKI Jakarta,66900.0
2025-12-03,Cabai Rawit,DKI Jakarta,62000.0
2025-12-04,Cabai Rawit,DKI Jakarta,60400.0
2025-12-05,Cabai Rawit,DKI Jakarta,59400.0
2025-12-06,Cabai Rawit,DKI Jakarta,65100.0
2025-12-07,Cabai Rawit,DKI Jakarta,60100.0
2025-12-08,Cabai Rawit,DKI Jakarta,69600.0
2025-12-09,Cabai Rawit,DKI Jakarta,57700.0
2025-12-10,Cabai Rawit,DKI Jakarta,69700.0
2025-12-11,Cabai Rawit,DKI Jakarta,64600.0
2025-12-12,Cabai Rawit,DKI Jakarta,63100.0
2025-12-13,Cabai Rawit,DKI Jakarta,61600.0
2025-12-14,Cabai Rawit,DKI Jakarta,64700.0
2025-12-15,Cabai Rawit,DKI Jakarta,64200.0
2025-12-16,Cabai Rawit,DKI Jakarta,68000.0
2025-12-17,Cabai Rawit,DKI Jakarta,65400.0
2025-12-18,Cabai Rawit,DKI Jakarta,65100.0
2025-12-19,Cabai Rawit,DKI Jakarta,63300.0
2025-12-20,Cabai Rawit,DKI Jakarta,64100.0
2025-12-21,Cabai Rawit,DKI Jakarta,65000.0
2025-12-22,Cabai Rawit,DKI Jakarta,59900.0
2025-12-23,Cabai Rawit,DKI Jakarta,61300.0
2025-12-24,Cabai Rawit,DKI Jakarta,68200.0
2025-12-25,Cabai Rawit,DKI Jakarta,66200.0
2025-12-26,Cabai Rawit,DKI Jakarta,65400.0
2025-12-27,Cabai Rawit,DKI Jakarta,65600.0
2025-12-28,Cabai Rawit,DKI Jakarta,66600.0
2025-12-29,Cabai Rawit,DKI Jakarta,64400.0
2025-12-30,Cabai Rawit,DKI Jakarta,64100.0
2025-12-31,Cabai Rawit,DKI Jakarta,67600.0
2026-01-01,Cabai Rawit,DKI Jakarta,63000.0
2026-01-02,Cabai Rawit,DKI Jakarta,66300.0
2026-01-03,Cabai Rawit,DKI Jakarta,59100.0
2026-01-04,Cabai Rawit,DKI Jakarta,68000.0
2026-01-05,Cabai Rawit,DKI Jakarta,67600.0
2026-01-06,Cabai Rawit,DKI Jakarta,67400.0
2026-01-07,Cabai Rawit,DKI Jakarta,69800.0
2026-01-08,Cabai Rawit,DKI Jakarta,71600.0
2026-01-09,Cabai Rawit,DKI Jakarta,69500.0
2026-01-10,Cabai Rawit,DKI Jakarta,60000.0
2026-01-11,Cabai Rawit,DKI Jakarta,62000.0
2026-01-12,Cabai Rawit,DKI Jakarta,64900.0
2026-01-13,Cabai Rawit,DKI Jakarta,67700.0
2026-01-14,Cabai Rawit,DKI Jakarta,69500.0
2026-01-15,Cabai Rawit,DKI Jakarta,65700.0
2026-01-16,Cabai Rawit,DKI Jakarta,66900.0
2026-01-17,Cabai Rawit,DKI Jakarta,63900.0
2026-01-18,Cabai Rawit,DKI Jakarta,64200.0
2026-01-19,Cabai Rawit,DKI Jakarta,61600.0
2026-01-20,Cabai Rawit,DKI Jakarta,63800.0
2026-01-21,Cabai Rawit,DKI Jakarta,63200.0
2026-01-22,Cabai Rawit,DKI Jakarta,64000.0
2026-01-23,Cabai Rawit,DKI Jakarta,70200.0
2026-01-24,Cabai Rawit,DKI Jakarta,64300.0
2026-01-25,Cabai Rawit,DKI Jakarta,76100.0
2026-01-26,Cabai Rawit,DKI Jakarta,70700.0
2026-01-27,Cabai Rawit,DKI Jakarta,70600.0
2026-01-28,Cabai Rawit,DKI Jakarta,67500.0
2026-01-29,Cabai Rawit,DKI Jakarta,71400.0
2026-01-30,Cabai Rawit,DKI Jakarta,66800.0
2026-01-31,Cabai Rawit,DKI Jakarta,68200.0
2026-02-01,Cabai Rawit,DKI Jakarta,76900.0
2026-02-02,Cabai Rawit,DKI Jakarta,69100.0
2026-02-03,Cabai Rawit,DKI Jakarta,73700.0
2026-02-04,Cabai Rawit,DKI Jakarta,68200.0
2026-02-05,Cabai Rawit,DKI Jakarta,70000.0
2026-02-06,Cabai Rawit,DKI Jakarta,75800.0
2026-02-07,Cabai Rawit,DKI Jakarta,67700.0
2026-02-08,Cabai Rawit,DKI Jakarta,75500.0
2026-02-09,Cabai Rawit,DKI Jakarta,72400.0
2026-02-10,Cabai Rawit,DKI Jakarta,68300.0
2026-02-11,Cabai Rawit,DKI Jakarta,72100.0
2026-02-12,Cabai Rawit,DKI Jakarta,72800.0
2026-02-13,Cabai Rawit,DKI Jakarta,70900.0
2026-02-14,Cabai Rawit,DKI Jakarta,63300.0
2026-02-15,Cabai Rawit,DKI Jakarta,65500.0
2026-02-16,Cabai Rawit,DKI Jakarta,67500.0
2026-02-17,Cabai Rawit,DKI Jakarta,68000.0
2026-02-18,Cabai Rawit,DKI Jakarta,70700.0
2026-02-19,Cabai Rawit,DKI Jakarta,69000.0
2026-02-20,Cabai Rawit,DKI Jakarta,63000.0
2026-02-21,Cabai Rawit,DKI Jakarta,67900.0
2026-02-22,Cabai Rawit,DKI Jakarta,68500.0
2026-02-23,Cabai Rawit,DKI Jakarta,69000.0
2026-02-24,Cabai Rawit,DKI Jakarta,71800.0
2026-02-25,Cabai Rawit,DKI Jakarta,70400.0
2026-02-26,Cabai Rawit,DKI Jakarta,68800.0
2026-02-27,Cabai Rawit,DKI Jakarta,66500.0
2026-02-28,Cabai Rawit,DKI Jakarta,61400.0
2026-03-01,Cabai Rawit,DKI Jakarta,68200.0
2026-03-02,Cabai Rawit,DKI Jakarta,67800.0
2026-03-03,Cabai Rawit,DKI Jakarta,68400.0
2026-03-04,Cabai Rawit,DKI Jakarta,63100.0
2026-03-05,Cabai Rawit,DKI Jakarta,63900.0
2026-03-06,Cabai Rawit,DKI Jakarta,70200.0
2026-03-07,Cabai Rawit,DKI Jakarta,67800.0
2026-03-08,Cabai Rawit,DKI Jakarta,70800.0
2026-03-09,Cabai Rawit,DKI Jakarta,69600.0
2026-03-10,Cabai Rawit,DKI Jakarta,70200.0
2026-03-11,Cabai Rawit,DKI Jakarta,73200.0
2026-03-12,Cabai Rawit,DKI Jakarta,68000.0
2026-03-13,Cabai Rawit,DKI Jakarta,70200.0
2026-03-14,Cabai Rawit,DKI Jakarta,68900.0
2026-03-15,Cabai Rawit,DKI Jakarta,69100.0
2026-03-16,Cabai Rawit,DKI Jakarta,71100.0
2026-03-17,Cabai Rawit,DKI Jakarta,73800.0
2026-03-18,Cabai Rawit,DKI Jakarta,72400.0
2026-03-19,Cabai Rawit,DKI Jakarta,79000.0
2026-03-20,Cabai Rawit,DKI Jakarta,72400.0
2026-03-21,Cabai Rawit,DKI Jakarta,65000.0
2026-03-22,Cabai Rawit,DKI Jakarta,63900.0
2026-03-23,Cabai Rawit,DKI Jakarta,69600.0
2026-03-24,Cabai Rawit,DKI Jakarta,65700.0
2026-03-25,Cabai Rawit,DKI Jakarta,68500.0
2026-03-26,Cabai Rawit,DKI Jakarta,59500.0
2026-03-27,Cabai Rawit,DKI Jakarta,64600.0
2026-03-28,Cabai Rawit,DKI Jakarta,66200.0
2026-03-29,Cabai Rawit,DKI Jakarta,63600.0
2026-03-30,Cabai Rawit,DKI Jakarta,67000.0
2026-03-31,Cabai Rawit,DKI Jakarta,62400.0
2026-04-01,Cabai Rawit,DKI Jakarta,69000.0
2026-04-02,Cabai Rawit,DKI Jakarta,71000.0
2026-04-03,Cabai Rawit,DKI Jakarta,62400.0
2026-04-04,Cabai Rawit,DKI Jakarta,61800.0
2026-04-05,Cabai Rawit,DKI Jakarta,68000.0
2026-04-06,Cabai Rawit,DKI Jakarta,69200.0
2026-04-07,Cabai Rawit,DKI Jakarta,63000.0
2026-04-08,Cabai Rawit,DKI Jakarta,63800.0
2026-04-09,Cabai Rawit,DKI Jakarta,64000.0
2026-04-10,Cabai Rawit,DKI Jakarta,59700.0
2026-04-11,Cabai Rawit,DKI Jakarta,60900.0
2026-04-12,Cabai Rawit,DKI Jakarta,60200.0
2026-04-13,Cabai Rawit,DKI Jakarta,61500.0
2026-04-14,Cabai Rawit,DKI Jakarta,64300.0
2026-04-15,Cabai Rawit,DKI Jakarta,65200.0
2026-04-16,Cabai Rawit,DKI Jakarta,69000.0
2026-04-17,Cabai Rawit,DKI Jakarta,59400.0
2026-04-18,Cabai Rawit,DKI Jakarta,65100.0
2026-04-19,Cabai Rawit,DKI Jakarta,61400.0
2026-04-20,Cabai Rawit,DKI Jakarta,62400.0
2026-04-21,Cabai Rawit,DKI Jakarta,64800.0
2026-04-22,Cabai Rawit,DKI Jakarta,59600.0
2026-04-23,Cabai Rawit,DKI Jakarta,63700.0
2026-04-24,Cabai Rawit,DKI Jakarta,62800.0
2026-04-25,Cabai Rawit,DKI Jakarta,63700.0
2026-04-26,Cabai Rawit,DKI Jakarta,62800.0
2026-04-27,Cabai Rawit,DKI Jakarta,71000.0
2026-04-28,Cabai Rawit,DKI Jakarta,61000.0
2026-04-29,Cabai Rawit,DKI Jakarta,61800.0
2026-04-30,Cabai Rawit,DKI Jakarta,61600.0
2026-05-01,Cabai Rawit,DKI Jakarta,60900.0
2026-05-02,Cabai Rawit,DKI Jakarta,60900.0
2026-05-03,Cabai Rawit,DKI Jakarta,66600.0
2026-05-04,Cabai Rawit,DKI Jakarta,68000.0
2026-05-05,Cabai Rawit,DKI Jakarta,62100.0
2026-05-06,Cabai Rawit,DKI Jakarta,61300.0
2026-05-07,Cabai Rawit,DKI Jakarta,65500.0
2026-05-08,Cabai Rawit,DKI Jakarta,61900.0
2026-05-09,Cabai Rawit,DKI Jakarta,64500.0
2026-05-10,Cabai Rawit,DKI Jakarta,63800.0
2026-05-11,Cabai Rawit,DKI Jakarta,58000.0
2026-05-12,Cabai Rawit,DKI Jakarta,68800.0
2026-05-13,Cabai Rawit,DKI Jakarta,70100.0
2026-05-14,Cabai Rawit,DKI Jakarta,61500.0
2026-05-15,Cabai Rawit,DKI Jakarta,61400.0
2026-05-16,Cabai Rawit,DKI Jakarta,62700.0
2026-05-17,Cabai Rawit,DKI Jakarta,62800.0
2026-05-18,Cabai Rawit,DKI Jakarta,64200.0
2026-05-19,Cabai Rawit,DKI Jakarta,69300.0
2026-05-20,Cabai Rawit,DKI Jakarta,62900.0
2026-05-21,Cabai Rawit,DKI Jakarta,61100.0
2026-05-22,Cabai Rawit,DKI Jakarta,58400.0
2026-05-23,Cabai Rawit,DKI Jakarta,60000.0
2026-05-24,Cabai Rawit,DKI Jakarta,61600.0
2026-05-25,Cabai Rawit,DKI Jakarta,67400.0
2026-05-26,Cabai Rawit,DKI Jakarta,60900.0
2026-05-27,Cabai Rawit,DKI Jakarta,64000.0
2026-05-28,Cabai Rawit,DKI Jakarta,62300.0
2026-05-29,Cabai Rawit,DKI Jakarta,65300.0
2026-05-30,Cabai Rawit,DKI Jakarta,69100.0
2026-05-31,Cabai Rawit,DKI Jakarta,59600.0
2026-06-01,Cabai Rawit,DKI Jakarta,59800.0
2026-06-02,Cabai Rawit,DKI Jakarta,65300.0
2026-06-03,Cabai Rawit,DKI Jakarta,64000.0
2026-06-04,Cabai Rawit,DKI Jakarta,67300.0
2026-06-05,Cabai Rawit,DKI Jakarta,62900.0
2026-06-06,Cabai Rawit,DKI Jakarta,59500.0
2026-06-07,Cabai Rawit,DKI Jakarta,62300.0
2026-06-08,Cabai Rawit,DKI Jakarta,64400.0
2026-06-09,Cabai Rawit,DKI Jakarta,63800.0
2026-06-10,Cabai Rawit,DKI Jakarta,62700.0
2026-06-11,Cabai Rawit,DKI Jakarta,64000.0
2026-06-12,Cabai Rawit,DKI Jakarta,64300.0
2026-06-13,Cabai Rawit,DKI Jakarta,64800.0
2026-06-14,Cabai Rawit,DKI Jakarta,62500.0
2026-06-15,Cabai Rawit,DKI Jakarta,60600.0
2026-06-16,Cabai Rawit,DKI Jakarta,61900.0
2026-06-17,Cabai Rawit,DKI Jakarta,65800.0
2026-06-18,Cabai Rawit,DKI Jakarta,59100.0
2026-06-19,Cabai Rawit,DKI Jakarta,62200.0
2026-06-20,Cabai Rawit,DKI Jakarta,59600.0
2026-06-21,Cabai Rawit,DKI Jakarta,60300.0
2026-06-22,Cabai Rawit,DKI Jakarta,64100.0
2026-06-23,Cabai Rawit,DKI Jakarta,60600.0
2026-06-24,Cabai Rawit,DKI Jakarta,60300.0
2026-06-25,Cabai Rawit,DKI Jakarta,56200.0
2026-06-26,Cabai Rawit,DKI Jakarta,63100.0
2026-06-27,Cabai Rawit,DKI Jakarta,62700.0
2026-06-28,Cabai Rawit,DKI Jakarta,67600.0
2026-06-29,Cabai Rawit,DKI Jakarta,59600.0
2026-06-30,Cabai Rawit,DKI Jakarta,61400.0
2026-07-01,Cabai Rawit,DKI Jakarta,61200.0
2026-07-02,Cabai Rawit,DKI Jakarta,64700.0
2026-07-03,Cabai Rawit,DKI Jakarta,58900.0
2026-07-04,Cabai Rawit,DKI Jakarta,59400.0
2026-07-05,Cabai Rawit,DKI Jakarta,59700.0
2026-07-06,Cabai Rawit,DKI Jakarta,59100.0
2026-07-07,Cabai Rawit,DKI Jakarta,57000.0
2026-07-08,Cabai Rawit,DKI Jakarta,59200.0
2026-07-09,Cabai Rawit,DKI Jakarta,62400.0
2026-07-10,Cabai Rawit,DKI Jakarta,54900.0
2026-07-11,Cabai Rawit,DKI Jakarta,57100.0
2026-07-12,Cabai Rawit,DKI Jakarta,54400.0
2026-07-13,Cabai Rawit,DKI Jakarta,61100.0
2026-07-14,Cabai Rawit,DKI Jakarta,53900.0
2026-07-15,Cabai Rawit,DKI Jakarta,56400.0
2026-07-16,Cabai Rawit,DKI Jakarta,59100.0
2026-07-17,Cabai Rawit,DKI Jakarta,62000.0
2026-07-18,Cabai Rawit,DKI Jakarta,56600.0
2026-07-19,Cabai Rawit,DKI Jakarta,56200.0
2026-07-20,Cabai Rawit,DKI Jakarta,63400.0
2026-07-21,Cabai Rawit,DKI Jakarta,53700.0
2026-07-22,Cabai Rawit,DKI Jakarta,51600.0
2026-07-23,Cabai Rawit,DKI Jakarta,59800.0
2026-07-24,Cabai Rawit,DKI Jakarta,56400.0
2026-07-25,Cabai Rawit,DKI Jakarta,54600.0
2026-07-26,Cabai Rawit,DKI Jakarta,59700.0
2026-07-27,Cabai Rawit,DKI Jakarta,58800.0
2026-07-28,Cabai Rawit,DKI Jakarta,56500.0
2026-07-29,Cabai Rawit,DKI Jakarta,54600.0
2026-07-30,Cabai Rawit,DKI Jakarta,60700.0
2026-07-31,Cabai Rawit,DKI Jakarta,59600.0
2026-08-01,Cabai Rawit,DKI Jakarta,56900.0
2026-08-02,Cabai Rawit,DKI Jakarta,63300.0
2026-08-03,Cabai Rawit,DKI Jakarta,54900.0
2026-08-04,Cabai Rawit,DKI Jakarta,53100.0
2026-08-05,Cabai Rawit,DKI Jakarta,56200.0
2026-08-06,Cabai Rawit,DKI Jakarta,57400.0
2026-08-07,Cabai Rawit,DKI Jakarta,57500.0
2026-08-08,Cabai Rawit,DKI Jakarta,55400.0
2026-08-09,Cabai Rawit,DKI Jakarta,57800.0
2026-08-10,Cabai Rawit,DKI Jakarta,52500.0
2026-08-11,Cabai Rawit,DKI Jakarta,62300.0
2026-08-12,Cabai Rawit,DKI Jakarta,58200.0
2026-08-13,Cabai Rawit,DKI Jakarta,61500.0
2026-08-14,Cabai Rawit,DKI Jakarta,58600.0
2026-08-15,Cabai Rawit,DKI Jakarta,58600.0
2026-08-16,Cabai Rawit,DKI Jakarta,59200.0
2026-08-17,Cabai Rawit,DKI Jakarta,59500.0
2026-08-18,Cabai Rawit,DKI Jakarta,60800.0
2026-08-19,Cabai Rawit,DKI Jakarta,62900.0
2026-08-20,Cabai Rawit,DKI Jakarta,59000.0
2026-08-21,Cabai Rawit,DKI Jakarta,59900.0
2026-08-22,Cabai Rawit,DKI Jakarta,57100.0
2026-08-23,Cabai Rawit,DKI Jakarta,62200.0
2026-08-24,Cabai Rawit,DKI Jakarta,56500.0
2026-08-25,Cabai Rawit,DKI Jakarta,63200.0
2026-08-26,Cabai Rawit,DKI Jakarta,58000.0
2026-08-27,Cabai Rawit,DKI Jakarta,53500.0
2026-08-28,Cabai Rawit,DKI Jakarta,57600.0
2026-08-29,Cabai Rawit,DKI Jakarta,54700.0
2026-08-30,Cabai Rawit,DKI Jakarta,59700.0
2026-08-31,Cabai Rawit,DKI Jakarta,56100.0
2026-09-01,Cabai Rawit,DKI Jakarta,56800.0
2026-09-02,Cabai Rawit,DKI Jakarta,52700.0
2026-09-03,Cabai Rawit,DKI Jakarta,56200.0
2026-09-04,Cabai Rawit,DKI Jakarta,49300.0
2026-09-05,Cabai Rawit,DKI Jakarta,51300.0
2026-09-06,Cabai Rawit,DKI Jakarta,58600.0
2026-09-07,Cabai Rawit,DKI Jakarta,59400.0
2026-09-08,Cabai Rawit,DKI Jakarta,59000.0
2026-09-09,Cabai Rawit,DKI Jakarta,55200.0
2026-09-10,Cabai Rawit,DKI Jakarta,57800.0
2026-09-11,Cabai Rawit,DKI Jakarta,57100.0
2026-09-12,Cabai Rawit,DKI Jakarta,53500.0
2026-09-13,Cabai Rawit,DKI Jakarta,61800.0
2026-09-14,Cabai Rawit,DKI Jakarta,60700.0
2026-09-15,Cabai Rawit,DKI Jakarta,58300.0
2026-09-16,Cabai Rawit,DKI Jakarta,59400.0
2026-09-17,Cabai Rawit,DKI Jakarta,59700.0
2026-09-18,Cabai Rawit,DKI Jakarta,52900.0
2026-09-19,Cabai Rawit,DKI Jakarta,57900.0
2026-09-20,Cabai Rawit,DKI Jakarta,56300.0
2026-09-21,Cabai Rawit,DKI Jakarta,55700.0
2026-09-22,Cabai Rawit,DKI Jakarta,58000.0
2026-09-23,Cabai Rawit,DKI Jakarta,64000.0
2026-09-24,Cabai Rawit,DKI Jakarta,60200.0
2026-09-25,Cabai Rawit,DKI Jakarta,55700.0
2026-09-26,Cabai Rawit,DKI Jakarta,58600.0
2026-09-27,Cabai Rawit,DKI Jakarta,60400.0
2026-09-28,Cabai Rawit,DKI Jakarta,59500.0
2026-09-29,Cabai Rawit,DKI Jakarta,57400.0
2026-09-30,Cabai Rawit,DKI Jakarta,55100.0
2024-01-01,Cabai Rawit,Jawa Barat,55200.0
2024-01-02,Cabai Rawit,Jawa Barat,55900.0
2024-01-03,Cabai Rawit,Jawa Barat,48700.0
2024-01-04,Cabai Rawit,Jawa Barat,51300.0
2024-01-05,Cabai Rawit,Jawa Barat,50300.0
2024-01-06,Cabai Rawit,Jawa Barat,48500.0
2024-01-07,Cabai Rawit,Jawa Barat,53500.0
2024-01-08,Cabai Rawit,Jawa Barat,51300.0
2024-01-09,Cabai Rawit,Jawa Barat,52000.0
2024-01-10,Cabai Rawit,Jawa Barat,47000.0
2024-01-11,Cabai Rawit,Jawa Barat,54100.0
2024-01-12,Cabai Rawit,Jawa Barat,48900.0
2024-01-13,Cabai Rawit,Jawa Barat,51600.0
2024-01-14,Cabai Rawit,Jawa Barat,52200.0
2024-01-15,Cabai Rawit,Jawa Barat,55800.0
2024-01-16,Cabai Rawit,Jawa Barat,48900.0
2024-01-17,Cabai Rawit,Jawa Barat,43900.0
2024-01-18,Cabai Rawit,Jawa Barat,52900.0
2024-01-19,Cabai Rawit,Jawa Barat,56100.0
2024-01-20,Cabai Rawit,Jawa Barat,54100.0
2024-01-21,Cabai Rawit,Jawa Barat,51500.0
2024-01-22,Cabai Rawit,Jawa Barat,49600.0
2024-01-23,Cabai Rawit,Jawa Barat,53800.0
2024-01-24,Cabai Rawit,Jawa Barat,48900.0
2024-01-25,Cabai Rawit,Jawa Barat,52800.0
2024-01-26,Cabai Rawit,Jawa Barat,52500.0
2024-01-27,Cabai Rawit,Jawa Barat,53500.0
2024-01-28,Cabai Rawit,Jawa Barat,58400.0
2024-01-29,Cabai Rawit,Jawa Barat,52400.0
2024-01-30,Cabai Rawit,Jawa Barat,50300.0
2024-01-31,Cabai Rawit,Jawa Barat,51600.0
2024-02-01,Cabai Rawit,Jawa Barat,46400.0
2024-02-02,Cabai Rawit,Jawa Barat,49400.0
2024-02-03,Cabai Rawit,Jawa Barat,49200.0
2024-02-04,Cabai Rawit,Jawa Barat,49500.0
2024-02-05,Cabai Rawit,Jawa Barat,51800.0
2024-02-06,Cabai Rawit,Jawa Barat,49500.0
2024-02-07,Cabai Rawit,Jawa Barat,55800.0
2024-02-08,Cabai Rawit,Jawa Barat,51800.0
2024-02-09,Cabai Rawit,Jawa Barat,51100.0
2024-02-10,Cabai Rawit,Jawa Barat,49800.0
2024-02-11,Cabai Rawit,Jawa Barat,51100.0
2024-02-12,Cabai Rawit,Jawa Barat,54100.0
2024-02-13,Cabai Rawit,Jawa Barat,49300.0
2024-02-14,Cabai Rawit,Jawa Barat,49800.0
2024-02-15,Cabai Rawit,Jawa Barat,50700.0
2024-02-16,Cabai Rawit,Jawa Barat,46800.0
2024-02-17,Cabai Rawit,Jawa Barat,48000.0
2024-02-18,Cabai Rawit,Jawa Barat,49200.0
2024-02-19,Cabai Rawit,Jawa Barat,53500.0
2024-02-20,Cabai Rawit,Jawa Barat,52100.0
2024-02-21,Cabai Rawit,Jawa Barat,51800.0
2024-02-22,Cabai Rawit,Jawa Barat,52900.0
2024-02-23,Cabai Rawit,Jawa Barat,49800.0
2024-02-24,Cabai Rawit,Jawa Barat,51700.0
2024-02-25,Cabai Rawit,Jawa Barat,50500.0
2024-02-26,Cabai Rawit,Jawa Barat,52100.0
2024-02-27,Cabai Rawit,Jawa Barat,50300.0
2024-02-28,Cabai Rawit,Jawa Barat,44400.0
2024-02-29,Cabai Rawit,Jawa Barat,51700.0
2024-03-01,Cabai Rawit,Jawa Barat,55900.0
2024-03-02,Cabai Rawit,Jawa Barat,54800.0
2024-03-03,Cabai Rawit,Jawa Barat,54800.0
2024-03-04,Cabai Rawit,Jawa Barat,56700.0
2024-03-05,Cabai Rawit,Jawa Barat,54100.0
2024-03-06,Cabai Rawit,Jawa Barat,54800.0
2024-03-07,Cabai Rawit,Jawa Barat,52200.0
2024-03-08,Cabai Rawit,Jawa Barat,52600.0
2024-03-09,Cabai Rawit,Jawa Barat,55500.0
2024-03-10,Cabai Rawit,Jawa Barat,57400.0
2024-03-11,Cabai Rawit,Jawa Barat,53200.0
2024-03-12,Cabai Rawit,Jawa Barat,52300.0
2024-03-13,Cabai Rawit,Jawa Barat,53700.0
2024-03-14,Cabai Rawit,Jawa Barat,55300.0
2024-03-15,Cabai Rawit,Jawa Barat,48800.0
2024-03-16,Cabai Rawit,Jawa Barat,46600.0
2024-03-17,Cabai Rawit,Jawa Barat,51000.0
2024-03-18,Cabai Rawit,Jawa Barat,49500.0
2024-03-19,Cabai Rawit,Jawa Barat,51300.0
2024-03-20,Cabai Rawit,Jawa Barat,52800.0
2024-03-21,Cabai Rawit,Jawa Barat,51600.0
2024-03-22,Cabai Rawit,Jawa Barat,57000.0
2024-03-23,Cabai Rawit,Jawa Barat,53100.0
2024-03-24,Cabai Rawit,Jawa Barat,53600.0
2024-03-25,Cabai Rawit,Jawa Barat,55400.0
2024-03-26,Cabai Rawit,Jawa Barat,50800.0
2024-03-27,Cabai Rawit,Jawa Barat,57400.0
2024-03-28,Cabai Rawit,Jawa Barat,54700.0
2024-03-29,Cabai Rawit,Jawa Barat,56700.0
2024-03-30,Cabai Rawit,Jawa Barat,52300.0
2024-03-31,Cabai Rawit,Jawa Barat,52200.0
2024-04-01,Cabai Rawit,Jawa Barat,60700.0
2024-04-02,Cabai Rawit,Jawa Barat,60200.0
2024-04-03,Cabai Rawit,Jawa Barat,57200.0
2024-04-04,Cabai Rawit,Jawa Barat,57100.0
2024-04-05,Cabai Rawit,Jawa Barat,63400.0
2024-04-06,Cabai Rawit,Jawa Barat,57000.0
2024-04-07,Cabai Rawit,Jawa Barat,65300.0
2024-04-08,Cabai Rawit,Jawa Barat,58400.0
2024-04-09,Cabai Rawit,Jawa Barat,64000.0
2024-04-10,Cabai Rawit,Jawa Barat,61700.0
2024-04-11,Cabai Rawit,Jawa Barat,55200.0
2024-04-12,Cabai Rawit,Jawa Barat,51500.0
2024-04-13,Cabai Rawit,Jawa Barat,52400.0
2024-04-14,Cabai Rawit,Jawa Barat,53100.0
2024-04-15,Cabai Rawit,Jawa Barat,50100.0
2024-04-16,Cabai Rawit,Jawa Barat,56100.0
2024-04-17,Cabai Rawit,Jawa Barat,53100.0
2024-04-18,Cabai Rawit,Jawa Barat,53500.0
2024-04-19,Cabai Rawit,Jawa Barat,50500.0
2024-04-20,Cabai Rawit,Jawa Barat,45900.0
2024-04-21,Cabai Rawit,Jawa Barat,52800.0
2024-04-22,Cabai Rawit,Jawa Barat,60800.0
2024-04-23,Cabai Rawit,Jawa Barat,56800.0
2024-04-24,Cabai Rawit,Jawa Barat,53700.0
2024-04-25,Cabai Rawit,Jawa Barat,53200.0
2024-04-26,Cabai Rawit,Jawa Barat,53600.0
2024-04-27,Cabai Rawit,Jawa Barat,54700.0
2024-04-28,Cabai Rawit,Jawa Barat,49700.0
2024-04-29,Cabai Rawit,Jawa Barat,56800.0
2024-04-30,Cabai Rawit,Jawa Barat,55400.0
2024-05-01,Cabai Rawit,Jawa Barat,56100.0
2024-05-02,Cabai Rawit,Jawa Barat,55000.0
2024-05-03,Cabai Rawit,Jawa Barat,53400.0
2024-05-04,Cabai Rawit,Jawa Barat,55400.0
2024-05-05,Cabai Rawit,Jawa Barat,54900.0
2024-05-06,Cabai Rawit,Jawa Barat,52700.0
2024-05-07,Cabai Rawit,Jawa Barat,52300.0
2024-05-08,Cabai Rawit,Jawa Barat,54800.0
2024-05-09,Cabai Rawit,Jawa Barat,57900.0
2024-05-10,Cabai Rawit,Jawa Barat,49200.0
2024-05-11,Cabai Rawit,Jawa Barat,48000.0
2024-05-12,Cabai Rawit,Jawa Barat,53000.0
2024-05-13,Cabai Rawit,Jawa Barat,53300.0
2024-05-14,Cabai Rawit,Jawa Barat,53700.0
2024-05-15,Cabai Rawit,Jawa Barat,53800.0
2024-05-16,Cabai Rawit,Jawa Barat,52000.0
2024-05-17,Cabai Rawit,Jawa Barat,56200.0
2024-05-18,Cabai Rawit,Jawa Barat,47300.0
2024-05-19,Cabai Rawit,Jawa Barat,49400.0
2024-05-20,Cabai Rawit,Jawa Barat,50800.0
2024-05-21,Cabai Rawit,Jawa Barat,46500.0
2024-05-22,Cabai Rawit,Jawa Barat,50500.0
2024-05-23,Cabai Rawit,Jawa Barat,54900.0
2024-05-24,Cabai Rawit,Jawa Barat,49200.0
2024-05-25,Cabai Rawit,Jawa Barat,49600.0
2024-05-26,Cabai Rawit,Jawa Barat,45800.0
2024-05-27,Cabai Rawit,Jawa Barat,48200.0
2024-05-28,Cabai Rawit,Jawa Barat,49000.0
2024-05-29,Cabai Rawit,Jawa Barat,49400.0
2024-05-30,Cabai Rawit,Jawa Barat,53600.0
2024-05-31,Cabai Rawit,Jawa Barat,50800.0
2024-06-01,Cabai Rawit,Jawa Barat,45200.0
2024-06-02,Cabai Rawit,Jawa Barat,48500.0
2024-06-03,Cabai Rawit,Jawa Barat,49500.0
2024-06-04,Cabai Rawit,Jawa Barat,52400.0
2024-06-05,Cabai Rawit,Jawa Barat,54300.0
2024-06-06,Cabai Rawit,Jawa Barat,46900.0
2024-06-07,Cabai Rawit,Jawa Barat,47200.0
2024-06-08,Cabai Rawit,Jawa Barat,46500.0
2024-06-09,Cabai Rawit,Jawa Barat,49600.0
2024-06-10,Cabai Rawit,Jawa Barat,52900.0
2024-06-11,Cabai Rawit,Jawa Barat,55000.0
2024-06-12,Cabai Rawit,Jawa Barat,52200.0
2024-06-13,Cabai Rawit,Jawa Barat,51300.0
2024-06-14,Cabai Rawit,Jawa Barat,52500.0
2024-06-15,Cabai Rawit,Jawa Barat,50400.0
2024-06-16,Cabai Rawit,Jawa Barat,59500.0
2024-06-17,Cabai Rawit,Jawa Barat,50300.0
2024-06-18,Cabai Rawit,Jawa Barat,47800.0
2024-06-19,Cabai Rawit,Jawa Barat,52800.0
2024-06-20,Cabai Rawit,Jawa Barat,46500.0
2024-06-21,Cabai Rawit,Jawa Barat,45200.0
2024-06-22,Cabai Rawit,Jawa Barat,45000.0
2024-06-23,Cabai Rawit,Jawa Barat,45100.0
2024-06-24,Cabai Rawit,Jawa Barat,50200.0
2024-06-25,Cabai Rawit,Jawa Barat,40600.0
2024-06-26,Cabai Rawit,Jawa Barat,52200.0
2024-06-27,Cabai Rawit,Jawa Barat,43200.0
2024-06-28,Cabai Rawit,Jawa Barat,46400.0
2024-06-29,Cabai Rawit,Jawa Barat,46500.0
2024-06-30,Cabai Rawit,Jawa Barat,49200.0
2024-07-01,Cabai Rawit,Jawa Barat,42800.0
2024-07-02,Cabai Rawit,Jawa Barat,48200.0
2024-07-03,Cabai Rawit,Jawa Barat,53100.0
2024-07-04,Cabai Rawit,Jawa Barat,42400.0
2024-07-05,Cabai Rawit,Jawa Barat,46200.0
2024-07-06,Cabai Rawit,Jawa Barat,43700.0
2024-07-07,Cabai Rawit,Jawa Barat,46900.0
2024-07-08,Cabai Rawit,Jawa Barat,46300.0
2024-07-09,Cabai Rawit,Jawa Barat,44800.0
2024-07-10,Cabai Rawit,Jawa Barat,48600.0
2024-07-11,Cabai Rawit,Jawa Barat,51600.0
2024-07-12,Cabai Rawit,Jawa Barat,45300.0
2024-07-13,Cabai Rawit,Jawa Barat,47300.0
2024-07-14,Cabai Rawit,Jawa Barat,42000.0
2024-07-15,Cabai Rawit,Jawa Barat,43600.0
2024-07-16,Cabai Rawit,Jawa Barat,48200.0
2024-07-17,Cabai Rawit,Jawa Barat,51600.0
2024-07-18,Cabai Rawit,Jawa Barat,47600.0
2024-07-19,Cabai Rawit,Jawa Barat,45900.0
2024-07-20,Cabai Rawit,Jawa Barat,47100.0
2024-07-21,Cabai Rawit,Jawa Barat,44000.0
2024-07-22,Cabai Rawit,Jawa Barat,50100.0
2024-07-23,Cabai Rawit,Jawa Barat,50700.0
2024-07-24,Cabai Rawit,Jawa Barat,46800.0
2024-07-25,Cabai Rawit,Jawa Barat,46200.0
2024-07-26,Cabai Rawit,Jawa Barat,48100.0
2024-07-27,Cabai Rawit,Jawa Barat,45400.0
2024-07-28,Cabai Rawit,Jawa Barat,46800.0
2024-07-29,Cabai Rawit,Jawa Barat,53700.0
2024-07-30,Cabai Rawit,Jawa Barat,47800.0
2024-07-31,Cabai Rawit,Jawa Barat,47600.0
2024-08-01,Cabai Rawit,Jawa Barat,46200.0
2024-08-02,Cabai Rawit,Jawa Barat,49300.0
2024-08-03,Cabai Rawit,Jawa Barat,46900.0
2024-08-04,Cabai Rawit,Jawa Barat,46000.0
2024-08-05,Cabai Rawit,Jawa Barat,51800.0
2024-08-06,Cabai Rawit,Jawa Barat,52300.0
2024-08-07,Cabai Rawit,Jawa Barat,45900.0
2024-08-08,Cabai Rawit,Jawa Barat,41800.0
2024-08-09,Cabai Rawit,Jawa Barat,50000.0
2024-08-10,Cabai Rawit,Jawa Barat,44600.0
2024-08-11,Cabai Rawit,Jawa Barat,48800.0
2024-08-12,Cabai Rawit,Jawa Barat,41900.0
2024-08-13,Cabai Rawit,Jawa Barat,49700.0
2024-08-14,Cabai Rawit,Jawa Barat,44000.0
2024-08-15,Cabai Rawit,Jawa Barat,49400.0
2024-08-16,Cabai Rawit,Jawa Barat,47000.0
2024-08-17,Cabai Rawit,Jawa Barat,45200.0
2024-08-18,Cabai Rawit,Jawa Barat,46100.0
2024-08-19,Cabai Rawit,Jawa Barat,49900.0
2024-08-20,Cabai Rawit,Jawa Barat,48600.0
2024-08-21,Cabai Rawit,Jawa Barat,50300.0
2024-08-22,Cabai Rawit,Jawa Barat,54000.0
2024-08-23,Cabai Rawit,Jawa Barat,43600.0
2024-08-24,Cabai Rawit,Jawa Barat,52000.0
2024-08-25,Cabai Rawit,Jawa Barat,47300.0
2024-08-26,Cabai Rawit,Jawa Barat,45200.0
2024-08-27,Cabai Rawit,Jawa Barat,44400.0
2024-08-28,Cabai Rawit,Jawa Barat,47900.0
2024-08-29,Cabai Rawit,Jawa Barat,51100.0
2024-08-30,Cabai Rawit,Jawa Barat,47900.0
2024-08-31,Cabai Rawit,Jawa Barat,52100.0
2024-09-01,Cabai Rawit,Jawa Barat,43800.0
2024-09-02,Cabai Rawit,Jawa Barat,47800.0
2024-09-03,Cabai Rawit,Jawa Barat,45200.0
2024-09-04,Cabai Rawit,Jawa Barat,50300.0
2024-09-05,Cabai Rawit,Jawa Barat,51400.0
2024-09-06,Cabai Rawit,Jawa Barat,47400.0
2024-09-07,Cabai Rawit,Jawa Barat,40900.0
2024-09-08,Cabai Rawit,Jawa Barat,49000.0
2024-09-09,Cabai Rawit,Jawa Barat,50300.0
2024-09-10,Cabai Rawit,Jawa Barat,51300.0
2024-09-11,Cabai Rawit,Jawa Barat,53300.0
2024-09-12,Cabai Rawit,Jawa Barat,46600.0
2024-09-13,Cabai Rawit,Jawa Barat,51000.0
2024-09-14,Cabai Rawit,Jawa Barat,52300.0
2024-09-15,Cabai Rawit,Jawa Barat,44300.0
2024-09-16,Cabai Rawit,Jawa Barat,50100.0
2024-09-17,Cabai Rawit,Jawa Barat,48500.0
2024-09-18,Cabai Rawit,Jawa Barat,50100.0
2024-09-19,Cabai Rawit,Jawa Barat,50600.0
2024-09-20,Cabai Rawit,Jawa Barat,48400.0
2024-09-21,Cabai Rawit,Jawa Barat,48100.0
2024-09-22,Cabai Rawit,Jawa Barat,50200.0
2024-09-23,Cabai Rawit,Jawa Barat,47500.0
2024-09-24,Cabai Rawit,Jawa Barat,48100.0
2024-09-25,Cabai Rawit,Jawa Barat,52700.0
2024-09-26,Cabai Rawit,Jawa Barat,47500.0
2024-09-27,Cabai Rawit,Jawa Barat,51200.0
2024-09-28,Cabai Rawit,Jawa Barat,50700.0
2024-09-29,Cabai Rawit,Jawa Barat,44400.0
2024-09-30,Cabai Rawit,Jawa Barat,48100.0
2024-10-01,Cabai Rawit,Jawa Barat,53500.0
2024-10-02,Cabai Rawit,Jawa Barat,47600.0
2024-10-03,Cabai Rawit,Jawa Barat,48500.0
2024-10-04,Cabai Rawit,Jawa Barat,50500.0
2024-10-05,Cabai Rawit,Jawa Barat,51600.0
2024-10-06,Cabai Rawit,Jawa Barat,48100.0
2024-10-07,Cabai Rawit,Jawa Barat,48000.0
2024-10-08,Cabai Rawit,Jawa Barat,54000.0
2024-10-09,Cabai Rawit,Jawa Barat,54600.0
2024-10-10,Cabai Rawit,Jawa Barat,51900.0
2024-10-11,Cabai Rawit,Jawa Barat,49600.0
2024-10-12,Cabai Rawit,Jawa Barat,46600.0
2024-10-13,Cabai Rawit,Jawa Barat,46200.0
2024-10-14,Cabai Rawit,Jawa Barat,50700.0
2024-10-15,Cabai Rawit,Jawa Barat,51000.0
2024-10-16,Cabai Rawit,Jawa Barat,53500.0
2024-10-17,Cabai Rawit,Jawa Barat,51200.0
2024-10-18,Cabai Rawit,Jawa Barat,44600.0
2024-10-19,Cabai Rawit,Jawa Barat,51700.0
2024-10-20,Cabai Rawit,Jawa Barat,46600.0
2024-10-21,Cabai Rawit,Jawa Barat,48900.0
2024-10-22,Cabai Rawit,Jawa Barat,51200.0
2024-10-23,Cabai Rawit,Jawa Barat,56800.0
2024-10-24,Cabai Rawit,Jawa Barat,59600.0
2024-10-25,Cabai Rawit,Jawa Barat,51800.0
2024-10-26,Cabai Rawit,Jawa Barat,49600.0
2024-10-27,Cabai Rawit,Jawa Barat,52500.0
2024-10-28,Cabai Rawit,Jawa Barat,53500.0
2024-10-29,Cabai Rawit,Jawa Barat,50500.0
2024-10-30,Cabai Rawit,Jawa Barat,56600.0
2024-10-31,Cabai Rawit,Jawa Barat,52000.0
2024-11-01,Cabai Rawit,Jawa Barat,52000.0
2024-11-02,Cabai Rawit,Jawa Barat,52600.0
2024-11-03,Cabai Rawit,Jawa Barat,52900.0
2024-11-04,Cabai Rawit,Jawa Barat,54600.0
2024-11-05,Cabai Rawit,Jawa Barat,50700.0
2024-11-06,Cabai Rawit,Jawa Barat,50400.0
2024-11-07,Cabai Rawit,Jawa Barat,48800.0
2024-11-08,Cabai Rawit,Jawa Barat,53000.0
2024-11-09,Cabai Rawit,Jawa Barat,53900.0
2024-11-10,Cabai Rawit,Jawa Barat,53200.0
2024-11-11,Cabai Rawit,Jawa Barat,56800.0
2024-11-12,Cabai Rawit,Jawa Barat,52200.0
2024-11-13,Cabai Rawit,Jawa Barat,54500.0
2024-11-14,Cabai Rawit,Jawa Barat,49700.0
2024-11-15,Cabai Rawit,Jawa Barat,50700.0
2024-11-16,Cabai Rawit,Jawa Barat,54000.0
2024-11-17,Cabai Rawit,Jawa Barat,54800.0
2024-11-18,Cabai Rawit,Jawa Barat,52600.0
2024-11-19,Cabai Rawit,Jawa Barat,53200.0
2024-11-20,Cabai Rawit,Jawa Barat,48800.0
2024-11-21,Cabai Rawit,Jawa Barat,51800.0
2024-11-22,Cabai Rawit,Jawa Barat,55000.0
2024-11-23,Cabai Rawit,Jawa Barat,54500.0
2024-11-24,Cabai Rawit,Jawa Barat,54800.0
2024-11-25,Cabai Rawit,Jawa Barat,53900.0
2024-11-26,Cabai Rawit,Jawa Barat,53900.0
2024-11-27,Cabai Rawit,Jawa Barat,52600.0
2024-11-28,Cabai Rawit,Jawa Barat,55800.0
2024-11-29,Cabai Rawit,Jawa Barat,55200.0
2024-11-30,Cabai Rawit,Jawa Barat,55100.0
2024-12-01,Cabai Rawit,Jawa Barat,53000.0
2024-12-02,Cabai Rawit,Jawa Barat,49100.0
2024-12-03,Cabai Rawit,Jawa Barat,58700.0
2024-12-04,Cabai Rawit,Jawa Barat,54200.0
2024-12-05,Cabai Rawit,Jawa Barat,52800.0
2024-12-06,Cabai Rawit,Jawa Barat,56900.0
2024-12-07,Cabai Rawit,Jawa Barat,53700.0
2024-12-08,Cabai Rawit,Jawa Barat,57700.0
2024-12-09,Cabai Rawit,Jawa Barat,56900.0
2024-12-10,Cabai Rawit,Jawa Barat,57600.0
2024-12-11,Cabai Rawit,Jawa Barat,51100.0
2024-12-12,Cabai Rawit,Jawa Barat,58400.0
2024-12-13,Cabai Rawit,Jawa Barat,54900.0
2024-12-14,Cabai Rawit,Jawa Barat,52400.0
2024-12-15,Cabai Rawit,Jawa Barat,53400.0
2024-12-16,Cabai Rawit,Jawa Barat,47800.0
2024-12-17,Cabai Rawit,Jawa Barat,53900.0
2024-12-18,Cabai Rawit,Jawa Barat,49700.0
2024-12-19,Cabai Rawit,Jawa Barat,49300.0
2024-12-20,Cabai Rawit,Jawa Barat,48200.0
2024-12-21,Cabai Rawit,Jawa Barat,55500.0
2024-12-22,Cabai Rawit,Jawa Barat,50900.0
2024-12-23,Cabai Rawit,Jawa Barat,57600.0
2024-12-24,Cabai Rawit,Jawa Barat,52100.0
2024-12-25,Cabai Rawit,Jawa Barat,48400.0
2024-12-26,Cabai Rawit,Jawa Barat,50500.0
2024-12-27,Cabai Rawit,Jawa Barat,57500.0
2024-12-28,Cabai Rawit,Jawa Barat,52700.0
2024-12-29,Cabai Rawit,Jawa Barat,51300.0
2024-12-30,Cabai Rawit,Jawa Barat,53700.0
2024-12-31,Cabai Rawit,Jawa Barat,54800.0
2025-01-01,Cabai Rawit,Jawa Barat,57000.0
2025-01-02,Cabai Rawit,Jawa Barat,57400.0
2025-01-03,Cabai Rawit,Jawa Barat,52600.0
2025-01-04,Cabai Rawit,Jawa Barat,50100.0
2025-01-05,Cabai Rawit,Jawa Barat,52900.0
2025-01-06,Cabai Rawit,Jawa Barat,55800.0
2025-01-07,Cabai Rawit,Jawa Barat,53100.0
2025-01-08,Cabai Rawit,Jawa Barat,53100.0
2025-01-09,Cabai Rawit,Jawa Barat,56300.0
2025-01-10,Cabai Rawit,Jawa Barat,54800.0
2025-01-11,Cabai Rawit,Jawa Barat,55100.0
2025-01-12,Cabai Rawit,Jawa Barat,53000.0
2025-01-13,Cabai Rawit,Jawa Barat,54400.0
2025-01-14,Cabai Rawit,Jawa Barat,52600.0
2025-01-15,Cabai Rawit,Jawa Barat,58100.0
2025-01-16,Cabai Rawit,Jawa Barat,58200.0
2025-01-17,Cabai Rawit,Jawa Barat,50100.0
2025-01-18,Cabai Rawit,Jawa Barat,52000.0
2025-01-19,Cabai Rawit,Jawa Barat,50700.0
2025-01-20,Cabai Rawit,Jawa Barat,54300.0
2025-01-21,Cabai Rawit,Jawa Barat,57300.0
2025-01-22,Cabai Rawit,Jawa Barat,53300.0
2025-01-23,Cabai Rawit,Jawa Barat,54800.0
2025-01-24,Cabai Rawit,Jawa Barat,54300.0
2025-01-25,Cabai Rawit,Jawa Barat,57700.0
2025-01-26,Cabai Rawit,Jawa Barat,57400.0
2025-01-27,Cabai Rawit,Jawa Barat,55800.0
2025-01-28,Cabai Rawit,Jawa Barat,58000.0
2025-01-29,Cabai Rawit,Jawa Barat,56200.0
2025-01-30,Cabai Rawit,Jawa Barat,56900.0
2025-01-31,Cabai Rawit,Jawa Barat,62100.0
2025-02-01,Cabai Rawit,Jawa Barat,61600.0
2025-02-02,Cabai Rawit,Jawa Barat,53800.0
2025-02-03,Cabai Rawit,Jawa Barat,60400.0
2025-02-04,Cabai Rawit,Jawa Barat,61700.0
2025-02-05,Cabai Rawit,Jawa Barat,55600.0
2025-02-06,Cabai Rawit,Jawa Barat,61000.0
2025-02-07,Cabai Rawit,Jawa Barat,62600.0
2025-02-08,Cabai Rawit,Jawa Barat,54800.0
2025-02-09,Cabai Rawit,Jawa Barat,55700.0
2025-02-10,Cabai Rawit,Jawa Barat,61400.0
2025-02-11,Cabai Rawit,Jawa Barat,59500.0
2025-02-12,Cabai Rawit,Jawa Barat,60300.0
2025-02-13,Cabai Rawit,Jawa Barat,59300.0
2025-02-14,Cabai Rawit,Jawa Barat,59200.0
2025-02-15,Cabai Rawit,Jawa Barat,54000.0
2025-02-16,Cabai Rawit,Jawa Barat,60500.0
2025-02-17,Cabai Rawit,Jawa Barat,61800.0
2025-02-18,Cabai Rawit,Jawa Barat,58200.0
2025-02-19,Cabai Rawit,Jawa Barat,59500.0
2025-02-20,Cabai Rawit,Jawa Barat,54900.0
2025-02-21,Cabai Rawit,Jawa Barat,61000.0
2025-02-22,Cabai Rawit,Jawa Barat,61100.0
2025-02-23,Cabai Rawit,Jawa Barat,59900.0
2025-02-24,Cabai Rawit,Jawa Barat,64200.0
2025-02-25,Cabai Rawit,Jawa Barat,60300.0
2025-02-26,Cabai Rawit,Jawa Barat,64100.0
2025-02-27,Cabai Rawit,Jawa Barat,59400.0
2025-02-28,Cabai Rawit,Jawa Barat,62100.0
2025-03-01,Cabai Rawit,Jawa Barat,60900.0
2025-03-02,Cabai Rawit,Jawa Barat,61700.0
2025-03-03,Cabai Rawit,Jawa Barat,60500.0
2025-03-04,Cabai Rawit,Jawa Barat,61800.0
2025-03-05,Cabai Rawit,Jawa Barat,64700.0
2025-03-06,Cabai Rawit,Jawa Barat,60600.0
2025-03-07,Cabai Rawit,Jawa Barat,57200.0
2025-03-08,Cabai Rawit,Jawa Barat,67300.0
2025-03-09,Cabai Rawit,Jawa Barat,65900.0
2025-03-10,Cabai Rawit,Jawa Barat,58300.0
2025-03-11,Cabai Rawit,Jawa Barat,64500.0
2025-03-12,Cabai Rawit,Jawa Barat,60800.0
2025-03-13,Cabai Rawit,Jawa Barat,62700.0
2025-03-14,Cabai Rawit,Jawa Barat,62100.0
2025-03-15,Cabai Rawit,Jawa Barat,59700.0
2025-03-16,Cabai Rawit,Jawa Barat,58100.0
2025-03-17,Cabai Rawit,Jawa Barat,58700.0
2025-03-18,Cabai Rawit,Jawa Barat,57900.0
2025-03-19,Cabai Rawit,Jawa Barat,59800.0
2025-03-20,Cabai Rawit,Jawa Barat,62900.0
2025-03-21,Cabai Rawit,Jawa Barat,60800.0
2025-03-22,Cabai Rawit,Jawa Barat,65400.0
2025-03-23,Cabai Rawit,Jawa Barat,68100.0
2025-03-24,Cabai Rawit,Jawa Barat,63700.0
2025-03-25,Cabai Rawit,Jawa Barat,68100.0
2025-03-26,Cabai Rawit,Jawa Barat,69800.0
2025-03-27,Cabai Rawit,Jawa Barat,70400.0
2025-03-28,Cabai Rawit,Jawa Barat,69300.0
2025-03-29,Cabai Rawit,Jawa Barat,71000.0
2025-03-30,Cabai Rawit,Jawa Barat,70800.0
2025-03-31,Cabai Rawit,Jawa Barat,66800.0
2025-04-01,Cabai Rawit,Jawa Barat,64900.0
2025-04-02,Cabai Rawit,Jawa Barat,65000.0
2025-04-03,Cabai Rawit,Jawa Barat,59600.0
2025-04-04,Cabai Rawit,Jawa Barat,61400.0
2025-04-05,Cabai Rawit,Jawa Barat,63100.0
2025-04-06,Cabai Rawit,Jawa Barat,60100.0
2025-04-07,Cabai Rawit,Jawa Barat,64200.0
2025-04-08,Cabai Rawit,Jawa Barat,68200.0
2025-04-09,Cabai Rawit,Jawa Barat,59000.0
2025-04-10,Cabai Rawit,Jawa Barat,56000.0
2025-04-11,Cabai Rawit,Jawa Barat,61100.0
2025-04-12,Cabai Rawit,Jawa Barat,62600.0
2025-04-13,Cabai Rawit,Jawa Barat,59700.0
2025-04-14,Cabai Rawit,Jawa Barat,64300.0
2025-04-15,Cabai Rawit,Jawa Barat,56100.0
2025-04-16,Cabai Rawit,Jawa Barat,62400.0
2025-04-17,Cabai Rawit,Jawa Barat,57700.0
2025-04-18,Cabai Rawit,Jawa Barat,64000.0
2025-04-19,Cabai Rawit,Jawa Barat,65100.0
2025-04-20,Cabai Rawit,Jawa Barat,57200.0
2025-04-21,Cabai Rawit,Jawa Barat,57900.0
2025-04-22,Cabai Rawit,Jawa Barat,62000.0
2025-04-23,Cabai Rawit,Jawa Barat,58200.0
2025-04-24,Cabai Rawit,Jawa Barat,58800.0
2025-04-25,Cabai Rawit,Jawa Barat,58700.0
2025-04-26,Cabai Rawit,Jawa Barat,52300.0
2025-04-27,Cabai Rawit,Jawa Barat,58400.0
2025-04-28,Cabai Rawit,Jawa Barat,57500.0
2025-04-29,Cabai Rawit,Jawa Barat,58900.0
2025-04-30,Cabai Rawit,Jawa Barat,65000.0
2025-05-01,Cabai Rawit,Jawa Barat,56300.0
2025-05-02,Cabai Rawit,Jawa Barat,61900.0
2025-05-03,Cabai Rawit,Jawa Barat,58700.0
2025-05-04,Cabai Rawit,Jawa Barat,58600.0
2025-05-05,Cabai Rawit,Jawa Barat,62300.0
2025-05-06,Cabai Rawit,Jawa Barat,61400.0
2025-05-07,Cabai Rawit,Jawa Barat,62000.0
2025-05-08,Cabai Rawit,Jawa Barat,62300.0
2025-05-09,Cabai Rawit,Jawa Barat,58000.0
2025-05-10,Cabai Rawit,Jawa Barat,56800.0
2025-05-11,Cabai Rawit,Jawa Barat,55700.0
2025-05-12,Cabai Rawit,Jawa Barat,56700.0
2025-05-13,Cabai Rawit,Jawa Barat,69100.0
2025-05-14,Cabai Rawit,Jawa Barat,63600.0
2025-05-15,Cabai Rawit,Jawa Barat,56100.0
2025-05-16,Cabai Rawit,Jawa Barat,55000.0
2025-05-17,Cabai Rawit,Jawa Barat,60200.0
2025-05-18,Cabai Rawit,Jawa Barat,60700.0
2025-05-19,Cabai Rawit,Jawa Barat,60800.0
2025-05-20,Cabai Rawit,Jawa Barat,59000.0
2025-05-21,Cabai Rawit,Jawa Barat,60000.0
2025-05-22,Cabai Rawit,Jawa Barat,60200.0
2025-05-23,Cabai Rawit,Jawa Barat,59100.0
2025-05-24,Cabai Rawit,Jawa Barat,51500.0
2025-05-25,Cabai Rawit,Jawa Barat,57700.0
2025-05-26,Cabai Rawit,Jawa Barat,57600.0
2025-05-27,Cabai Rawit,Jawa Barat,61500.0
2025-05-28,Cabai Rawit,Jawa Barat,70200.0
2025-05-29,Cabai Rawit,Jawa Barat,62500.0
2025-05-30,Cabai Rawit,Jawa Barat,61300.0
2025-05-31,Cabai Rawit,Jawa Barat,64500.0
2025-06-01,Cabai Rawit,Jawa Barat,63400.0
2025-06-02,Cabai Rawit,Jawa Barat,64900.0
2025-06-03,Cabai Rawit,Jawa Barat,67300.0
2025-06-04,Cabai Rawit,Jawa Barat,72400.0
2025-06-05,Cabai Rawit,Jawa Barat,62500.0
2025-06-06,Cabai Rawit,Jawa Barat,68100.0
2025-06-07,Cabai Rawit,Jawa Barat,55800.0
2025-06-08,Cabai Rawit,Jawa Barat,60500.0
2025-06-09,Cabai Rawit,Jawa Barat,56300.0
2025-06-10,Cabai Rawit,Jawa Barat,58100.0
2025-06-11,Cabai Rawit,Jawa Barat,58500.0
2025-06-12,Cabai Rawit,Jawa Barat,62100.0
2025-06-13,Cabai Rawit,Jawa Barat,61900.0
2025-06-14,Cabai Rawit,Jawa Barat,55600.0
2025-06-15,Cabai Rawit,Jawa Barat,59000.0
2025-06-16,Cabai Rawit,Jawa Barat,57700.0
2025-06-17,Cabai Rawit,Jawa Barat,56600.0
2025-06-18,Cabai Rawit,Jawa Barat,60100.0
2025-06-19,Cabai Rawit,Jawa Barat,60100.0
2025-06-20,Cabai Rawit,Jawa Barat,67100.0
2025-06-21,Cabai Rawit,Jawa Barat,60900.0
2025-06-22,Cabai Rawit,Jawa Barat,55400.0
2025-06-23,Cabai Rawit,Jawa Barat,57600.0
2025-06-24,Cabai Rawit,Jawa Barat,62900.0
2025-06-25,Cabai Rawit,Jawa Barat,67100.0
2025-06-26,Cabai Rawit,Jawa Barat,55100.0
2025-06-27,Cabai Rawit,Jawa Barat,53800.0
2025-06-28,Cabai Rawit,Jawa Barat,64600.0
2025-06-29,Cabai Rawit,Jawa Barat,60400.0
2025-06-30,Cabai Rawit,Jawa Barat,57100.0
2025-07-01,Cabai Rawit,Jawa Barat,61200.0
2025-07-02,Cabai Rawit,Jawa Barat,52000.0
2025-07-03,Cabai Rawit,Jawa Barat,59100.0
2025-07-04,Cabai Rawit,Jawa Barat,58600.0
2025-07-05,Cabai Rawit,Jawa Barat,60500.0
2025-07-06,Cabai Rawit,Jawa Barat,55300.0
2025-07-07,Cabai Rawit,Jawa Barat,58900.0
2025-07-08,Cabai Rawit,Jawa Barat,56500.0
2025-07-09,Cabai Rawit,Jawa Barat,60500.0
2025-07-10,Cabai Rawit,Jawa Barat,56800.0
2025-07-11,Cabai Rawit,Jawa Barat,58100.0
2025-07-12,Cabai Rawit,Jawa Barat,55900.0
2025-07-13,Cabai Rawit,Jawa Barat,61200.0
2025-07-14,Cabai Rawit,Jawa Barat,62400.0
2025-07-15,Cabai Rawit,Jawa Barat,59700.0
2025-07-16,Cabai Rawit,Jawa Barat,60100.0
2025-07-17,Cabai Rawit,Jawa Barat,55500.0
2025-07-18,Cabai Rawit,Jawa Barat,58000.0
2025-07-19,Cabai Rawit,Jawa Barat,58100.0
2025-07-20,Cabai Rawit,Jawa Barat,65500.0
2025-07-21,Cabai Rawit,Jawa Barat,54800.0
2025-07-22,Cabai Rawit,Jawa Barat,63500.0
2025-07-23,Cabai Rawit,Jawa Barat,62800.0
2025-07-24,Cabai Rawit,Jawa Barat,61100.0
2025-07-25,Cabai Rawit,Jawa Barat,64300.0
2025-07-26,Cabai Rawit,Jawa Barat,60000.0
2025-07-27,Cabai Rawit,Jawa Barat,59600.0
2025-07-28,Cabai Rawit,Jawa Barat,58500.0
2025-07-29,Cabai Rawit,Jawa Barat,62300.0
2025-07-30,Cabai Rawit,Jawa Barat,62500.0
2025-07-31,Cabai Rawit,Jawa Barat,57000.0
2025-08-01,Cabai Rawit,Jawa Barat,54900.0
2025-08-02,Cabai Rawit,Jawa Barat,58000.0
2025-08-03,Cabai Rawit,Jawa Barat,57200.0
2025-08-04,Cabai Rawit,Jawa Barat,59200.0
2025-08-05,Cabai Rawit,Jawa Barat,63800.0
2025-08-06,Cabai Rawit,Jawa Barat,59500.0
2025-08-07,Cabai Rawit,Jawa Barat,60000.0
2025-08-08,Cabai Rawit,Jawa Barat,60100.0
2025-08-09,Cabai Rawit,Jawa Barat,62100.0
2025-08-10,Cabai Rawit,Jawa Barat,53400.0
2025-08-11,Cabai Rawit,Jawa Barat,58100.0
2025-08-12,Cabai Rawit,Jawa Barat,60600.0
2025-08-13,Cabai Rawit,Jawa Barat,64300.0
2025-08-14,Cabai Rawit,Jawa Barat,59100.0
2025-08-15,Cabai Rawit,Jawa Barat,55000.0
2025-08-16,Cabai Rawit,Jawa Barat,61300.0
2025-08-17,Cabai Rawit,Jawa Barat,57600.0
2025-08-18,Cabai Rawit,Jawa Barat,56900.0
2025-08-19,Cabai Rawit,Jawa Barat,58400.0
2025-08-20,Cabai Rawit,Jawa Barat,59600.0
2025-08-21,Cabai Rawit,Jawa Barat,58100.0
2025-08-22,Cabai Rawit,Jawa Barat,53100.0
2025-08-23,Cabai Rawit,Jawa Barat,61400.0
2025-08-24,Cabai Rawit,Jawa Barat,62700.0
2025-08-25,Cabai Rawit,Jawa Barat,61700.0
2025-08-26,Cabai Rawit,Jawa Barat,57300.0
2025-08-27,Cabai Rawit,Jawa Barat,59700.0
2025-08-28,Cabai Rawit,Jawa Barat,59800.0
2025-08-29,Cabai Rawit,Jawa Barat,61400.0
2025-08-30,Cabai Rawit,Jawa Barat,61600.0
2025-08-31,Cabai Rawit,Jawa Barat,57300.0
2025-09-01,Cabai Rawit,Jawa Barat,60200.0
2025-09-02,Cabai Rawit,Jawa Barat,60900.0
2025-09-03,Cabai Rawit,Jawa Barat,63900.0
2025-09-04,Cabai Rawit,Jawa Barat,62100.0
2025-09-05,Cabai Rawit,Jawa Barat,61500.0
2025-09-06,Cabai Rawit,Jawa Barat,58800.0
2025-09-07,Cabai Rawit,Jawa Barat,62900.0
2025-09-08,Cabai Rawit,Jawa Barat,60000.0
2025-09-09,Cabai Rawit,Jawa Barat,56700.0
2025-09-10,Cabai Rawit,Jawa Barat,63400.0
2025-09-11,Cabai Rawit,Jawa Barat,60800.0
2025-09-12,Cabai Rawit,Jawa Barat,57000.0
2025-09-13,Cabai Rawit,Jawa Barat,56900.0
2025-09-14,Cabai Rawit,Jawa Barat,59300.0
2025-09-15,Cabai Rawit,Jawa Barat,60300.0
2025-09-16,Cabai Rawit,Jawa Barat,59900.0
2025-09-17,Cabai Rawit,Jawa Barat,60500.0
2025-09-18,Cabai Rawit,Jawa Barat,64100.0
2025-09-19,Cabai Rawit,Jawa Barat,61900.0
2025-09-20,Cabai Rawit,Jawa Barat,59000.0
2025-09-21,Cabai Rawit,Jawa Barat,61100.0
2025-09-22,Cabai Rawit,Jawa Barat,55700.0
2025-09-23,Cabai Rawit,Jawa Barat,60200.0
2025-09-24,Cabai Rawit,Jawa Barat,64000.0
2025-09-25,Cabai Rawit,Jawa Barat,57500.0
2025-09-26,Cabai Rawit,Jawa Barat,55400.0
2025-09-27,Cabai Rawit,Jawa Barat,55700.0
2025-09-28,Cabai Rawit,Jawa Barat,54900.0
2025-09-29,Cabai Rawit,Jawa Barat,56000.0
2025-09-30,Cabai Rawit,Jawa Barat,57800.0
2025-10-01,Cabai Rawit,Jawa Barat,55200.0
2025-10-02,Cabai Rawit,Jawa Barat,59100.0
2025-10-03,Cabai Rawit,Jawa Barat,60700.0
2025-10-04,Cabai Rawit,Jawa Barat,55500.0
2025-10-05,Cabai Rawit,Jawa Barat,62500.0
2025-10-06,Cabai Rawit,Jawa Barat,60200.0
2025-10-07,Cabai Rawit,Jawa Barat,61300.0
2025-10-08,Cabai Rawit,Jawa Barat,56800.0
2025-10-09,Cabai Rawit,Jawa Barat,61600.0
2025-10-10,Cabai Rawit,Jawa Barat,55500.0
2025-10-11,Cabai Rawit,Jawa Barat,60400.0
2025-10-12,Cabai Rawit,Jawa Barat,58700.0
2025-10-13,Cabai Rawit,Jawa Barat,60400.0
2025-10-14,Cabai Rawit,Jawa Barat,56400.0
2025-10-15,Cabai Rawit,Jawa Barat,56900.0
2025-10-16,Cabai Rawit,Jawa Barat,61100.0
2025-10-17,Cabai Rawit,Jawa Barat,56500.0
2025-10-18,Cabai Rawit,Jawa Barat,60100.0
2025-10-19,Cabai Rawit,Jawa Barat,55300.0
2025-10-20,Cabai Rawit,Jawa Barat,62300.0
2025-10-21,Cabai Rawit,Jawa Barat,57300.0
2025-10-22,Cabai Rawit,Jawa Barat,62100.0
2025-10-23,Cabai Rawit,Jawa Barat,62300.0
2025-10-24,Cabai Rawit,Jawa Barat,58100.0
2025-10-25,Cabai Rawit,Jawa Barat,61400.0
2025-10-26,Cabai Rawit,Jawa Barat,60600.0
2025-10-27,Cabai Rawit,Jawa Barat,58900.0
2025-10-28,Cabai Rawit,Jawa Barat,58500.0
2025-10-29,Cabai Rawit,Jawa Barat,55900.0
2025-10-30,Cabai Rawit,Jawa Barat,61700.0
2025-10-31,Cabai Rawit,Jawa Barat,55700.0
2025-11-01,Cabai Rawit,Jawa Barat,60200.0
2025-11-02,Cabai Rawit,Jawa Barat,59800.0
2025-11-03,Cabai Rawit,Jawa Barat,63200.0
2025-11-04,Cabai Rawit,Jawa Barat,60600.0
2025-11-05,Cabai Rawit,Jawa Barat,61600.0
2025-11-06,Cabai Rawit,Jawa Barat,64500.0
2025-11-07,Cabai Rawit,Jawa Barat,63300.0
2025-11-08,Cabai Rawit,Jawa Barat,62900.0
2025-11-09,Cabai Rawit,Jawa Barat,63700.0
2025-11-10,Cabai Rawit,Jawa Barat,58900.0
2025-11-11,Cabai Rawit,Jawa Barat,66400.0
2025-11-12,Cabai Rawit,Jawa Barat,66600.0
2025-11-13,Cabai Rawit,Jawa Barat,62000.0
2025-11-14,Cabai Rawit,Jawa Barat,63600.0
2025-11-15,Cabai Rawit,Jawa Barat,63600.0
2025-11-16,Cabai Rawit,Jawa Barat,63700.0
2025-11-17,Cabai Rawit,Jawa Barat,65900.0
2025-11-18,Cabai Rawit,Jawa Barat,69500.0
2025-11-19,Cabai Rawit,Jawa Barat,69100.0
2025-11-20,Cabai Rawit,Jawa Barat,62500.0
2025-11-21,Cabai Rawit,Jawa Barat,67200.0
2025-11-22,Cabai Rawit,Jawa Barat,68600.0
2025-11-23,Cabai Rawit,Jawa Barat,66000.0
2025-11-24,Cabai Rawit,Jawa Barat,68800.0
2025-11-25,Cabai Rawit,Jawa Barat,71800.0
2025-11-26,Cabai Rawit,Jawa Barat,69700.0
2025-11-27,Cabai Rawit,Jawa Barat,67300.0
2025-11-28,Cabai Rawit,Jawa Barat,69100.0
2025-11-29,Cabai Rawit,Jawa Barat,65700.0
2025-11-30,Cabai Rawit,Jawa Barat,65000.0
2025-12-01,Cabai Rawit,Jawa Barat,64600.0
2025-12-02,Cabai Rawit,Jawa Barat,69900.0
2025-12-03,Cabai Rawit,Jawa Barat,63600.0
2025-12-04,Cabai Rawit,Jawa Barat,70100.0
2025-12-05,Cabai Rawit,Jawa Barat,67800.0
2025-12-06,Cabai Rawit,Jawa Barat,62900.0
2025-12-07,Cabai Rawit,Jawa Barat,68100.0
2025-12-08,Cabai Rawit,Jawa Barat,61500.0
2025-12-09,Cabai Rawit,Jawa Barat,70400.0
2025-12-10,Cabai Rawit,Jawa Barat,72100.0
2025-12-11,Cabai Rawit,Jawa Barat,66800.0
2025-12-12,Cabai Rawit,Jawa Barat,67700.0
2025-12-13,Cabai Rawit,Jawa Barat,72400.0
2025-12-14,Cabai Rawit,Jawa Barat,65700.0
2025-12-15,Cabai Rawit,Jawa Barat,64900.0
2025-12-16,Cabai Rawit,Jawa Barat,73400.0
2025-12-17,Cabai Rawit,Jawa Barat,74600.0
2025-12-18,Cabai Rawit,Jawa Barat,67600.0
2025-12-19,Cabai Rawit,Jawa Barat,70300.0
2025-12-20,Cabai Rawit,Jawa Barat,70700.0
2025-12-21,Cabai Rawit,Jawa Barat,64000.0
2025-12-22,Cabai Rawit,Jawa Barat,65400.0
2025-12-23,Cabai Rawit,Jawa Barat,71400.0
2025-12-24,Cabai Rawit,Jawa Barat,72900.0
2025-12-25,Cabai Rawit,Jawa Barat,69100.0
2025-12-26,Cabai Rawit,Jawa Barat,64300.0
2025-12-27,Cabai Rawit,Jawa Barat,72200.0
2025-12-28,Cabai Rawit,Jawa Barat,64500.0
2025-12-29,Cabai Rawit,Jawa Barat,65400.0
2025-12-30,Cabai Rawit,Jawa Barat,68200.0
2025-12-31,Cabai Rawit,Jawa Barat,72200.0
2026-01-01,Cabai Rawit,Jawa Barat,69800.0
2026-01-02,Cabai Rawit,Jawa Barat,67600.0
2026-01-03,Cabai Rawit,Jawa Barat,67400.0
2026-01-04,Cabai Rawit,Jawa Barat,65500.0
2026-01-05,Cabai Rawit,Jawa Barat,67700.0
2026-01-06,Cabai Rawit,Jawa Barat,59600.0
2026-01-07,Cabai Rawit,Jawa Barat,65900.0
2026-01-08,Cabai Rawit,Jawa Barat,67000.0
2026-01-09,Cabai Rawit,Jawa Barat,62500.0
2026-01-10,Cabai Rawit,Jawa Barat,67300.0
2026-01-11,Cabai Rawit,Jawa Barat,65500.0
2026-01-12,Cabai Rawit,Jawa Barat,71700.0
2026-01-13,Cabai Rawit,Jawa Barat,71000.0
2026-01-14,Cabai Rawit,Jawa Barat,65100.0
2026-01-15,Cabai Rawit,Jawa Barat,66600.0
2026-01-16,Cabai Rawit,Jawa Barat,66400.0
2026-01-17,Cabai Rawit,Jawa Barat,65000.0
2026-01-18,Cabai Rawit,Jawa Barat,67200.0
2026-01-19,Cabai Rawit,Jawa Barat,64900.0
2026-01-20,Cabai Rawit,Jawa Barat,64100.0
2026-01-21,Cabai Rawit,Jawa Barat,69900.0
2026-01-22,Cabai Rawit,Jawa Barat,69700.0
2026-01-23,Cabai Rawit,Jawa Barat,64900.0
2026-01-24,Cabai Rawit,Jawa Barat,69300.0
2026-01-25,Cabai Rawit,Jawa Barat,65400.0
2026-01-26,Cabai Rawit,Jawa Barat,69000.0
2026-01-27,Cabai Rawit,Jawa Barat,71100.0
2026-01-28,Cabai Rawit,Jawa Barat,69100.0
2026-01-29,Cabai Rawit,Jawa Barat,70100.0
2026-01-30,Cabai Rawit,Jawa Barat,66300.0
2026-01-31,Cabai Rawit,Jawa Barat,66600.0
2026-02-01,Cabai Rawit,Jawa Barat,66100.0
2026-02-02,Cabai Rawit,Jawa Barat,65200.0
2026-02-03,Cabai Rawit,Jawa Barat,66800.0
2026-02-04,Cabai Rawit,Jawa Barat,62200.0
2026-02-05,Cabai Rawit,Jawa Barat,64400.0
2026-02-06,Cabai Rawit,Jawa Barat,64400.0
2026-02-07,Cabai Rawit,Jawa Barat,64200.0
2026-02-08,Cabai Rawit,Jawa Barat,64300.0
2026-02-09,Cabai Rawit,Jawa Barat,65000.0
2026-02-10,Cabai Rawit,Jawa Barat,66700.0
2026-02-11,Cabai Rawit,Jawa Barat,68300.0
2026-02-12,Cabai Rawit,Jawa Barat,63100.0
2026-02-13,Cabai Rawit,Jawa Barat,61000.0
2026-02-14,Cabai Rawit,Jawa Barat,60900.0
2026-02-15,Cabai Rawit,Jawa Barat,62800.0
2026-02-16,Cabai Rawit,Jawa Barat,64300.0
2026-02-17,Cabai Rawit,Jawa Barat,63800.0
2026-02-18,Cabai Rawit,Jawa Barat,62200.0
2026-02-19,Cabai Rawit,Jawa Barat,64600.0
2026-02-20,Cabai Rawit,Jawa Barat,65900.0
2026-02-21,Cabai Rawit,Jawa Barat,66900.0
2026-02-22,Cabai Rawit,Jawa Barat,63400.0
2026-02-23,Cabai Rawit,Jawa Barat,64300.0
2026-02-24,Cabai Rawit,Jawa Barat,63400.0
2026-02-25,Cabai Rawit,Jawa Barat,65900.0
2026-02-26,Cabai Rawit,Jawa Barat,62700.0
2026-02-27,Cabai Rawit,Jawa Barat,66000.0
2026-02-28,Cabai Rawit,Jawa Barat,57800.0
2026-03-01,Cabai Rawit,Jawa Barat,61800.0
2026-03-02,Cabai Rawit,Jawa Barat,64400.0
2026-03-03,Cabai Rawit,Jawa Barat,64200.0
2026-03-04,Cabai Rawit,Jawa Barat,72500.0
2026-03-05,Cabai Rawit,Jawa Barat,64900.0
2026-03-06,Cabai Rawit,Jawa Barat,59300.0
2026-03-07,Cabai Rawit,Jawa Barat,62700.0
2026-03-08,Cabai Rawit,Jawa Barat,58700.0
2026-03-09,Cabai Rawit,Jawa Barat,64700.0
2026-03-10,Cabai Rawit,Jawa Barat,63700.0
2026-03-11,Cabai Rawit,Jawa Barat,69600.0
2026-03-12,Cabai Rawit,Jawa Barat,65400.0
2026-03-13,Cabai Rawit,Jawa Barat,66300.0
2026-03-14,Cabai Rawit,Jawa Barat,64200.0
2026-03-15,Cabai Rawit,Jawa Barat,72200.0
2026-03-16,Cabai Rawit,Jawa Barat,67000.0
2026-03-17,Cabai Rawit,Jawa Barat,74800.0
2026-03-18,Cabai Rawit,Jawa Barat,71900.0
2026-03-19,Cabai Rawit,Jawa Barat,71000.0
2026-03-20,Cabai Rawit,Jawa Barat,70800.0
2026-03-21,Cabai Rawit,Jawa Barat,61600.0
2026-03-22,Cabai Rawit,Jawa Barat,54600.0
2026-03-23,Cabai Rawit,Jawa Barat,60000.0
2026-03-24,Cabai Rawit,Jawa Barat,64500.0
2026-03-25,Cabai Rawit,Jawa Barat,61300.0
2026-03-26,Cabai Rawit,Jawa Barat,57000.0
2026-03-27,Cabai Rawit,Jawa Barat,61200.0
2026-03-28,Cabai Rawit,Jawa Barat,66500.0
2026-03-29,Cabai Rawit,Jawa Barat,65200.0
2026-03-30,Cabai Rawit,Jawa Barat,61400.0
2026-03-31,Cabai Rawit,Jawa Barat,65500.0
2026-04-01,Cabai Rawit,Jawa Barat,60900.0
2026-04-02,Cabai Rawit,Jawa Barat,55900.0
2026-04-03,Cabai Rawit,Jawa Barat,57700.0
2026-04-04,Cabai Rawit,Jawa Barat,65700.0
2026-04-05,Cabai Rawit,Jawa Barat,60300.0
2026-04-06,Cabai Rawit,Jawa Barat,60400.0
2026-04-07,Cabai Rawit,Jawa Barat,60600.0
2026-04-08,Cabai Rawit,Jawa Barat,67500.0
2026-04-09,Cabai Rawit,Jawa Barat,65900.0
2026-04-10,Cabai Rawit,Jawa Barat,67600.0
2026-04-11,Cabai Rawit,Jawa Barat,59300.0
2026-04-12,Cabai Rawit,Jawa Barat,61500.0
2026-04-13,Cabai Rawit,Jawa Barat,56700.0
2026-04-14,Cabai Rawit,Jawa Barat,67000.0
2026-04-15,Cabai Rawit,Jawa Barat,58600.0
2026-04-16,Cabai Rawit,Jawa Barat,62600.0
2026-04-17,Cabai Rawit,Jawa Barat,57300.0
2026-04-18,Cabai Rawit,Jawa Barat,58400.0
2026-04-19,Cabai Rawit,Jawa Barat,57900.0
2026-04-20,Cabai Rawit,Jawa Barat,59700.0
2026-04-21,Cabai Rawit,Jawa Barat,59900.0
2026-04-22,Cabai Rawit,Jawa Barat,59800.0
2026-04-23,Cabai Rawit,Jawa Barat,63800.0
2026-04-24,Cabai Rawit,Jawa Barat,56600.0
2026-04-25,Cabai Rawit,Jawa Barat,60600.0
2026-04-26,Cabai Rawit,Jawa Barat,63500.0
2026-04-27,Cabai Rawit,Jawa Barat,58500.0
2026-04-28,Cabai Rawit,Jawa Barat,58100.0
2026-04-29,Cabai Rawit,Jawa Barat,59500.0
2026-04-30,Cabai Rawit,Jawa Barat,63500.0
2026-05-01,Cabai Rawit,Jawa Barat,59800.0
2026-05-02,Cabai Rawit,Jawa Barat,57100.0
2026-05-03,Cabai Rawit,Jawa Barat,60000.0
2026-05-04,Cabai Rawit,Jawa Barat,55700.0
2026-05-05,Cabai Rawit,Jawa Barat,62400.0
2026-05-06,Cabai Rawit,Jawa Barat,61700.0
2026-05-07,Cabai Rawit,Jawa Barat,59500.0
2026-05-08,Cabai Rawit,Jawa Barat,56800.0
2026-05-09,Cabai Rawit,Jawa Barat,56400.0
2026-05-10,Cabai Rawit,Jawa Barat,60400.0
2026-05-11,Cabai Rawit,Jawa Barat,62400.0
2026-05-12,Cabai Rawit,Jawa Barat,56700.0
2026-05-13,Cabai Rawit,Jawa Barat,60800.0
2026-05-14,Cabai Rawit,Jawa Barat,52900.0
2026-05-15,Cabai Rawit,Jawa Barat,57200.0
2026-05-16,Cabai Rawit,Jawa Barat,57900.0
2026-05-17,Cabai Rawit,Jawa Barat,55200.0
2026-05-18,Cabai Rawit,Jawa Barat,55700.0
2026-05-19,Cabai Rawit,Jawa Barat,57000.0
2026-05-20,Cabai Rawit,Jawa Barat,59300.0
2026-05-21,Cabai Rawit,Jawa Barat,57100.0
2026-05-22,Cabai Rawit,Jawa Barat,50300.0
2026-05-23,Cabai Rawit,Jawa Barat,50500.0
2026-05-24,Cabai Rawit,Jawa Barat,54400.0
2026-05-25,Cabai Rawit,Jawa Barat,58000.0
2026-05-26,Cabai Rawit,Jawa Barat,48500.0
2026-05-27,Cabai Rawit,Jawa Barat,55900.0
2026-05-28,Cabai Rawit,Jawa Barat,55800.0
2026-05-29,Cabai Rawit,Jawa Barat,61400.0
2026-05-30,Cabai Rawit,Jawa Barat,55300.0
2026-05-31,Cabai Rawit,Jawa Barat,57000.0
2026-06-01,Cabai Rawit,Jawa Barat,56500.0
2026-06-02,Cabai Rawit,Jawa Barat,50300.0
2026-06-03,Cabai Rawit,Jawa Barat,59900.0
2026-06-04,Cabai Rawit,Jawa Barat,58200.0
2026-06-05,Cabai Rawit,Jawa Barat,58700.0
2026-06-06,Cabai Rawit,Jawa Barat,68900.0
2026-06-07,Cabai Rawit,Jawa Barat,50500.0
2026-06-08,Cabai Rawit,Jawa Barat,62400.0
2026-06-09,Cabai Rawit,Jawa Barat,57400.0
2026-06-10,Cabai Rawit,Jawa Barat,58900.0
2026-06-11,Cabai Rawit,Jawa Barat,58100.0
2026-06-12,Cabai Rawit,Jawa Barat,56300.0
2026-06-13,Cabai Rawit,Jawa Barat,56100.0
2026-06-14,Cabai Rawit,Jawa Barat,58300.0
2026-06-15,Cabai Rawit,Jawa Barat,53400.0
2026-06-16,Cabai Rawit,Jawa Barat,60400.0
2026-06-17,Cabai Rawit,Jawa Barat,56300.0
2026-06-18,Cabai Rawit,Jawa Barat,53900.0
2026-06-19,Cabai Rawit,Jawa Barat,55900.0
2026-06-20,Cabai Rawit,Jawa Barat,60300.0
2026-06-21,Cabai Rawit,Jawa Barat,54400.0
2026-06-22,Cabai Rawit,Jawa Barat,57500.0
2026-06-23,Cabai Rawit,Jawa Barat,54500.0
2026-06-24,Cabai Rawit,Jawa Barat,59400.0
2026-06-25,Cabai Rawit,Jawa Barat,59200.0
2026-06-26,Cabai Rawit,Jawa Barat,62100.0
2026-06-27,Cabai Rawit,Jawa Barat,56400.0
2026-06-28,Cabai Rawit,Jawa Barat,59100.0
2026-06-29,Cabai Rawit,Jawa Barat,57700.0
2026-06-30,Cabai Rawit,Jawa Barat,61100.0
2026-07-01,Cabai Rawit,Jawa Barat,54900.0
2026-07-02,Cabai Rawit,Jawa Barat,58900.0
2026-07-03,Cabai Rawit,Jawa Barat,55900.0
2026-07-04,Cabai Rawit,Jawa Barat,56100.0
2026-07-05,Cabai Rawit,Jawa Barat,56200.0
2026-07-06,Cabai Rawit,Jawa Barat,57200.0
2026-07-07,Cabai Rawit,Jawa Barat,56700.0
2026-07-08,Cabai Rawit,Jawa Barat,58400.0
2026-07-09,Cabai Rawit,Jawa Barat,62500.0
2026-07-10,Cabai Rawit,Jawa Barat,60500.0
2026-07-11,Cabai Rawit,Jawa Barat,59800.0
2026-07-12,Cabai Rawit,Jawa Barat,56100.0
2026-07-13,Cabai Rawit,Jawa Barat,55700.0
2026-07-14,Cabai Rawit,Jawa Barat,61100.0
2026-07-15,Cabai Rawit,Jawa Barat,60800.0
2026-07-16,Cabai Rawit,Jawa Barat,61900.0
2026-07-17,Cabai Rawit,Jawa Barat,55400.0
2026-07-18,Cabai Rawit,Jawa Barat,56600.0
2026-07-19,Cabai Rawit,Jawa Barat,52300.0
2026-07-20,Cabai Rawit,Jawa Barat,55400.0
2026-07-21,Cabai Rawit,Jawa Barat,59800.0
2026-07-22,Cabai Rawit,Jawa Barat,55900.0
2026-07-23,Cabai Rawit,Jawa Barat,59100.0
2026-07-24,Cabai Rawit,Jawa Barat,56200.0
2026-07-25,Cabai Rawit,Jawa Barat,57300.0
2026-07-26,Cabai Rawit,Jawa Barat,52600.0
2026-07-27,Cabai Rawit,Jawa Barat,56800.0
2026-07-28,Cabai Rawit,Jawa Barat,47700.0
2026-07-29,Cabai Rawit,Jawa Barat,57000.0
2026-07-30,Cabai Rawit,Jawa Barat,52600.0
2026-07-31,Cabai Rawit,Jawa Barat,60200.0
2026-08-01,Cabai Rawit,Jawa Barat,58400.0
2026-08-02,Cabai Rawit,Jawa Barat,57500.0
2026-08-03,Cabai Rawit,Jawa Barat,60900.0
2026-08-04,Cabai Rawit,Jawa Barat,54500.0
2026-08-05,Cabai Rawit,Jawa Barat,62700.0
2026-08-06,Cabai Rawit,Jawa Barat,59600.0
2026-08-07,Cabai Rawit,Jawa Barat,56400.0
2026-08-08,Cabai Rawit,Jawa Barat,60100.0
2026-08-09,Cabai Rawit,Jawa Barat,53900.0
2026-08-10,Cabai Rawit,Jawa Barat,54900.0
2026-08-11,Cabai Rawit,Jawa Barat,56100.0
2026-08-12,Cabai Rawit,Jawa Barat,56500.0
2026-08-13,Cabai Rawit,Jawa Barat,53900.0
2026-08-14,Cabai Rawit,Jawa Barat,60800.0
2026-08-15,Cabai Rawit,Jawa Barat,56700.0
2026-08-16,Cabai Rawit,Jawa Barat,58400.0
2026-08-17,Cabai Rawit,Jawa Barat,55700.0
2026-08-18,Cabai Rawit,Jawa Barat,52600.0
2026-08-19,Cabai Rawit,Jawa Barat,58900.0
2026-08-20,Cabai Rawit,Jawa Barat,52300.0
2026-08-21,Cabai Rawit,Jawa Barat,57200.0
2026-08-22,Cabai Rawit,Jawa Barat,53400.0
2026-08-23,Cabai Rawit,Jawa Barat,63700.0
2026-08-24,Cabai Rawit,Jawa Barat,61200.0
2026-08-25,Cabai Rawit,Jawa Barat,58900.0
2026-08-26,Cabai Rawit,Jawa Barat,63000.0
2026-08-27,Cabai Rawit,Jawa Barat,57100.0
2026-08-28,Cabai Rawit,Jawa Barat,61800.0
2026-08-29,Cabai Rawit,Jawa Barat,60000.0
2026-08-30,Cabai Rawit,Jawa Barat,60400.0
2026-08-31,Cabai Rawit,Jawa Barat,63000.0
2026-09-01,Cabai Rawit,Jawa Barat,62100.0
2026-09-02,Cabai Rawit,Jawa Barat,60700.0
2026-09-03,Cabai Rawit,Jawa Barat,55500.0
2026-09-04,Cabai Rawit,Jawa Barat,56700.0
2026-09-05,Cabai Rawit,Jawa Barat,58100.0
2026-09-06,Cabai Rawit,Jawa Barat,58700.0
2026-09-07,Cabai Rawit,Jawa Barat,54800.0
2026-09-08,Cabai Rawit,Jawa Barat,65800.0
2026-09-09,Cabai Rawit,Jawa Barat,62600.0
2026-09-10,Cabai Rawit,Jawa Barat,59600.0
2026-09-11,Cabai Rawit,Jawa Barat,56700.0
2026-09-12,Cabai Rawit,Jawa Barat,55500.0
2026-09-13,Cabai Rawit,Jawa Barat,54100.0
2026-09-14,Cabai Rawit,Jawa Barat,57600.0
2026-09-15,Cabai Rawit,Jawa Barat,58300.0
2026-09-16,Cabai Rawit,Jawa Barat,54000.0
2026-09-17,Cabai Rawit,Jawa Barat,58300.0
2026-09-18,Cabai Rawit,Jawa Barat,56600.0
2026-09-19,Cabai Rawit,Jawa Barat,50800.0
2026-09-20,Cabai Rawit,Jawa Barat,54100.0
2026-09-21,Cabai Rawit,Jawa Barat,54800.0
2026-09-22,Cabai Rawit,Jawa Barat,61600.0
2026-09-23,Cabai Rawit,Jawa Barat,57700.0
2026-09-24,Cabai Rawit,Jawa Barat,52200.0
2026-09-25,Cabai Rawit,Jawa Barat,56900.0
2026-09-26,Cabai Rawit,Jawa Barat,50300.0
2026-09-27,Cabai Rawit,Jawa Barat,57600.0
2026-09-28,Cabai Rawit,Jawa Barat,53600.0
2026-09-29,Cabai Rawit,Jawa Barat,55100.0
2026-09-30,Cabai Rawit,Jawa Barat,59100.0
2024-01-01,Cabai Rawit,Jawa Timur,50900.0
2024-01-02,Cabai Rawit,Jawa Timur,54400.0
2024-01-03,Cabai Rawit,Jawa Timur,51100.0
2024-01-04,Cabai Rawit,Jawa Timur,51500.0
2024-01-05,Cabai Rawit,Jawa Timur,58100.0
2024-01-06,Cabai Rawit,Jawa Timur,47600.0
2024-01-07,Cabai Rawit,Jawa Timur,46200.0
2024-01-08,Cabai Rawit,Jawa Timur,53800.0
2024-01-09,Cabai Rawit,Jawa Timur,50700.0
2024-01-10,Cabai Rawit,Jawa Timur,51800.0
2024-01-11,Cabai Rawit,Jawa Timur,49900.0
2024-01-12,Cabai Rawit,Jawa Timur,51400.0
2024-01-13,Cabai Rawit,Jawa Timur,56600.0
2024-01-14,Cabai Rawit,Jawa Timur,54800.0
2024-01-15,Cabai Rawit,Jawa Timur,55700.0
2024-01-16,Cabai Rawit,Jawa Timur,50700.0
2024-01-17,Cabai Rawit,Jawa Timur,52400.0
2024-01-18,Cabai Rawit,Jawa Timur,47200.0
2024-01-19,Cabai Rawit,Jawa Timur,53100.0
2024-01-20,Cabai Rawit,Jawa Timur,57900.0
2024-01-21,Cabai Rawit,Jawa Timur,57000.0
2024-01-22,Cabai Rawit,Jawa Timur,54900.0
2024-01-23,Cabai Rawit,Jawa Timur,55900.0
2024-01-24,Cabai Rawit,Jawa Timur,53800.0
2024-01-25,Cabai Rawit,Jawa Timur,56400.0
2024-01-26,Cabai Rawit,Jawa Timur,58000.0
2024-01-27,Cabai Rawit,Jawa Timur,50300.0
2024-01-28,Cabai Rawit,Jawa Timur,55800.0
2024-01-29,Cabai Rawit,Jawa Timur,58500.0
2024-01-30,Cabai Rawit,Jawa Timur,55200.0
2024-01-31,Cabai Rawit,Jawa Timur,58800.0
2024-02-01,Cabai Rawit,Jawa Timur,64600.0
2024-02-02,Cabai Rawit,Jawa Timur,56100.0
2024-02-03,Cabai Rawit,Jawa Timur,57100.0
2024-02-04,Cabai Rawit,Jawa Timur,53700.0
2024-02-05,Cabai Rawit,Jawa Timur,56300.0
2024-02-06,Cabai Rawit,Jawa Timur,57900.0
2024-02-07,Cabai Rawit,Jawa Timur,57300.0
2024-02-08,Cabai Rawit,Jawa Timur,53600.0
2024-02-09,Cabai Rawit,Jawa Timur,56400.0
2024-02-10,Cabai Rawit,Jawa Timur,59600.0
2024-02-11,Cabai Rawit,Jawa Timur,57300.0
2024-02-12,Cabai Rawit,Jawa Timur,59200.0
2024-02-13,Cabai Rawit,Jawa Timur,55700.0
2024-02-14,Cabai Rawit,Jawa Timur,59000.0
2024-02-15,Cabai Rawit,Jawa Timur,57300.0
2024-02-16,Cabai Rawit,Jawa Timur,53400.0
2024-02-17,Cabai Rawit,Jawa Timur,57400.0
2024-02-18,Cabai Rawit,Jawa Timur,53800.0
2024-02-19,Cabai Rawit,Jawa Timur,55400.0
2024-02-20,Cabai Rawit,Jawa Timur,57800.0
2024-02-21,Cabai Rawit,Jawa Timur,58200.0
2024-02-22,Cabai Rawit,Jawa Timur,53900.0
2024-02-23,Cabai Rawit,Jawa Timur,59300.0
2024-02-24,Cabai Rawit,Jawa Timur,57700.0
2024-02-25,Cabai Rawit,Jawa Timur,54300.0
2024-02-26,Cabai Rawit,Jawa Timur,52400.0
2024-02-27,Cabai Rawit,Jawa Timur,57300.0
2024-02-28,Cabai Rawit,Jawa Timur,56700.0
2024-02-29,Cabai Rawit,Jawa Timur,58600.0
2024-03-01,Cabai Rawit,Jawa Timur,56400.0
2024-03-02,Cabai Rawit,Jawa Timur,51500.0
2024-03-03,Cabai Rawit,Jawa Timur,56300.0
2024-03-04,Cabai Rawit,Jawa Timur,56600.0
2024-03-05,Cabai Rawit,Jawa Timur,60200.0
2024-03-06,Cabai Rawit,Jawa Timur,57400.0
2024-03-07,Cabai Rawit,Jawa Timur,64000.0
2024-03-08,Cabai Rawit,Jawa Timur,53400.0
2024-03-09,Cabai Rawit,Jawa Timur,62400.0
2024-03-10,Cabai Rawit,Jawa Timur,57900.0
2024-03-11,Cabai Rawit,Jawa Timur,60800.0
2024-03-12,Cabai Rawit,Jawa Timur,58800.0
2024-03-13,Cabai Rawit,Jawa Timur,61500.0
2024-03-14,Cabai Rawit,Jawa Timur,57400.0
2024-03-15,Cabai Rawit,Jawa Timur,54800.0
2024-03-16,Cabai Rawit,Jawa Timur,61700.0
2024-03-17,Cabai Rawit,Jawa Timur,57800.0
2024-03-18,Cabai Rawit,Jawa Timur,58800.0
2024-03-19,Cabai Rawit,Jawa Timur,61900.0
2024-03-20,Cabai Rawit,Jawa Timur,55500.0
2024-03-21,Cabai Rawit,Jawa Timur,60400.0
2024-03-22,Cabai Rawit,Jawa Timur,56600.0
2024-03-23,Cabai Rawit,Jawa Timur,57800.0
2024-03-24,Cabai Rawit,Jawa Timur,58500.0
2024-03-25,Cabai Rawit,Jawa Timur,54600.0
2024-03-26,Cabai Rawit,Jawa Timur,57200.0
2024-03-27,Cabai Rawit,Jawa Timur,63200.0
2024-03-28,Cabai Rawit,Jawa Timur,62200.0
2024-03-29,Cabai Rawit,Jawa Timur,59100.0
2024-03-30,Cabai Rawit,Jawa Timur,60300.0
2024-03-31,Cabai Rawit,Jawa Timur,59300.0
2024-04-01,Cabai Rawit,Jawa Timur,66100.0
2024-04-02,Cabai Rawit,Jawa Timur,62700.0
2024-04-03,Cabai Rawit,Jawa Timur,64200.0
2024-04-04,Cabai Rawit,Jawa Timur,67000.0
2024-04-05,Cabai Rawit,Jawa Timur,61700.0
2024-04-06,Cabai Rawit,Jawa Timur,69300.0
2024-04-07,Cabai Rawit,Jawa Timur,61000.0
2024-04-08,Cabai Rawit,Jawa Timur,70600.0
2024-04-09,Cabai Rawit,Jawa Timur,66200.0
2024-04-10,Cabai Rawit,Jawa Timur,66800.0
2024-04-11,Cabai Rawit,Jawa Timur,53200.0
2024-04-12,Cabai Rawit,Jawa Timur,56800.0
2024-04-13,Cabai Rawit,Jawa Timur,54800.0
2024-04-14,Cabai Rawit,Jawa Timur,56400.0
2024-04-15,Cabai Rawit,Jawa Timur,57900.0
2024-04-16,Cabai Rawit,Jawa Timur,61500.0
2024-04-17,Cabai Rawit,Jawa Timur,59400.0
2024-04-18,Cabai Rawit,Jawa Timur,59500.0
2024-04-19,Cabai Rawit,Jawa Timur,54900.0
2024-04-20,Cabai Rawit,Jawa Timur,55400.0
2024-04-21,Cabai Rawit,Jawa Timur,63600.0
2024-04-22,Cabai Rawit,Jawa Timur,56900.0
2024-04-23,Cabai Rawit,Jawa Timur,64500.0
2024-04-24,Cabai Rawit,Jawa Timur,58500.0
2024-04-25,Cabai Rawit,Jawa Timur,58900.0
2024-04-26,Cabai Rawit,Jawa Timur,61600.0
2024-04-27,Cabai Rawit,Jawa Timur,62200.0
2024-04-28,Cabai Rawit,Jawa Timur,58000.0
2024-04-29,Cabai Rawit,Jawa Timur,57400.0
2024-04-30,Cabai Rawit,Jawa Timur,58600.0
2024-05-01,Cabai Rawit,Jawa Timur,60100.0
2024-05-02,Cabai Rawit,Jawa Timur,61800.0
2024-05-03,Cabai Rawit,Jawa Timur,58500.0
2024-05-04,Cabai Rawit,Jawa Timur,60300.0
2024-05-05,Cabai Rawit,Jawa Timur,63400.0
2024-05-06,Cabai Rawit,Jawa Timur,60200.0
2024-05-07,Cabai Rawit,Jawa Timur,60400.0
2024-05-08,Cabai Rawit,Jawa Timur,55500.0
2024-05-09,Cabai Rawit,Jawa Timur,52100.0
2024-05-10,Cabai Rawit,Jawa Timur,61100.0
2024-05-11,Cabai Rawit,Jawa Timur,59100.0
2024-05-12,Cabai Rawit,Jawa Timur,58200.0
2024-05-13,Cabai Rawit,Jawa Timur,60600.0
2024-05-14,Cabai Rawit,Jawa Timur,59900.0
2024-05-15,Cabai Rawit,Jawa Timur,63400.0
2024-05-16,Cabai Rawit,Jawa Timur,60100.0
2024-05-17,Cabai Rawit,Jawa Timur,58300.0
2024-05-18,Cabai Rawit,Jawa Timur,62800.0
2024-05-19,Cabai Rawit,Jawa Timur,59100.0
2024-05-20,Cabai Rawit,Jawa Timur,61800.0
2024-05-21,Cabai Rawit,Jawa Timur,58500.0
2024-05-22,Cabai Rawit,Jawa Timur,58100.0
2024-05-23,Cabai Rawit,Jawa Timur,59900.0
2024-05-24,Cabai Rawit,Jawa Timur,59400.0
2024-05-25,Cabai Rawit,Jawa Timur,60800.0
2024-05-26,Cabai Rawit,Jawa Timur,58600.0
2024-05-27,Cabai Rawit,Jawa Timur,54500.0
2024-05-28,Cabai Rawit,Jawa Timur,58600.0
2024-05-29,Cabai Rawit,Jawa Timur,61800.0
2024-05-30,Cabai Rawit,Jawa Timur,58500.0
2024-05-31,Cabai Rawit,Jawa Timur,57600.0
2024-06-01,Cabai Rawit,Jawa Timur,60600.0
2024-06-02,Cabai Rawit,Jawa Timur,55500.0
2024-06-03,Cabai Rawit,Jawa Timur,53800.0
2024-06-04,Cabai Rawit,Jawa Timur,59400.0
2024-06-05,Cabai Rawit,Jawa Timur,58700.0
2024-06-06,Cabai Rawit,Jawa Timur,56800.0
2024-06-07,Cabai Rawit,Jawa Timur,59100.0
2024-06-08,Cabai Rawit,Jawa Timur,61200.0
2024-06-09,Cabai Rawit,Jawa Timur,60500.0
2024-06-10,Cabai Rawit,Jawa Timur,62300.0
2024-06-11,Cabai Rawit,Jawa Timur,67500.0
2024-06-12,Cabai Rawit,Jawa Timur,62200.0
2024-06-13,Cabai Rawit,Jawa Timur,64600.0
2024-06-14,Cabai Rawit,Jawa Timur,61600.0
2024-06-15,Cabai Rawit,Jawa Timur,60700.0
2024-06-16,Cabai Rawit,Jawa Timur,62200.0
2024-06-17,Cabai Rawit,Jawa Timur,63200.0
2024-06-18,Cabai Rawit,Jawa Timur,58600.0
2024-06-19,Cabai Rawit,Jawa Timur,64100.0
2024-06-20,Cabai Rawit,Jawa Timur,55000.0
2024-06-21,Cabai Rawit,Jawa Timur,55600.0
2024-06-22,Cabai Rawit,Jawa Timur,56000.0
2024-06-23,Cabai Rawit,Jawa Timur,56700.0
2024-06-24,Cabai Rawit,Jawa Timur,56600.0
2024-06-25,Cabai Rawit,Jawa Timur,60300.0
2024-06-26,Cabai Rawit,Jawa Timur,49800.0
2024-06-27,Cabai Rawit,Jawa Timur,49300.0
2024-06-28,Cabai Rawit,Jawa Timur,54400.0
2024-06-29,Cabai Rawit,Jawa Timur,58400.0
2024-06-30,Cabai Rawit,Jawa Timur,50900.0
2024-07-01,Cabai Rawit,Jawa Timur,47300.0
2024-07-02,Cabai Rawit,Jawa Timur,58000.0
2024-07-03,Cabai Rawit,Jawa Timur,58000.0
2024-07-04,Cabai Rawit,Jawa Timur,54300.0
2024-07-05,Cabai Rawit,Jawa Timur,54500.0
2024-07-06,Cabai Rawit,Jawa Timur,54000.0
2024-07-07,Cabai Rawit,Jawa Timur,56700.0
2024-07-08,Cabai Rawit,Jawa Timur,55100.0
2024-07-09,Cabai Rawit,Jawa Timur,58700.0
2024-07-10,Cabai Rawit,Jawa Timur,49000.0
2024-07-11,Cabai Rawit,Jawa Timur,54200.0
2024-07-12,Cabai Rawit,Jawa Timur,53100.0
2024-07-13,Cabai Rawit,Jawa Timur,55300.0
2024-07-14,Cabai Rawit,Jawa Timur,54800.0
2024-07-15,Cabai Rawit,Jawa Timur,59000.0
2024-07-16,Cabai Rawit,Jawa Timur,51900.0
2024-07-17,Cabai Rawit,Jawa Timur,57000.0
2024-07-18,Cabai Rawit,Jawa Timur,57700.0
2024-07-19,Cabai Rawit,Jawa Timur,61400.0
2024-07-20,Cabai Rawit,Jawa Timur,54600.0
2024-07-21,Cabai Rawit,Jawa Timur,56800.0
2024-07-22,Cabai Rawit,Jawa Timur,51100.0
2024-07-23,Cabai Rawit,Jawa Timur,50900.0
2024-07-24,Cabai Rawit,Jawa Timur,59500.0
2024-07-25,Cabai Rawit,Jawa Timur,56700.0
2024-07-26,Cabai Rawit,Jawa Timur,59600.0
2024-07-27,Cabai Rawit,Jawa Timur,52500.0
2024-07-28,Cabai Rawit,Jawa Timur,58100.0
2024-07-29,Cabai Rawit,Jawa Timur,62800.0
2024-07-30,Cabai Rawit,Jawa Timur,59500.0
2024-07-31,Cabai Rawit,Jawa Timur,58800.0
2024-08-01,Cabai Rawit,Jawa Timur,57700.0
2024-08-02,Cabai Rawit,Jawa Timur,53000.0
2024-08-03,Cabai Rawit,Jawa Timur,61300.0
2024-08-04,Cabai Rawit,Jawa Timur,55600.0
2024-08-05,Cabai Rawit,Jawa Timur,59500.0
2024-08-06,Cabai Rawit,Jawa Timur,54300.0
2024-08-07,Cabai Rawit,Jawa Timur,55800.0
2024-08-08,Cabai Rawit,Jawa Timur,62500.0
2024-08-09,Cabai Rawit,Jawa Timur,56800.0
2024-08-10,Cabai Rawit,Jawa Timur,61600.0
2024-08-11,Cabai Rawit,Jawa Timur,57800.0
2024-08-12,Cabai Rawit,Jawa Timur,53800.0
2024-08-13,Cabai Rawit,Jawa Timur,61700.0
2024-08-14,Cabai Rawit,Jawa Timur,57500.0
2024-08-15,Cabai Rawit,Jawa Timur,60100.0
2024-08-16,Cabai Rawit,Jawa Timur,58100.0
2024-08-17,Cabai Rawit,Jawa Timur,53700.0
2024-08-18,Cabai Rawit,Jawa Timur,58000.0
2024-08-19,Cabai Rawit,Jawa Timur,63700.0
2024-08-20,Cabai Rawit,Jawa Timur,59400.0
2024-08-21,Cabai Rawit,Jawa Timur,57500.0
2024-08-22,Cabai Rawit,Jawa Timur,59900.0
2024-08-23,Cabai Rawit,Jawa Timur,56700.0
2024-08-24,Cabai Rawit,Jawa Timur,56200.0
2024-08-25,Cabai Rawit,Jawa Timur,52600.0
2024-08-26,Cabai Rawit,Jawa Timur,56000.0
2024-08-27,Cabai Rawit,Jawa Timur,59300.0
2024-08-28,Cabai Rawit,Jawa Timur,54800.0
2024-08-29,Cabai Rawit,Jawa Timur,60300.0
2024-08-30,Cabai Rawit,Jawa Timur,55800.0
2024-08-31,Cabai Rawit,Jawa Timur,53500.0
2024-09-01,Cabai Rawit,Jawa Timur,59100.0
2024-09-02,Cabai Rawit,Jawa Timur,55800.0
2024-09-03,Cabai Rawit,Jawa Timur,59400.0
2024-09-04,Cabai Rawit,Jawa Timur,56500.0
2024-09-05,Cabai Rawit,Jawa Timur,56400.0
2024-09-06,Cabai Rawit,Jawa Timur,57600.0
2024-09-07,Cabai Rawit,Jawa Timur,57200.0
2024-09-08,Cabai Rawit,Jawa Timur,52200.0
2024-09-09,Cabai Rawit,Jawa Timur,54500.0
2024-09-10,Cabai Rawit,Jawa Timur,60700.0
2024-09-11,Cabai Rawit,Jawa Timur,57800.0
2024-09-12,Cabai Rawit,Jawa Timur,56700.0
2024-09-13,Cabai Rawit,Jawa Timur,53500.0
2024-09-14,Cabai Rawit,Jawa Timur,53500.0
2024-09-15,Cabai Rawit,Jawa Timur,50900.0
2024-09-16,Cabai Rawit,Jawa Timur,56400.0
2024-09-17,Cabai Rawit,Jawa Timur,55300.0
2024-09-18,Cabai Rawit,Jawa Timur,54700.0
2024-09-19,Cabai Rawit,Jawa Timur,57100.0
2024-09-20,Cabai Rawit,Jawa Timur,58000.0
2024-09-21,Cabai Rawit,Jawa Timur,62800.0
2024-09-22,Cabai Rawit,Jawa Timur,53600.0
2024-09-23,Cabai Rawit,Jawa Timur,60700.0
2024-09-24,Cabai Rawit,Jawa Timur,61200.0
2024-09-25,Cabai Rawit,Jawa Timur,56400.0
2024-09-26,Cabai Rawit,Jawa Timur,59100.0
2024-09-27,Cabai Rawit,Jawa Timur,57400.0
2024-09-28,Cabai Rawit,Jawa Timur,58900.0
2024-09-29,Cabai Rawit,Jawa Timur,62000.0
2024-09-30,Cabai Rawit,Jawa Timur,59800.0
2024-10-01,Cabai Rawit,Jawa Timur,60500.0
2024-10-02,Cabai Rawit,Jawa Timur,58100.0
2024-10-03,Cabai Rawit,Jawa Timur,55000.0
2024-10-04,Cabai Rawit,Jawa Timur,58200.0
2024-10-05,Cabai Rawit,Jawa Timur,61900.0
2024-10-06,Cabai Rawit,Jawa Timur,54900.0
2024-10-07,Cabai Rawit,Jawa Timur,56500.0
2024-10-08,Cabai Rawit,Jawa Timur,60000.0
2024-10-09,Cabai Rawit,Jawa Timur,57500.0
2024-10-10,Cabai Rawit,Jawa Timur,57900.0
2024-10-11,Cabai Rawit,Jawa Timur,58300.0
2024-10-12,Cabai Rawit,Jawa Timur,56000.0
2024-10-13,Cabai Rawit,Jawa Timur,57100.0
2024-10-14,Cabai Rawit,Jawa Timur,61700.0
2024-10-15,Cabai Rawit,Jawa Timur,56600.0
2024-10-16,Cabai Rawit,Jawa Timur,55600.0
2024-10-17,Cabai Rawit,Jawa Timur,57800.0
2024-10-18,Cabai Rawit,Jawa Timur,61400.0
2024-10-19,Cabai Rawit,Jawa Timur,58400.0
2024-10-20,Cabai Rawit,Jawa Timur,57900.0
2024-10-21,Cabai Rawit,Jawa Timur,59500.0
2024-10-22,Cabai Rawit,Jawa Timur,55100.0
2024-10-23,Cabai Rawit,Jawa Timur,60700.0
2024-10-24,Cabai Rawit,Jawa Timur,60100.0
2024-10-25,Cabai Rawit,Jawa Timur,57400.0
2024-10-26,Cabai Rawit,Jawa Timur,61100.0
2024-10-27,Cabai Rawit,Jawa Timur,55600.0
2024-10-28,Cabai Rawit,Jawa Timur,61800.0
2024-10-29,Cabai Rawit,Jawa Timur,60000.0
2024-10-30,Cabai Rawit,Jawa Timur,58900.0
2024-10-31,Cabai Rawit,Jawa Timur,59600.0
2024-11-01,Cabai Rawit,Jawa Timur,58900.0
2024-11-02,Cabai Rawit,Jawa Timur,62000.0
2024-11-03,Cabai Rawit,Jawa Timur,56100.0
2024-11-04,Cabai Rawit,Jawa Timur,57600.0
2024-11-05,Cabai Rawit,Jawa Timur,62300.0
2024-11-06,Cabai Rawit,Jawa Timur,57900.0
2024-11-07,Cabai Rawit,Jawa Timur,61600.0
2024-11-08,Cabai Rawit,Jawa Timur,63300.0
2024-11-09,Cabai Rawit,Jawa Timur,57900.0
2024-11-10,Cabai Rawit,Jawa Timur,60700.0
2024-11-11,Cabai Rawit,Jawa Timur,56000.0
2024-11-12,Cabai Rawit,Jawa Timur,61600.0
2024-11-13,Cabai Rawit,Jawa Timur,59900.0
2024-11-14,Cabai Rawit,Jawa Timur,60300.0
2024-11-15,Cabai Rawit,Jawa Timur,57100.0
2024-11-16,Cabai Rawit,Jawa Timur,53700.0
2024-11-17,Cabai Rawit,Jawa Timur,59900.0
2024-11-18,Cabai Rawit,Jawa Timur,52800.0
2024-11-19,Cabai Rawit,Jawa Timur,57800.0
2024-11-20,Cabai Rawit,Jawa Timur,61300.0
2024-11-21,Cabai Rawit,Jawa Timur,59600.0
2024-11-22,Cabai Rawit,Jawa Timur,63900.0
2024-11-23,Cabai Rawit,Jawa Timur,60300.0
2024-11-24,Cabai Rawit,Jawa Timur,55200.0
2024-11-25,Cabai Rawit,Jawa Timur,57600.0
2024-11-26,Cabai Rawit,Jawa Timur,58100.0
2024-11-27,Cabai Rawit,Jawa Timur,54200.0
2024-11-28,Cabai Rawit,Jawa Timur,55800.0
2024-11-29,Cabai Rawit,Jawa Timur,56800.0
2024-11-30,Cabai Rawit,Jawa Timur,52300.0
2024-12-01,Cabai Rawit,Jawa Timur,58500.0
2024-12-02,Cabai Rawit,Jawa Timur,57600.0
2024-12-03,Cabai Rawit,Jawa Timur,53900.0
2024-12-04,Cabai Rawit,Jawa Timur,59100.0
2024-12-05,Cabai Rawit,Jawa Timur,59600.0
2024-12-06,Cabai Rawit,Jawa Timur,57800.0
2024-12-07,Cabai Rawit,Jawa Timur,56100.0
2024-12-08,Cabai Rawit,Jawa Timur,58800.0
2024-12-09,Cabai Rawit,Jawa Timur,59300.0
2024-12-10,Cabai Rawit,Jawa Timur,58700.0
2024-12-11,Cabai Rawit,Jawa Timur,55100.0
2024-12-12,Cabai Rawit,Jawa Timur,58500.0
2024-12-13,Cabai Rawit,Jawa Timur,60500.0
2024-12-14,Cabai Rawit,Jawa Timur,55100.0
2024-12-15,Cabai Rawit,Jawa Timur,63300.0
2024-12-16,Cabai Rawit,Jawa Timur,56100.0
2024-12-17,Cabai Rawit,Jawa Timur,57800.0
2024-12-18,Cabai Rawit,Jawa Timur,55500.0
2024-12-19,Cabai Rawit,Jawa Timur,57800.0
2024-12-20,Cabai Rawit,Jawa Timur,52100.0
2024-12-21,Cabai Rawit,Jawa Timur,55400.0
2024-12-22,Cabai Rawit,Jawa Timur,55000.0
2024-12-23,Cabai Rawit,Jawa Timur,58100.0
2024-12-24,Cabai Rawit,Jawa Timur,61300.0
2024-12-25,Cabai Rawit,Jawa Timur,60300.0
2024-12-26,Cabai Rawit,Jawa Timur,51300.0
2024-12-27,Cabai Rawit,Jawa Timur,63100.0
2024-12-28,Cabai Rawit,Jawa Timur,57600.0
2024-12-29,Cabai Rawit,Jawa Timur,55400.0
2024-12-30,Cabai Rawit,Jawa Timur,58900.0
2024-12-31,Cabai Rawit,Jawa Timur,59500.0
2025-01-01,Cabai Rawit,Jawa Timur,57800.0
2025-01-02,Cabai Rawit,Jawa Timur,59400.0
2025-01-03,Cabai Rawit,Jawa Timur,56200.0
2025-01-04,Cabai Rawit,Jawa Timur,55700.0
2025-01-05,Cabai Rawit,Jawa Timur,54800.0
2025-01-06,Cabai Rawit,Jawa Timur,53300.0
2025-01-07,Cabai Rawit,Jawa Timur,58300.0
2025-01-08,Cabai Rawit,Jawa Timur,59800.0
2025-01-09,Cabai Rawit,Jawa Timur,58800.0
2025-01-10,Cabai Rawit,Jawa Timur,59600.0
2025-01-11,Cabai Rawit,Jawa Timur,58000.0
2025-01-12,Cabai Rawit,Jawa Timur,56000.0
2025-01-13,Cabai Rawit,Jawa Timur,59700.0
2025-01-14,Cabai Rawit,Jawa Timur,54100.0
2025-01-15,Cabai Rawit,Jawa Timur,55100.0
2025-01-16,Cabai Rawit,Jawa Timur,54500.0
2025-01-17,Cabai Rawit,Jawa Timur,60200.0
2025-01-18,Cabai Rawit,Jawa Timur,59600.0
2025-01-19,Cabai Rawit,Jawa Timur,58100.0
2025-01-20,Cabai Rawit,Jawa Timur,60300.0
2025-01-21,Cabai Rawit,Jawa Timur,54600.0
2025-01-22,Cabai Rawit,Jawa Timur,58800.0
2025-01-23,Cabai Rawit,Jawa Timur,57100.0
2025-01-24,Cabai Rawit,Jawa Timur,59900.0
2025-01-25,Cabai Rawit,Jawa Timur,56700.0
2025-01-26,Cabai Rawit,Jawa Timur,55900.0
2025-01-27,Cabai Rawit,Jawa Timur,58800.0
2025-01-28,Cabai Rawit,Jawa Timur,60600.0
2025-01-29,Cabai Rawit,Jawa Timur,56000.0
2025-01-30,Cabai Rawit,Jawa Timur,57800.0
2025-01-31,Cabai Rawit,Jawa Timur,54300.0
2025-02-01,Cabai Rawit,Jawa Timur,49200.0
2025-02-02,Cabai Rawit,Jawa Timur,56900.0
2025-02-03,Cabai Rawit,Jawa Timur,58100.0
2025-02-04,Cabai Rawit,Jawa Timur,57700.0
2025-02-05,Cabai Rawit,Jawa Timur,50900.0
2025-02-06,Cabai Rawit,Jawa Timur,55700.0
2025-02-07,Cabai Rawit,Jawa Timur,49800.0
2025-02-08,Cabai Rawit,Jawa Timur,59900.0
2025-02-09,Cabai Rawit,Jawa Timur,53200.0
2025-02-10,Cabai Rawit,Jawa Timur,60900.0
2025-02-11,Cabai Rawit,Jawa Timur,60500.0
2025-02-12,Cabai Rawit,Jawa Timur,54900.0
2025-02-13,Cabai Rawit,Jawa Timur,53300.0
2025-02-14,Cabai Rawit,Jawa Timur,57000.0
2025-02-15,Cabai Rawit,Jawa Timur,53000.0
2025-02-16,Cabai Rawit,Jawa Timur,55900.0
2025-02-17,Cabai Rawit,Jawa Timur,54600.0
2025-02-18,Cabai Rawit,Jawa Timur,51500.0
2025-02-19,Cabai Rawit,Jawa Timur,50100.0
2025-02-20,Cabai Rawit,Jawa Timur,57100.0
2025-02-21,Cabai Rawit,Jawa Timur,54800.0
2025-02-22,Cabai Rawit,Jawa Timur,54700.0
2025-02-23,Cabai Rawit,Jawa Timur,58500.0
2025-02-24,Cabai Rawit,Jawa Timur,60200.0
2025-02-25,Cabai Rawit,Jawa Timur,56100.0
2025-02-26,Cabai Rawit,Jawa Timur,55700.0
2025-02-27,Cabai Rawit,Jawa Timur,57800.0
2025-02-28,Cabai Rawit,Jawa Timur,52100.0
2025-03-01,Cabai Rawit,Jawa Timur,56400.0
2025-03-02,Cabai Rawit,Jawa Timur,57000.0
2025-03-03,Cabai Rawit,Jawa Timur,58600.0
2025-03-04,Cabai Rawit,Jawa Timur,51400.0
2025-03-05,Cabai Rawit,Jawa Timur,54500.0
2025-03-06,Cabai Rawit,Jawa Timur,53800.0
2025-03-07,Cabai Rawit,Jawa Timur,56300.0
2025-03-08,Cabai Rawit,Jawa Timur,57800.0
2025-03-09,Cabai Rawit,Jawa Timur,60500.0
2025-03-10,Cabai Rawit,Jawa Timur,55500.0
2025-03-11,Cabai Rawit,Jawa Timur,56500.0
2025-03-12,Cabai Rawit,Jawa Timur,61300.0
2025-03-13,Cabai Rawit,Jawa Timur,58400.0
2025-03-14,Cabai Rawit,Jawa Timur,60400.0
2025-03-15,Cabai Rawit,Jawa Timur,57100.0
2025-03-16,Cabai Rawit,Jawa Timur,53000.0
2025-03-17,Cabai Rawit,Jawa Timur,53200.0
2025-03-18,Cabai Rawit,Jawa Timur,54000.0
2025-03-19,Cabai Rawit,Jawa Timur,61100.0
2025-03-20,Cabai Rawit,Jawa Timur,62200.0
2025-03-21,Cabai Rawit,Jawa Timur,64300.0
2025-03-22,Cabai Rawit,Jawa Timur,61700.0
2025-03-23,Cabai Rawit,Jawa Timur,63500.0
2025-03-24,Cabai Rawit,Jawa Timur,59300.0
2025-03-25,Cabai Rawit,Jawa Timur,58800.0
2025-03-26,Cabai Rawit,Jawa Timur,66200.0
2025-03-27,Cabai Rawit,Jawa Timur,65300.0
2025-03-28,Cabai Rawit,Jawa Timur,64300.0
2025-03-29,Cabai Rawit,Jawa Timur,65200.0
2025-03-30,Cabai Rawit,Jawa Timur,65700.0
2025-03-31,Cabai Rawit,Jawa Timur,70400.0
2025-04-01,Cabai Rawit,Jawa Timur,62300.0
2025-04-02,Cabai Rawit,Jawa Timur,60200.0
2025-04-03,Cabai Rawit,Jawa Timur,60600.0
2025-04-04,Cabai Rawit,Jawa Timur,59500.0
2025-04-05,Cabai Rawit,Jawa Timur,57100.0
2025-04-06,Cabai Rawit,Jawa Timur,61000.0
2025-04-07,Cabai Rawit,Jawa Timur,55100.0
2025-04-08,Cabai Rawit,Jawa Timur,63000.0
2025-04-09,Cabai Rawit,Jawa Timur,55400.0
2025-04-10,Cabai Rawit,Jawa Timur,59800.0
2025-04-11,Cabai Rawit,Jawa Timur,56000.0
2025-04-12,Cabai Rawit,Jawa Timur,60000.0
2025-04-13,Cabai Rawit,Jawa Timur,58100.0
2025-04-14,Cabai Rawit,Jawa Timur,53800.0
2025-04-15,Cabai Rawit,Jawa Timur,60100.0
2025-04-16,Cabai Rawit,Jawa Timur,57700.0
2025-04-17,Cabai Rawit,Jawa Timur,61600.0
2025-04-18,Cabai Rawit,Jawa Timur,59300.0
2025-04-19,Cabai Rawit,Jawa Timur,60300.0
2025-04-20,Cabai Rawit,Jawa Timur,55900.0
2025-04-21,Cabai Rawit,Jawa Timur,57400.0
2025-04-22,Cabai Rawit,Jawa Timur,58000.0
2025-04-23,Cabai Rawit,Jawa Timur,61200.0
2025-04-24,Cabai Rawit,Jawa Timur,63900.0
2025-04-25,Cabai Rawit,Jawa Timur,56300.0
2025-04-26,Cabai Rawit,Jawa Timur,61800.0
2025-04-27,Cabai Rawit,Jawa Timur,52400.0
2025-04-28,Cabai Rawit,Jawa Timur,55100.0
2025-04-29,Cabai Rawit,Jawa Timur,56100.0
2025-04-30,Cabai Rawit,Jawa Timur,55300.0
2025-05-01,Cabai Rawit,Jawa Timur,53900.0
2025-05-02,Cabai Rawit,Jawa Timur,58400.0
2025-05-03,Cabai Rawit,Jawa Timur,56100.0
2025-05-04,Cabai Rawit,Jawa Timur,57900.0
2025-05-05,Cabai Rawit,Jawa Timur,59300.0
2025-05-06,Cabai Rawit,Jawa Timur,58800.0
2025-05-07,Cabai Rawit,Jawa Timur,60400.0
2025-05-08,Cabai Rawit,Jawa Timur,58000.0
2025-05-09,Cabai Rawit,Jawa Timur,54600.0
2025-05-10,Cabai Rawit,Jawa Timur,60300.0
2025-05-11,Cabai Rawit,Jawa Timur,55800.0
2025-05-12,Cabai Rawit,Jawa Timur,55400.0
2025-05-13,Cabai Rawit,Jawa Timur,57600.0
2025-05-14,Cabai Rawit,Jawa Timur,54900.0
2025-05-15,Cabai Rawit,Jawa Timur,55800.0
2025-05-16,Cabai Rawit,Jawa Timur,57300.0
2025-05-17,Cabai Rawit,Jawa Timur,57300.0
2025-05-18,Cabai Rawit,Jawa Timur,53500.0
2025-05-19,Cabai Rawit,Jawa Timur,54800.0
2025-05-20,Cabai Rawit,Jawa Timur,59600.0
2025-05-21,Cabai Rawit,Jawa Timur,58400.0
2025-05-22,Cabai Rawit,Jawa Timur,62800.0
2025-05-23,Cabai Rawit,Jawa Timur,59500.0
2025-05-24,Cabai Rawit,Jawa Timur,59600.0
2025-05-25,Cabai Rawit,Jawa Timur,53400.0
2025-05-26,Cabai Rawit,Jawa Timur,60400.0
2025-05-27,Cabai Rawit,Jawa Timur,59600.0
2025-05-28,Cabai Rawit,Jawa Timur,58900.0
2025-05-29,Cabai Rawit,Jawa Timur,61200.0
2025-05-30,Cabai Rawit,Jawa Timur,64500.0
2025-05-31,Cabai Rawit,Jawa Timur,63000.0
2025-06-01,Cabai Rawit,Jawa Timur,59600.0
2025-06-02,Cabai Rawit,Jawa Timur,64900.0
2025-06-03,Cabai Rawit,Jawa Timur,62300.0
2025-06-04,Cabai Rawit,Jawa Timur,66200.0
2025-06-05,Cabai Rawit,Jawa Timur,65500.0
2025-06-06,Cabai Rawit,Jawa Timur,66200.0
2025-06-07,Cabai Rawit,Jawa Timur,60400.0
2025-06-08,Cabai Rawit,Jawa Timur,55100.0
2025-06-09,Cabai Rawit,Jawa Timur,63500.0
2025-06-10,Cabai Rawit,Jawa Timur,53800.0
2025-06-11,Cabai Rawit,Jawa Timur,57600.0
2025-06-12,Cabai Rawit,Jawa Timur,59900.0
2025-06-13,Cabai Rawit,Jawa Timur,60500.0
2025-06-14,Cabai Rawit,Jawa Timur,57800.0
2025-06-15,Cabai Rawit,Jawa Timur,58200.0
2025-06-16,Cabai Rawit,Jawa Timur,59900.0
2025-06-17,Cabai Rawit,Jawa Timur,58700.0
2025-06-18,Cabai Rawit,Jawa Timur,63500.0
2025-06-19,Cabai Rawit,Jawa Timur,61000.0
2025-06-20,Cabai Rawit,Jawa Timur,60500.0
2025-06-21,Cabai Rawit,Jawa Timur,55300.0
2025-06-22,Cabai Rawit,Jawa Timur,57900.0
2025-06-23,Cabai Rawit,Jawa Timur,58000.0
2025-06-24,Cabai Rawit,Jawa Timur,56000.0
2025-06-25,Cabai Rawit,Jawa Timur,60000.0
2025-06-26,Cabai Rawit,Jawa Timur,56900.0
2025-06-27,Cabai Rawit,Jawa Timur,60000.0
2025-06-28,Cabai Rawit,Jawa Timur,54800.0
2025-06-29,Cabai Rawit,Jawa Timur,63100.0
2025-06-30,Cabai Rawit,Jawa Timur,56400.0
2025-07-01,Cabai Rawit,Jawa Timur,60300.0
2025-07-02,Cabai Rawit,Jawa Timur,62200.0
2025-07-03,Cabai Rawit,Jawa Timur,57500.0
2025-07-04,Cabai Rawit,Jawa Timur,61100.0
2025-07-05,Cabai Rawit,Jawa Timur,54600.0
2025-07-06,Cabai Rawit,Jawa Timur,62100.0
2025-07-07,Cabai Rawit,Jawa Timur,58400.0
2025-07-08,Cabai Rawit,Jawa Timur,56700.0
2025-07-09,Cabai Rawit,Jawa Timur,56800.0
2025-07-10,Cabai Rawit,Jawa Timur,59400.0
2025-07-11,Cabai Rawit,Jawa Timur,55000.0
2025-07-12,Cabai Rawit,Jawa Timur,53700.0
2025-07-13,Cabai Rawit,Jawa Timur,55300.0
2025-07-14,Cabai Rawit,Jawa Timur,53700.0
2025-07-15,Cabai Rawit,Jawa Timur,63000.0
2025-07-16,Cabai Rawit,Jawa Timur,56900.0
2025-07-17,Cabai Rawit,Jawa Timur,60700.0
2025-07-18,Cabai Rawit,Jawa Timur,58900.0
2025-07-19,Cabai Rawit,Jawa Timur,54900.0
2025-07-20,Cabai Rawit,Jawa Timur,57500.0
2025-07-21,Cabai Rawit,Jawa Timur,59100.0
2025-07-22,Cabai Rawit,Jawa Timur,57200.0
2025-07-23,Cabai Rawit,Jawa Timur,61800.0
2025-07-24,Cabai Rawit,Jawa Timur,60800.0
2025-07-25,Cabai Rawit,Jawa Timur,59800.0
2025-07-26,Cabai Rawit,Jawa Timur,55400.0
2025-07-27,Cabai Rawit,Jawa Timur,53900.0
2025-07-28,Cabai Rawit,Jawa Timur,56000.0
2025-07-29,Cabai Rawit,Jawa Timur,58000.0
2025-07-30,Cabai Rawit,Jawa Timur,59300.0
2025-07-31,Cabai Rawit,Jawa Timur,51200.0
2025-08-01,Cabai Rawit,Jawa Timur,56800.0
2025-08-02,Cabai Rawit,Jawa Timur,57100.0
2025-08-03,Cabai Rawit,Jawa Timur,55900.0
2025-08-04,Cabai Rawit,Jawa Timur,60700.0
2025-08-05,Cabai Rawit,Jawa Timur,58600.0
2025-08-06,Cabai Rawit,Jawa Timur,61500.0
2025-08-07,Cabai Rawit,Jawa Timur,57100.0
2025-08-08,Cabai Rawit,Jawa Timur,59800.0
2025-08-09,Cabai Rawit,Jawa Timur,60900.0
2025-08-10,Cabai Rawit,Jawa Timur,60000.0
2025-08-11,Cabai Rawit,Jawa Timur,54100.0
2025-08-12,Cabai Rawit,Jawa Timur,56900.0
2025-08-13,Cabai Rawit,Jawa Timur,57000.0
2025-08-14,Cabai Rawit,Jawa Timur,59600.0
2025-08-15,Cabai Rawit,Jawa Timur,60000.0
2025-08-16,Cabai Rawit,Jawa Timur,55500.0
2025-08-17,Cabai Rawit,Jawa Timur,57900.0
2025-08-18,Cabai Rawit,Jawa Timur,51600.0
2025-08-19,Cabai Rawit,Jawa Timur,61600.0
2025-08-20,Cabai Rawit,Jawa Timur,56100.0
2025-08-21,Cabai Rawit,Jawa Timur,57500.0
2025-08-22,Cabai Rawit,Jawa Timur,56000.0
2025-08-23,Cabai Rawit,Jawa Timur,59500.0
2025-08-24,Cabai Rawit,Jawa Timur,48100.0
2025-08-25,Cabai Rawit,Jawa Timur,55900.0
2025-08-26,Cabai Rawit,Jawa Timur,56200.0
2025-08-27,Cabai Rawit,Jawa Timur,56000.0
2025-08-28,Cabai Rawit,Jawa Timur,61700.0
2025-08-29,Cabai Rawit,Jawa Timur,54100.0
2025-08-30,Cabai Rawit,Jawa Timur,58700.0
2025-08-31,Cabai Rawit,Jawa Timur,57300.0
2025-09-01,Cabai Rawit,Jawa Timur,60400.0
2025-09-02,Cabai Rawit,Jawa Timur,55300.0
2025-09-03,Cabai Rawit,Jawa Timur,55500.0
2025-09-04,Cabai Rawit,Jawa Timur,60300.0
2025-09-05,Cabai Rawit,Jawa Timur,58100.0
2025-09-06,Cabai Rawit,Jawa Timur,52100.0
2025-09-07,Cabai Rawit,Jawa Timur,55200.0
2025-09-08,Cabai Rawit,Jawa Timur,58900.0
2025-09-09,Cabai Rawit,Jawa Timur,60300.0
2025-09-10,Cabai Rawit,Jawa Timur,56100.0
2025-09-11,Cabai Rawit,Jawa Timur,49700.0
2025-09-12,Cabai Rawit,Jawa Timur,58900.0
2025-09-13,Cabai Rawit,Jawa Timur,53700.0
2025-09-14,Cabai Rawit,Jawa Timur,50600.0
2025-09-15,Cabai Rawit,Jawa Timur,49300.0
2025-09-16,Cabai Rawit,Jawa Timur,60000.0
2025-09-17,Cabai Rawit,Jawa Timur,57600.0
2025-09-18,Cabai Rawit,Jawa Timur,56100.0
2025-09-19,Cabai Rawit,Jawa Timur,60600.0
2025-09-20,Cabai Rawit,Jawa Timur,58800.0
2025-09-21,Cabai Rawit,Jawa Timur,61900.0
2025-09-22,Cabai Rawit,Jawa Timur,54100.0
2025-09-23,Cabai Rawit,Jawa Timur,58300.0
2025-09-24,Cabai Rawit,Jawa Timur,54000.0
2025-09-25,Cabai Rawit,Jawa Timur,58000.0
2025-09-26,Cabai Rawit,Jawa Timur,57100.0
2025-09-27,Cabai Rawit,Jawa Timur,58900.0
2025-09-28,Cabai Rawit,Jawa Timur,57800.0
2025-09-29,Cabai Rawit,Jawa Timur,59800.0
2025-09-30,Cabai Rawit,Jawa Timur,61100.0
2025-10-01,Cabai Rawit,Jawa Timur,65000.0
2025-10-02,Cabai Rawit,Jawa Timur,57800.0
2025-10-03,Cabai Rawit,Jawa Timur,55300.0
2025-10-04,Cabai Rawit,Jawa Timur,58200.0
2025-10-05,Cabai Rawit,Jawa Timur,55000.0
2025-10-06,Cabai Rawit,Jawa Timur,61500.0
2025-10-07,Cabai Rawit,Jawa Timur,56600.0
2025-10-08,Cabai Rawit,Jawa Timur,56200.0
2025-10-09,Cabai Rawit,Jawa Timur,56500.0
2025-10-10,Cabai Rawit,Jawa Timur,58700.0
2025-10-11,Cabai Rawit,Jawa Timur,56500.0
2025-10-12,Cabai Rawit,Jawa Timur,56200.0
2025-10-13,Cabai Rawit,Jawa Timur,63000.0
2025-10-14,Cabai Rawit,Jawa Timur,56300.0
2025-10-15,Cabai Rawit,Jawa Timur,60000.0
2025-10-16,Cabai Rawit,Jawa Timur,60900.0
2025-10-17,Cabai Rawit,Jawa Timur,54200.0
2025-10-18,Cabai Rawit,Jawa Timur,59700.0
2025-10-19,Cabai Rawit,Jawa Timur,56200.0
2025-10-20,Cabai Rawit,Jawa Timur,62000.0
2025-10-21,Cabai Rawit,Jawa Timur,57300.0
2025-10-22,Cabai Rawit,Jawa Timur,61700.0
2025-10-23,Cabai Rawit,Jawa Timur,62500.0
2025-10-24,Cabai Rawit,Jawa Timur,60900.0
2025-10-25,Cabai Rawit,Jawa Timur,59000.0
2025-10-26,Cabai Rawit,Jawa Timur,57600.0
2025-10-27,Cabai Rawit,Jawa Timur,56600.0
2025-10-28,Cabai Rawit,Jawa Timur,63300.0
2025-10-29,Cabai Rawit,Jawa Timur,57200.0
2025-10-30,Cabai Rawit,Jawa Timur,55500.0
2025-10-31,Cabai Rawit,Jawa Timur,59700.0
2025-11-01,Cabai Rawit,Jawa Timur,55500.0
2025-11-02,Cabai Rawit,Jawa Timur,54600.0
2025-11-03,Cabai Rawit,Jawa Timur,53800.0
2025-11-04,Cabai Rawit,Jawa Timur,56600.0
2025-11-05,Cabai Rawit,Jawa Timur,58500.0
2025-11-06,Cabai Rawit,Jawa Timur,59300.0
2025-11-07,Cabai Rawit,Jawa Timur,60700.0
2025-11-08,Cabai Rawit,Jawa Timur,58900.0
2025-11-09,Cabai Rawit,Jawa Timur,57100.0
2025-11-10,Cabai Rawit,Jawa Timur,57800.0
2025-11-11,Cabai Rawit,Jawa Timur,60300.0
2025-11-12,Cabai Rawit,Jawa Timur,62500.0
2025-11-13,Cabai Rawit,Jawa Timur,59100.0
2025-11-14,Cabai Rawit,Jawa Timur,56700.0
2025-11-15,Cabai Rawit,Jawa Timur,54900.0
2025-11-16,Cabai Rawit,Jawa Timur,53000.0
2025-11-17,Cabai Rawit,Jawa Timur,59800.0
2025-11-18,Cabai Rawit,Jawa Timur,60200.0
2025-11-19,Cabai Rawit,Jawa Timur,60000.0
2025-11-20,Cabai Rawit,Jawa Timur,58500.0
2025-11-21,Cabai Rawit,Jawa Timur,62400.0
2025-11-22,Cabai Rawit,Jawa Timur,56500.0
2025-11-23,Cabai Rawit,Jawa Timur,61000.0
2025-11-24,Cabai Rawit,Jawa Timur,58900.0
2025-11-25,Cabai Rawit,Jawa Timur,57900.0
2025-11-26,Cabai Rawit,Jawa Timur,61300.0
2025-11-27,Cabai Rawit,Jawa Timur,60700.0
2025-11-28,Cabai Rawit,Jawa Timur,60000.0
2025-11-29,Cabai Rawit,Jawa Timur,59200.0
2025-11-30,Cabai Rawit,Jawa Timur,58300.0
2025-12-01,Cabai Rawit,Jawa Timur,65600.0
2025-12-02,Cabai Rawit,Jawa Timur,63400.0
2025-12-03,Cabai Rawit,Jawa Timur,61900.0
2025-12-04,Cabai Rawit,Jawa Timur,59700.0
2025-12-05,Cabai Rawit,Jawa Timur,61600.0
2025-12-06,Cabai Rawit,Jawa Timur,59500.0
2025-12-07,Cabai Rawit,Jawa Timur,57500.0
2025-12-08,Cabai Rawit,Jawa Timur,57000.0
2025-12-09,Cabai Rawit,Jawa Timur,58200.0
2025-12-10,Cabai Rawit,Jawa Timur,49500.0
2025-12-11,Cabai Rawit,Jawa Timur,58900.0
2025-12-12,Cabai Rawit,Jawa Timur,56500.0
2025-12-13,Cabai Rawit,Jawa Timur,62500.0
2025-12-14,Cabai Rawit,Jawa Timur,58200.0
2025-12-15,Cabai Rawit,Jawa Timur,55000.0
2025-12-16,Cabai Rawit,Jawa Timur,58700.0
2025-12-17,Cabai Rawit,Jawa Timur,56200.0
2025-12-18,Cabai Rawit,Jawa Timur,60900.0
2025-12-19,Cabai Rawit,Jawa Timur,59700.0
2025-12-20,Cabai Rawit,Jawa Timur,61400.0
2025-12-21,Cabai Rawit,Jawa Timur,56700.0
2025-12-22,Cabai Rawit,Jawa Timur,59200.0
2025-12-23,Cabai Rawit,Jawa Timur,55700.0
2025-12-24,Cabai Rawit,Jawa Timur,61300.0
2025-12-25,Cabai Rawit,Jawa Timur,59900.0
2025-12-26,Cabai Rawit,Jawa Timur,59500.0
2025-12-27,Cabai Rawit,Jawa Timur,57700.0
2025-12-28,Cabai Rawit,Jawa Timur,59100.0
2025-12-29,Cabai Rawit,Jawa Timur,63100.0
2025-12-30,Cabai Rawit,Jawa Timur,57800.0
2025-12-31,Cabai Rawit,Jawa Timur,59200.0
2026-01-01,Cabai Rawit,Jawa Timur,54900.0
2026-01-02,Cabai Rawit,Jawa Timur,55600.0
2026-01-03,Cabai Rawit,Jawa Timur,57700.0
2026-01-04,Cabai Rawit,Jawa Timur,60700.0
2026-01-05,Cabai Rawit,Jawa Timur,56900.0
2026-01-06,Cabai Rawit,Jawa Timur,57700.0
2026-01-07,Cabai Rawit,Jawa Timur,57200.0
2026-01-08,Cabai Rawit,Jawa Timur,56400.0
2026-01-09,Cabai Rawit,Jawa Timur,58700.0
2026-01-10,Cabai Rawit,Jawa Timur,53300.0
2026-01-11,Cabai Rawit,Jawa Timur,61700.0
2026-01-12,Cabai Rawit,Jawa Timur,56200.0
2026-01-13,Cabai Rawit,Jawa Timur,60300.0
2026-01-14,Cabai Rawit,Jawa Timur,54600.0
2026-01-15,Cabai Rawit,Jawa Timur,60000.0
2026-01-16,Cabai Rawit,Jawa Timur,59800.0
2026-01-17,Cabai Rawit,Jawa Timur,58600.0
2026-01-18,Cabai Rawit,Jawa Timur,54900.0
2026-01-19,Cabai Rawit,Jawa Timur,58400.0
2026-01-20,Cabai Rawit,Jawa Timur,55400.0
2026-01-21,Cabai Rawit,Jawa Timur,58300.0
2026-01-22,Cabai Rawit,Jawa Timur,62100.0
2026-01-23,Cabai Rawit,Jawa Timur,60600.0
2026-01-24,Cabai Rawit,Jawa Timur,58200.0
2026-01-25,Cabai Rawit,Jawa Timur,55000.0
2026-01-26,Cabai Rawit,Jawa Timur,60500.0
2026-01-27,Cabai Rawit,Jawa Timur,59000.0
2026-01-28,Cabai Rawit,Jawa Timur,52100.0
2026-01-29,Cabai Rawit,Jawa Timur,61500.0
2026-01-30,Cabai Rawit,Jawa Timur,58100.0
2026-01-31,Cabai Rawit,Jawa Timur,61200.0
2026-02-01,Cabai Rawit,Jawa Timur,54800.0
2026-02-02,Cabai Rawit,Jawa Timur,49900.0
2026-02-03,Cabai Rawit,Jawa Timur,60700.0
2026-02-04,Cabai Rawit,Jawa Timur,61200.0
2026-02-05,Cabai Rawit,Jawa Timur,54900.0
2026-02-06,Cabai Rawit,Jawa Timur,57400.0
2026-02-07,Cabai Rawit,Jawa Timur,67500.0
2026-02-08,Cabai Rawit,Jawa Timur,58600.0
2026-02-09,Cabai Rawit,Jawa Timur,61600.0
2026-02-10,Cabai Rawit,Jawa Timur,57000.0
2026-02-11,Cabai Rawit,Jawa Timur,52900.0
2026-02-12,Cabai Rawit,Jawa Timur,58500.0
2026-02-13,Cabai Rawit,Jawa Timur,57700.0
2026-02-14,Cabai Rawit,Jawa Timur,57000.0
2026-02-15,Cabai Rawit,Jawa Timur,59200.0
2026-02-16,Cabai Rawit,Jawa Timur,60800.0
2026-02-17,Cabai Rawit,Jawa Timur,60300.0
2026-02-18,Cabai Rawit,Jawa Timur,56800.0
2026-02-19,Cabai Rawit,Jawa Timur,62000.0
2026-02-20,Cabai Rawit,Jawa Timur,54000.0
2026-02-21,Cabai Rawit,Jawa Timur,53300.0
2026-02-22,Cabai Rawit,Jawa Timur,62600.0
2026-02-23,Cabai Rawit,Jawa Timur,62900.0
2026-02-24,Cabai Rawit,Jawa Timur,61800.0
2026-02-25,Cabai Rawit,Jawa Timur,56900.0
2026-02-26,Cabai Rawit,Jawa Timur,58600.0
2026-02-27,Cabai Rawit,Jawa Timur,60600.0
2026-02-28,Cabai Rawit,Jawa Timur,56200.0
2026-03-01,Cabai Rawit,Jawa Timur,59400.0
2026-03-02,Cabai Rawit,Jawa Timur,64700.0
2026-03-03,Cabai Rawit,Jawa Timur,67700.0
2026-03-04,Cabai Rawit,Jawa Timur,61900.0
2026-03-05,Cabai Rawit,Jawa Timur,64200.0
2026-03-06,Cabai Rawit,Jawa Timur,55900.0
2026-03-07,Cabai Rawit,Jawa Timur,63700.0
2026-03-08,Cabai Rawit,Jawa Timur,60100.0
2026-03-09,Cabai Rawit,Jawa Timur,64100.0
2026-03-10,Cabai Rawit,Jawa Timur,63500.0
2026-03-11,Cabai Rawit,Jawa Timur,69100.0
2026-03-12,Cabai Rawit,Jawa Timur,62800.0
2026-03-13,Cabai Rawit,Jawa Timur,67000.0
2026-03-14,Cabai Rawit,Jawa Timur,65100.0
2026-03-15,Cabai Rawit,Jawa Timur,66000.0
2026-03-16,Cabai Rawit,Jawa Timur,66400.0
2026-03-17,Cabai Rawit,Jawa Timur,65500.0
2026-03-18,Cabai Rawit,Jawa Timur,68900.0
2026-03-19,Cabai Rawit,Jawa Timur,69100.0
2026-03-20,Cabai Rawit,Jawa Timur,70600.0
2026-03-21,Cabai Rawit,Jawa Timur,61000.0
2026-03-22,Cabai Rawit,Jawa Timur,63300.0
2026-03-23,Cabai Rawit,Jawa Timur,63800.0
2026-03-24,Cabai Rawit,Jawa Timur,58500.0
2026-03-25,Cabai Rawit,Jawa Timur,64700.0
2026-03-26,Cabai Rawit,Jawa Timur,57900.0
2026-03-27,Cabai Rawit,Jawa Timur,62000.0
2026-03-28,Cabai Rawit,Jawa Timur,62400.0
2026-03-29,Cabai Rawit,Jawa Timur,54400.0
2026-03-30,Cabai Rawit,Jawa Timur,60700.0
2026-03-31,Cabai Rawit,Jawa Timur,59600.0
2026-04-01,Cabai Rawit,Jawa Timur,58400.0
2026-04-02,Cabai Rawit,Jawa Timur,64000.0
2026-04-03,Cabai Rawit,Jawa Timur,56400.0
2026-04-04,Cabai Rawit,Jawa Timur,56000.0
2026-04-05,Cabai Rawit,Jawa Timur,58600.0
2026-04-06,Cabai Rawit,Jawa Timur,62100.0
2026-04-07,Cabai Rawit,Jawa Timur,59700.0
2026-04-08,Cabai Rawit,Jawa Timur,63500.0
2026-04-09,Cabai Rawit,Jawa Timur,60900.0
2026-04-10,Cabai Rawit,Jawa Timur,52300.0
2026-04-11,Cabai Rawit,Jawa Timur,56800.0
2026-04-12,Cabai Rawit,Jawa Timur,57100.0
2026-04-13,Cabai Rawit,Jawa Timur,60300.0
2026-04-14,Cabai Rawit,Jawa Timur,50700.0
2026-04-15,Cabai Rawit,Jawa Timur,66100.0
2026-04-16,Cabai Rawit,Jawa Timur,58600.0
2026-04-17,Cabai Rawit,Jawa Timur,56700.0
2026-04-18,Cabai Rawit,Jawa Timur,59400.0
2026-04-19,Cabai Rawit,Jawa Timur,62800.0
2026-04-20,Cabai Rawit,Jawa Timur,59300.0
2026-04-21,Cabai Rawit,Jawa Timur,60500.0
2026-04-22,Cabai Rawit,Jawa Timur,58000.0
2026-04-23,Cabai Rawit,Jawa Timur,56100.0
2026-04-24,Cabai Rawit,Jawa Timur,54400.0
2026-04-25,Cabai Rawit,Jawa Timur,52800.0
2026-04-26,Cabai Rawit,Jawa Timur,53000.0
2026-04-27,Cabai Rawit,Jawa Timur,51100.0
2026-04-28,Cabai Rawit,Jawa Timur,55200.0
2026-04-29,Cabai Rawit,Jawa Timur,50200.0
2026-04-30,Cabai Rawit,Jawa Timur,55400.0
2026-05-01,Cabai Rawit,Jawa Timur,54300.0
2026-05-02,Cabai Rawit,Jawa Timur,54700.0
2026-05-03,Cabai Rawit,Jawa Timur,52400.0
2026-05-04,Cabai Rawit,Jawa Timur,64400.0
2026-05-05,Cabai Rawit,Jawa Timur,59200.0
2026-05-06,Cabai Rawit,Jawa Timur,50600.0
2026-05-07,Cabai Rawit,Jawa Timur,55000.0
2026-05-08,Cabai Rawit,Jawa Timur,51600.0
2026-05-09,Cabai Rawit,Jawa Timur,50300.0
2026-05-10,Cabai Rawit,Jawa Timur,48400.0
2026-05-11,Cabai Rawit,Jawa Timur,54700.0
2026-05-12,Cabai Rawit,Jawa Timur,52000.0
2026-05-13,Cabai Rawit,Jawa Timur,56600.0
2026-05-14,Cabai Rawit,Jawa Timur,55700.0
2026-05-15,Cabai Rawit,Jawa Timur,57100.0
2026-05-16,Cabai Rawit,Jawa Timur,49700.0
2026-05-17,Cabai Rawit,Jawa Timur,53500.0
2026-05-18,Cabai Rawit,Jawa Timur,53500.0
2026-05-19,Cabai Rawit,Jawa Timur,50300.0
2026-05-20,Cabai Rawit,Jawa Timur,49400.0
2026-05-21,Cabai Rawit,Jawa Timur,56700.0
2026-05-22,Cabai Rawit,Jawa Timur,51500.0
2026-05-23,Cabai Rawit,Jawa Timur,51800.0
2026-05-24,Cabai Rawit,Jawa Timur,47700.0
2026-05-25,Cabai Rawit,Jawa Timur,47200.0
2026-05-26,Cabai Rawit,Jawa Timur,48900.0
2026-05-27,Cabai Rawit,Jawa Timur,50800.0
2026-05-28,Cabai Rawit,Jawa Timur,47700.0
2026-05-29,Cabai Rawit,Jawa Timur,50900.0
2026-05-30,Cabai Rawit,Jawa Timur,45600.0
2026-05-31,Cabai Rawit,Jawa Timur,46300.0
2026-06-01,Cabai Rawit,Jawa Timur,52000.0
2026-06-02,Cabai Rawit,Jawa Timur,52600.0
2026-06-03,Cabai Rawit,Jawa Timur,49300.0
2026-06-04,Cabai Rawit,Jawa Timur,47000.0
2026-06-05,Cabai Rawit,Jawa Timur,46500.0
2026-06-06,Cabai Rawit,Jawa Timur,47000.0
2026-06-07,Cabai Rawit,Jawa Timur,50800.0
2026-06-08,Cabai Rawit,Jawa Timur,51600.0
2026-06-09,Cabai Rawit,Jawa Timur,47900.0
2026-06-10,Cabai Rawit,Jawa Timur,46000.0
2026-06-11,Cabai Rawit,Jawa Timur,50500.0
2026-06-12,Cabai Rawit,Jawa Timur,47000.0
2026-06-13,Cabai Rawit,Jawa Timur,47500.0
2026-06-14,Cabai Rawit,Jawa Timur,52700.0
2026-06-15,Cabai Rawit,Jawa Timur,51900.0
2026-06-16,Cabai Rawit,Jawa Timur,49500.0
2026-06-17,Cabai Rawit,Jawa Timur,45600.0
2026-06-18,Cabai Rawit,Jawa Timur,49300.0
2026-06-19,Cabai Rawit,Jawa Timur,51900.0
2026-06-20,Cabai Rawit,Jawa Timur,47400.0
2026-06-21,Cabai Rawit,Jawa Timur,52800.0
2026-06-22,Cabai Rawit,Jawa Timur,53000.0
2026-06-23,Cabai Rawit,Jawa Timur,53800.0
2026-06-24,Cabai Rawit,Jawa Timur,49500.0
2026-06-25,Cabai Rawit,Jawa Timur,50300.0
2026-06-26,Cabai Rawit,Jawa Timur,52400.0
2026-06-27,Cabai Rawit,Jawa Timur,49700.0
2026-06-28,Cabai Rawit,Jawa Timur,47200.0
2026-06-29,Cabai Rawit,Jawa Timur,47300.0
2026-06-30,Cabai Rawit,Jawa Timur,49400.0
2026-07-01,Cabai Rawit,Jawa Timur,44900.0
2026-07-02,Cabai Rawit,Jawa Timur,47100.0
2026-07-03,Cabai Rawit,Jawa Timur,51000.0
2026-07-04,Cabai Rawit,Jawa Timur,41300.0
2026-07-05,Cabai Rawit,Jawa Timur,52700.0
2026-07-06,Cabai Rawit,Jawa Timur,51300.0
2026-07-07,Cabai Rawit,Jawa Timur,47500.0
2026-07-08,Cabai Rawit,Jawa Timur,51400.0
2026-07-09,Cabai Rawit,Jawa Timur,49000.0
2026-07-10,Cabai Rawit,Jawa Timur,52400.0
2026-07-11,Cabai Rawit,Jawa Timur,51400.0
2026-07-12,Cabai Rawit,Jawa Timur,44000.0
2026-07-13,Cabai Rawit,Jawa Timur,50300.0
2026-07-14,Cabai Rawit,Jawa Timur,48600.0
2026-07-15,Cabai Rawit,Jawa Timur,49300.0
2026-07-16,Cabai Rawit,Jawa Timur,47100.0
2026-07-17,Cabai Rawit,Jawa Timur,53200.0
2026-07-18,Cabai Rawit,Jawa Timur,50300.0
2026-07-19,Cabai Rawit,Jawa Timur,45300.0
2026-07-20,Cabai Rawit,Jawa Timur,43900.0
2026-07-21,Cabai Rawit,Jawa Timur,46700.0
2026-07-22,Cabai Rawit,Jawa Timur,49500.0
2026-07-23,Cabai Rawit,Jawa Timur,48900.0
2026-07-24,Cabai Rawit,Jawa Timur,51700.0
2026-07-25,Cabai Rawit,Jawa Timur,50000.0
2026-07-26,Cabai Rawit,Jawa Timur,50800.0
2026-07-27,Cabai Rawit,Jawa Timur,49200.0
2026-07-28,Cabai Rawit,Jawa Timur,45400.0
2026-07-29,Cabai Rawit,Jawa Timur,48600.0
2026-07-30,Cabai Rawit,Jawa Timur,52800.0
2026-07-31,Cabai Rawit,Jawa Timur,49100.0
2026-08-01,Cabai Rawit,Jawa Timur,49900.0
2026-08-02,Cabai Rawit,Jawa Timur,48100.0
2026-08-03,Cabai Rawit,Jawa Timur,46500.0
2026-08-04,Cabai Rawit,Jawa Timur,49800.0
2026-08-05,Cabai Rawit,Jawa Timur,51600.0
2026-08-06,Cabai Rawit,Jawa Timur,48700.0
2026-08-07,Cabai Rawit,Jawa Timur,49200.0
2026-08-08,Cabai Rawit,Jawa Timur,47300.0
2026-08-09,Cabai Rawit,Jawa Timur,53200.0
2026-08-10,Cabai Rawit,Jawa Timur,49800.0
2026-08-11,Cabai Rawit,Jawa Timur,54400.0
2026-08-12,Cabai Rawit,Jawa Timur,54900.0
2026-08-13,Cabai Rawit,Jawa Timur,49700.0
2026-08-14,Cabai Rawit,Jawa Timur,47300.0
2026-08-15,Cabai Rawit,Jawa Timur,44200.0
2026-08-16,Cabai Rawit,Jawa Timur,46100.0
2026-08-17,Cabai Rawit,Jawa Timur,46900.0
2026-08-18,Cabai Rawit,Jawa Timur,54800.0
2026-08-19,Cabai Rawit,Jawa Timur,51900.0
2026-08-20,Cabai Rawit,Jawa Timur,53100.0
2026-08-21,Cabai Rawit,Jawa Timur,45400.0
2026-08-22,Cabai Rawit,Jawa Timur,48600.0
2026-08-23,Cabai Rawit,Jawa Timur,54400.0
2026-08-24,Cabai Rawit,Jawa Timur,52800.0
2026-08-25,Cabai Rawit,Jawa Timur,52000.0
2026-08-26,Cabai Rawit,Jawa Timur,54300.0
2026-08-27,Cabai Rawit,Jawa Timur,56900.0
2026-08-28,Cabai Rawit,Jawa Timur,51300.0
2026-08-29,Cabai Rawit,Jawa Timur,52000.0
2026-08-30,Cabai Rawit,Jawa Timur,52100.0
2026-08-31,Cabai Rawit,Jawa Timur,58900.0
2026-09-01,Cabai Rawit,Jawa Timur,46900.0
2026-09-02,Cabai Rawit,Jawa Timur,55000.0
2026-09-03,Cabai Rawit,Jawa Timur,52800.0
2026-09-04,Cabai Rawit,Jawa Timur,53800.0
2026-09-05,Cabai Rawit,Jawa Timur,50300.0
2026-09-06,Cabai Rawit,Jawa Timur,51700.0
2026-09-07,Cabai Rawit,Jawa Timur,53800.0
2026-09-08,Cabai Rawit,Jawa Timur,60800.0
2026-09-09,Cabai Rawit,Jawa Timur,54000.0
2026-09-10,Cabai Rawit,Jawa Timur,48800.0
2026-09-11,Cabai Rawit,Jawa Timur,49500.0
2026-09-12,Cabai Rawit,Jawa Timur,49500.0
2026-09-13,Cabai Rawit,Jawa Timur,45700.0
2026-09-14,Cabai Rawit,Jawa Timur,49600.0
2026-09-15,Cabai Rawit,Jawa Timur,53500.0
2026-09-16,Cabai Rawit,Jawa Timur,47500.0
2026-09-17,Cabai Rawit,Jawa Timur,53800.0
2026-09-18,Cabai Rawit,Jawa Timur,52000.0
2026-09-19,Cabai Rawit,Jawa Timur,48400.0
2026-09-20,Cabai Rawit,Jawa Timur,50500.0
2026-09-21,Cabai Rawit,Jawa Timur,56000.0
2026-09-22,Cabai Rawit,Jawa Timur,53700.0
2026-09-23,Cabai Rawit,Jawa Timur,52600.0
2026-09-24,Cabai Rawit,Jawa Timur,51700.0
2026-09-25,Cabai Rawit,Jawa Timur,52100.0
2026-09-26,Cabai Rawit,Jawa Timur,50500.0
2026-09-27,Cabai Rawit,Jawa Timur,46300.0
2026-09-28,Cabai Rawit,Jawa Timur,58500.0
2026-09-29,Cabai Rawit,Jawa Timur,54600.0
2026-09-30,Cabai Rawit,Jawa Timur,55300.0
2024-01-01,Cabai Rawit,Sumatera Utara,56800.0
2024-01-02,Cabai Rawit,Sumatera Utara,58700.0
2024-01-03,Cabai Rawit,Sumatera Utara,61300.0
2024-01-04,Cabai Rawit,Sumatera Utara,52900.0
2024-01-05,Cabai Rawit,Sumatera Utara,51300.0
2024-01-06,Cabai Rawit,Sumatera Utara,54800.0
2024-01-07,Cabai Rawit,Sumatera Utara,52500.0
2024-01-08,Cabai Rawit,Sumatera Utara,57100.0
2024-01-09,Cabai Rawit,Sumatera Utara,59800.0
2024-01-10,Cabai Rawit,Sumatera Utara,55300.0
2024-01-11,Cabai Rawit,Sumatera Utara,52500.0
2024-01-12,Cabai Rawit,Sumatera Utara,56300.0
2024-01-13,Cabai Rawit,Sumatera Utara,58800.0
2024-01-14,Cabai Rawit,Sumatera Utara,51000.0
2024-01-15,Cabai Rawit,Sumatera Utara,59400.0
2024-01-16,Cabai Rawit,Sumatera Utara,59200.0
2024-01-17,Cabai Rawit,Sumatera Utara,60200.0
2024-01-18,Cabai Rawit,Sumatera Utara,60500.0
2024-01-19,Cabai Rawit,Sumatera Utara,63000.0
2024-01-20,Cabai Rawit,Sumatera Utara,54900.0
2024-01-21,Cabai Rawit,Sumatera Utara,55900.0
2024-01-22,Cabai Rawit,Sumatera Utara,54300.0
2024-01-23,Cabai Rawit,Sumatera Utara,56500.0
2024-01-24,Cabai Rawit,Sumatera Utara,61600.0
2024-01-25,Cabai Rawit,Sumatera Utara,52800.0
2024-01-26,Cabai Rawit,Sumatera Utara,54000.0
2024-01-27,Cabai Rawit,Sumatera Utara,60700.0
2024-01-28,Cabai Rawit,Sumatera Utara,59100.0
2024-01-29,Cabai Rawit,Sumatera Utara,55200.0
2024-01-30,Cabai Rawit,Sumatera Utara,59400.0
2024-01-31,Cabai Rawit,Sumatera Utara,58800.0
2024-02-01,Cabai Rawit,Sumatera Utara,62500.0
2024-02-02,Cabai Rawit,Sumatera Utara,58200.0
2024-02-03,Cabai Rawit,Sumatera Utara,61100.0
2024-02-04,Cabai Rawit,Sumatera Utara,66000.0
2024-02-05,Cabai Rawit,Sumatera Utara,60200.0
2024-02-06,Cabai Rawit,Sumatera Utara,59100.0
2024-02-07,Cabai Rawit,Sumatera Utara,61000.0
2024-02-08,Cabai Rawit,Sumatera Utara,57100.0
2024-02-09,Cabai Rawit,Sumatera Utara,65100.0
2024-02-10,Cabai Rawit,Sumatera Utara,58600.0
2024-02-11,Cabai Rawit,Sumatera Utara,56500.0
2024-02-12,Cabai Rawit,Sumatera Utara,55700.0
2024-02-13,Cabai Rawit,Sumatera Utara,61900.0
2024-02-14,Cabai Rawit,Sumatera Utara,60800.0
2024-02-15,Cabai Rawit,Sumatera Utara,56700.0
2024-02-16,Cabai Rawit,Sumatera Utara,59900.0
2024-02-17,Cabai Rawit,Sumatera Utara,53600.0
2024-02-18,Cabai Rawit,Sumatera Utara,59400.0
2024-02-19,Cabai Rawit,Sumatera Utara,61600.0
2024-02-20,Cabai Rawit,Sumatera Utara,66400.0
2024-02-21,Cabai Rawit,Sumatera Utara,58500.0
2024-02-22,Cabai Rawit,Sumatera Utara,56800.0
2024-02-23,Cabai Rawit,Sumatera Utara,58100.0
2024-02-24,Cabai Rawit,Sumatera Utara,56100.0
2024-02-25,Cabai Rawit,Sumatera Utara,64300.0
2024-02-26,Cabai Rawit,Sumatera Utara,65400.0
2024-02-27,Cabai Rawit,Sumatera Utara,61100.0
2024-02-28,Cabai Rawit,Sumatera Utara,64200.0
2024-02-29,Cabai Rawit,Sumatera Utara,59700.0
2024-03-01,Cabai Rawit,Sumatera Utara,58500.0
2024-03-02,Cabai Rawit,Sumatera Utara,57800.0
2024-03-03,Cabai Rawit,Sumatera Utara,57800.0
2024-03-04,Cabai Rawit,Sumatera Utara,55100.0
2024-03-05,Cabai Rawit,Sumatera Utara,60700.0
2024-03-06,Cabai Rawit,Sumatera Utara,60400.0
2024-03-07,Cabai Rawit,Sumatera Utara,62900.0
2024-03-08,Cabai Rawit,Sumatera Utara,59600.0
2024-03-09,Cabai Rawit,Sumatera Utara,59600.0
2024-03-10,Cabai Rawit,Sumatera Utara,57500.0
2024-03-11,Cabai Rawit,Sumatera Utara,60600.0
2024-03-12,Cabai Rawit,Sumatera Utara,62600.0
2024-03-13,Cabai Rawit,Sumatera Utara,56600.0
2024-03-14,Cabai Rawit,Sumatera Utara,60200.0
2024-03-15,Cabai Rawit,Sumatera Utara,60200.0
2024-03-16,Cabai Rawit,Sumatera Utara,56700.0
2024-03-17,Cabai Rawit,Sumatera Utara,57500.0
2024-03-18,Cabai Rawit,Sumatera Utara,60500.0
2024-03-19,Cabai Rawit,Sumatera Utara,55700.0
2024-03-20,Cabai Rawit,Sumatera Utara,60600.0
2024-03-21,Cabai Rawit,Sumatera Utara,55200.0
2024-03-22,Cabai Rawit,Sumatera Utara,61200.0
2024-03-23,Cabai Rawit,Sumatera Utara,64500.0
2024-03-24,Cabai Rawit,Sumatera Utara,54500.0
2024-03-25,Cabai Rawit,Sumatera Utara,60000.0
2024-03-26,Cabai Rawit,Sumatera Utara,56000.0
2024-03-27,Cabai Rawit,Sumatera Utara,62300.0
2024-03-28,Cabai Rawit,Sumatera Utara,55000.0
2024-03-29,Cabai Rawit,Sumatera Utara,61500.0
2024-03-30,Cabai Rawit,Sumatera Utara,57300.0
2024-03-31,Cabai Rawit,Sumatera Utara,59900.0
2024-04-01,Cabai Rawit,Sumatera Utara,58600.0
2024-04-02,Cabai Rawit,Sumatera Utara,65600.0
2024-04-03,Cabai Rawit,Sumatera Utara,60600.0
2024-04-04,Cabai Rawit,Sumatera Utara,65200.0
2024-04-05,Cabai Rawit,Sumatera Utara,62400.0
2024-04-06,Cabai Rawit,Sumatera Utara,64000.0
2024-04-07,Cabai Rawit,Sumatera Utara,64800.0
2024-04-08,Cabai Rawit,Sumatera Utara,63100.0
2024-04-09,Cabai Rawit,Sumatera Utara,67600.0
2024-04-10,Cabai Rawit,Sumatera Utara,72800.0
2024-04-11,Cabai Rawit,Sumatera Utara,56300.0
2024-04-12,Cabai Rawit,Sumatera Utara,62000.0
2024-04-13,Cabai Rawit,Sumatera Utara,62600.0
2024-04-14,Cabai Rawit,Sumatera Utara,55600.0
2024-04-15,Cabai Rawit,Sumatera Utara,54000.0
2024-04-16,Cabai Rawit,Sumatera Utara,60000.0
2024-04-17,Cabai Rawit,Sumatera Utara,57500.0
2024-04-18,Cabai Rawit,Sumatera Utara,64700.0
2024-04-19,Cabai Rawit,Sumatera Utara,58000.0
2024-04-20,Cabai Rawit,Sumatera Utara,54800.0
2024-04-21,Cabai Rawit,Sumatera Utara,54400.0
2024-04-22,Cabai Rawit,Sumatera Utara,60600.0
2024-04-23,Cabai Rawit,Sumatera Utara,55900.0
2024-04-24,Cabai Rawit,Sumatera Utara,58000.0
2024-04-25,Cabai Rawit,Sumatera Utara,59900.0
2024-04-26,Cabai Rawit,Sumatera Utara,54900.0
2024-04-27,Cabai Rawit,Sumatera Utara,56100.0
2024-04-28,Cabai Rawit,Sumatera Utara,56600.0
2024-04-29,Cabai Rawit,Sumatera Utara,58100.0
2024-04-30,Cabai Rawit,Sumatera Utara,58800.0
2024-05-01,Cabai Rawit,Sumatera Utara,56000.0
2024-05-02,Cabai Rawit,Sumatera Utara,56900.0
2024-05-03,Cabai Rawit,Sumatera Utara,55300.0
2024-05-04,Cabai Rawit,Sumatera Utara,51100.0
2024-05-05,Cabai Rawit,Sumatera Utara,56900.0
2024-05-06,Cabai Rawit,Sumatera Utara,62400.0
2024-05-07,Cabai Rawit,Sumatera Utara,53100.0
2024-05-08,Cabai Rawit,Sumatera Utara,54000.0
2024-05-09,Cabai Rawit,Sumatera Utara,53000.0
2024-05-10,Cabai Rawit,Sumatera Utara,57300.0
2024-05-11,Cabai Rawit,Sumatera Utara,55900.0
2024-05-12,Cabai Rawit,Sumatera Utara,54200.0
2024-05-13,Cabai Rawit,Sumatera Utara,52100.0
2024-05-14,Cabai Rawit,Sumatera Utara,56000.0
2024-05-15,Cabai Rawit,Sumatera Utara,50200.0
2024-05-16,Cabai Rawit,Sumatera Utara,55000.0
2024-05-17,Cabai Rawit,Sumatera Utara,56700.0
2024-05-18,Cabai Rawit,Sumatera Utara,50500.0
2024-05-19,Cabai Rawit,Sumatera Utara,49700.0
2024-05-20,Cabai Rawit,Sumatera Utara,60300.0
2024-05-21,Cabai Rawit,Sumatera Utara,53800.0
2024-05-22,Cabai Rawit,Sumatera Utara,59300.0
2024-05-23,Cabai Rawit,Sumatera Utara,54700.0
2024-05-24,Cabai Rawit,Sumatera Utara,54100.0
2024-05-25,Cabai Rawit,Sumatera Utara,55900.0
2024-05-26,Cabai Rawit,Sumatera Utara,52400.0
2024-05-27,Cabai Rawit,Sumatera Utara,56100.0
2024-05-28,Cabai Rawit,Sumatera Utara,55400.0
2024-05-29,Cabai Rawit,Sumatera Utara,52100.0
2024-05-30,Cabai Rawit,Sumatera Utara,56800.0
2024-05-31,Cabai Rawit,Sumatera Utara,54100.0
2024-06-01,Cabai Rawit,Sumatera Utara,54300.0
2024-06-02,Cabai Rawit,Sumatera Utara,50900.0
2024-06-03,Cabai Rawit,Sumatera Utara,60400.0
2024-06-04,Cabai Rawit,Sumatera Utara,58800.0
2024-06-05,Cabai Rawit,Sumatera Utara,59800.0
2024-06-06,Cabai Rawit,Sumatera Utara,56400.0
2024-06-07,Cabai Rawit,Sumatera Utara,51200.0
2024-06-08,Cabai Rawit,Sumatera Utara,63800.0
2024-06-09,Cabai Rawit,Sumatera Utara,58100.0
2024-06-10,Cabai Rawit,Sumatera Utara,56200.0
2024-06-11,Cabai Rawit,Sumatera Utara,61000.0
2024-06-12,Cabai Rawit,Sumatera Utara,64000.0
2024-06-13,Cabai Rawit,Sumatera Utara,60500.0
2024-06-14,Cabai Rawit,Sumatera Utara,65000.0
2024-06-15,Cabai Rawit,Sumatera Utara,65000.0
2024-06-16,Cabai Rawit,Sumatera Utara,59100.0
2024-06-17,Cabai Rawit,Sumatera Utara,61600.0
2024-06-18,Cabai Rawit,Sumatera Utara,58200.0
2024-06-19,Cabai Rawit,Sumatera Utara,47500.0
2024-06-20,Cabai Rawit,Sumatera Utara,54600.0
2024-06-21,Cabai Rawit,Sumatera Utara,50100.0
2024-06-22,Cabai Rawit,Sumatera Utara,52800.0
2024-06-23,Cabai Rawit,Sumatera Utara,53700.0
2024-06-24,Cabai Rawit,Sumatera Utara,53600.0
2024-06-25,Cabai Rawit,Sumatera Utara,52600.0
2024-06-26,Cabai Rawit,Sumatera Utara,51000.0
2024-06-27,Cabai Rawit,Sumatera Utara,61300.0
2024-06-28,Cabai Rawit,Sumatera Utara,60100.0
2024-06-29,Cabai Rawit,Sumatera Utara,49900.0
2024-06-30,Cabai Rawit,Sumatera Utara,58800.0
2024-07-01,Cabai Rawit,Sumatera Utara,54100.0
2024-07-02,Cabai Rawit,Sumatera Utara,56000.0
2024-07-03,Cabai Rawit,Sumatera Utara,54900.0
2024-07-04,Cabai Rawit,Sumatera Utara,52600.0
2024-07-05,Cabai Rawit,Sumatera Utara,57100.0
2024-07-06,Cabai Rawit,Sumatera Utara,54400.0
2024-07-07,Cabai Rawit,Sumatera Utara,52400.0
2024-07-08,Cabai Rawit,Sumatera Utara,50800.0
2024-07-09,Cabai Rawit,Sumatera Utara,52000.0
2024-07-10,Cabai Rawit,Sumatera Utara,49000.0
2024-07-11,Cabai Rawit,Sumatera Utara,54200.0
2024-07-12,Cabai Rawit,Sumatera Utara,49100.0
2024-07-13,Cabai Rawit,Sumatera Utara,51600.0
2024-07-14,Cabai Rawit,Sumatera Utara,57800.0
2024-07-15,Cabai Rawit,Sumatera Utara,57700.0
2024-07-16,Cabai Rawit,Sumatera Utara,53900.0
2024-07-17,Cabai Rawit,Sumatera Utara,53700.0
2024-07-18,Cabai Rawit,Sumatera Utara,59400.0
2024-07-19,Cabai Rawit,Sumatera Utara,54800.0
2024-07-20,Cabai Rawit,Sumatera Utara,52200.0
2024-07-21,Cabai Rawit,Sumatera Utara,48500.0
2024-07-22,Cabai Rawit,Sumatera Utara,55000.0
2024-07-23,Cabai Rawit,Sumatera Utara,56800.0
2024-07-24,Cabai Rawit,Sumatera Utara,52700.0
2024-07-25,Cabai Rawit,Sumatera Utara,55000.0
2024-07-26,Cabai Rawit,Sumatera Utara,53000.0
2024-07-27,Cabai Rawit,Sumatera Utara,53100.0
2024-07-28,Cabai Rawit,Sumatera Utara,46400.0
2024-07-29,Cabai Rawit,Sumatera Utara,53200.0
2024-07-30,Cabai Rawit,Sumatera Utara,56800.0
2024-07-31,Cabai Rawit,Sumatera Utara,52200.0
2024-08-01,Cabai Rawit,Sumatera Utara,53800.0
2024-08-02,Cabai Rawit,Sumatera Utara,50500.0
2024-08-03,Cabai Rawit,Sumatera Utara,53300.0
2024-08-04,Cabai Rawit,Sumatera Utara,51900.0
2024-08-05,Cabai Rawit,Sumatera Utara,49900.0
2024-08-06,Cabai Rawit,Sumatera Utara,57000.0
2024-08-07,Cabai Rawit,Sumatera Utara,55900.0
2024-08-08,Cabai Rawit,Sumatera Utara,50200.0
2024-08-09,Cabai Rawit,Sumatera Utara,52400.0
2024-08-10,Cabai Rawit,Sumatera Utara,52300.0
2024-08-11,Cabai Rawit,Sumatera Utara,52400.0
2024-08-12,Cabai Rawit,Sumatera Utara,46300.0
2024-08-13,Cabai Rawit,Sumatera Utara,55100.0
2024-08-14,Cabai Rawit,Sumatera Utara,50700.0
2024-08-15,Cabai Rawit,Sumatera Utara,51800.0
2024-08-16,Cabai Rawit,Sumatera Utara,60100.0
2024-08-17,Cabai Rawit,Sumatera Utara,53100.0
2024-08-18,Cabai Rawit,Sumatera Utara,51000.0
2024-08-19,Cabai Rawit,Sumatera Utara,46900.0
2024-08-20,Cabai Rawit,Sumatera Utara,58800.0
2024-08-21,Cabai Rawit,Sumatera Utara,50700.0
2024-08-22,Cabai Rawit,Sumatera Utara,51500.0
2024-08-23,Cabai Rawit,Sumatera Utara,53600.0
2024-08-24,Cabai Rawit,Sumatera Utara,58400.0
2024-08-25,Cabai Rawit,Sumatera Utara,56300.0
2024-08-26,Cabai Rawit,Sumatera Utara,54300.0
2024-08-27,Cabai Rawit,Sumatera Utara,56100.0
2024-08-28,Cabai Rawit,Sumatera Utara,53500.0
2024-08-29,Cabai Rawit,Sumatera Utara,55100.0
2024-08-30,Cabai Rawit,Sumatera Utara,53700.0
2024-08-31,Cabai Rawit,Sumatera Utara,56100.0
2024-09-01,Cabai Rawit,Sumatera Utara,56600.0
2024-09-02,Cabai Rawit,Sumatera Utara,55500.0
2024-09-03,Cabai Rawit,Sumatera Utara,53900.0
2024-09-04,Cabai Rawit,Sumatera Utara,57000.0
2024-09-05,Cabai Rawit,Sumatera Utara,53800.0
2024-09-06,Cabai Rawit,Sumatera Utara,50400.0
2024-09-07,Cabai Rawit,Sumatera Utara,52100.0
2024-09-08,Cabai Rawit,Sumatera Utara,53900.0
2024-09-09,Cabai Rawit,Sumatera Utara,56400.0
2024-09-10,Cabai Rawit,Sumatera Utara,54100.0
2024-09-11,Cabai Rawit,Sumatera Utara,51900.0
2024-09-12,Cabai Rawit,Sumatera Utara,55400.0
2024-09-13,Cabai Rawit,Sumatera Utara,55500.0
2024-09-14,Cabai Rawit,Sumatera Utara,55000.0
2024-09-15,Cabai Rawit,Sumatera Utara,57700.0
2024-09-16,Cabai Rawit,Sumatera Utara,58800.0
2024-09-17,Cabai Rawit,Sumatera Utara,54800.0
2024-09-18,Cabai Rawit,Sumatera Utara,54900.0
2024-09-19,Cabai Rawit,Sumatera Utara,52100.0
2024-09-20,Cabai Rawit,Sumatera Utara,56500.0
2024-09-21,Cabai Rawit,Sumatera Utara,58200.0
2024-09-22,Cabai Rawit,Sumatera Utara,52700.0
2024-09-23,Cabai Rawit,Sumatera Utara,53400.0
2024-09-24,Cabai Rawit,Sumatera Utara,58700.0
2024-09-25,Cabai Rawit,Sumatera Utara,55600.0
2024-09-26,Cabai Rawit,Sumatera Utara,54700.0
2024-09-27,Cabai Rawit,Sumatera Utara,49200.0
2024-09-28,Cabai Rawit,Sumatera Utara,54800.0
2024-09-29,Cabai Rawit,Sumatera Utara,50000.0
2024-09-30,Cabai Rawit,Sumatera Utara,49600.0
2024-10-01,Cabai Rawit,Sumatera Utara,52100.0
2024-10-02,Cabai Rawit,Sumatera Utara,51600.0
2024-10-03,Cabai Rawit,Sumatera Utara,52600.0
2024-10-04,Cabai Rawit,Sumatera Utara,47400.0
2024-10-05,Cabai Rawit,Sumatera Utara,54500.0
2024-10-06,Cabai Rawit,Sumatera Utara,55700.0
2024-10-07,Cabai Rawit,Sumatera Utara,46700.0
2024-10-08,Cabai Rawit,Sumatera Utara,55400.0
2024-10-09,Cabai Rawit,Sumatera Utara,50000.0
2024-10-10,Cabai Rawit,Sumatera Utara,54300.0
2024-10-11,Cabai Rawit,Sumatera Utara,51300.0
2024-10-12,Cabai Rawit,Sumatera Utara,50500.0
2024-10-13,Cabai Rawit,Sumatera Utara,49600.0
2024-10-14,Cabai Rawit,Sumatera Utara,54700.0
2024-10-15,Cabai Rawit,Sumatera Utara,47500.0
2024-10-16,Cabai Rawit,Sumatera Utara,53600.0
2024-10-17,Cabai Rawit,Sumatera Utara,54900.0
2024-10-18,Cabai Rawit,Sumatera Utara,52600.0
2024-10-19,Cabai Rawit,Sumatera Utara,57300.0
2024-10-20,Cabai Rawit,Sumatera Utara,49000.0
2024-10-21,Cabai Rawit,Sumatera Utara,53600.0
2024-10-22,Cabai Rawit,Sumatera Utara,51000.0
2024-10-23,Cabai Rawit,Sumatera Utara,55300.0
2024-10-24,Cabai Rawit,Sumatera Utara,51600.0
2024-10-25,Cabai Rawit,Sumatera Utara,50500.0
2024-10-26,Cabai Rawit,Sumatera Utara,55400.0
2024-10-27,Cabai Rawit,Sumatera Utara,49700.0
2024-10-28,Cabai Rawit,Sumatera Utara,47200.0
2024-10-29,Cabai Rawit,Sumatera Utara,51400.0
2024-10-30,Cabai Rawit,Sumatera Utara,55300.0
2024-10-31,Cabai Rawit,Sumatera Utara,58200.0
2024-11-01,Cabai Rawit,Sumatera Utara,54500.0
2024-11-02,Cabai Rawit,Sumatera Utara,57900.0
2024-11-03,Cabai Rawit,Sumatera Utara,50300.0
2024-11-04,Cabai Rawit,Sumatera Utara,53400.0
2024-11-05,Cabai Rawit,Sumatera Utara,53600.0
2024-11-06,Cabai Rawit,Sumatera Utara,54300.0
2024-11-07,Cabai Rawit,Sumatera Utara,55100.0
2024-11-08,Cabai Rawit,Sumatera Utara,56200.0
2024-11-09,Cabai Rawit,Sumatera Utara,52700.0
2024-11-10,Cabai Rawit,Sumatera Utara,54900.0
2024-11-11,Cabai Rawit,Sumatera Utara,54500.0
2024-11-12,Cabai Rawit,Sumatera Utara,52100.0
2024-11-13,Cabai Rawit,Sumatera Utara,54300.0
2024-11-14,Cabai Rawit,Sumatera Utara,53600.0
2024-11-15,Cabai Rawit,Sumatera Utara,52600.0
2024-11-16,Cabai Rawit,Sumatera Utara,52600.0
2024-11-17,Cabai Rawit,Sumatera Utara,53400.0
2024-11-18,Cabai Rawit,Sumatera Utara,52000.0
2024-11-19,Cabai Rawit,Sumatera Utara,57600.0
2024-11-20,Cabai Rawit,Sumatera Utara,50200.0
2024-11-21,Cabai Rawit,Sumatera Utara,51800.0
2024-11-22,Cabai Rawit,Sumatera Utara,62400.0
2024-11-23,Cabai Rawit,Sumatera Utara,51000.0
2024-11-24,Cabai Rawit,Sumatera Utara,50400.0
2024-11-25,Cabai Rawit,Sumatera Utara,57000.0
2024-11-26,Cabai Rawit,Sumatera Utara,48400.0
2024-11-27,Cabai Rawit,Sumatera Utara,55000.0
2024-11-28,Cabai Rawit,Sumatera Utara,61700.0
2024-11-29,Cabai Rawit,Sumatera Utara,50300.0
2024-11-30,Cabai Rawit,Sumatera Utara,49200.0
2024-12-01,Cabai Rawit,Sumatera Utara,50600.0
2024-12-02,Cabai Rawit,Sumatera Utara,58700.0
2024-12-03,Cabai Rawit,Sumatera Utara,60200.0
2024-12-04,Cabai Rawit,Sumatera Utara,56100.0
2024-12-05,Cabai Rawit,Sumatera Utara,59300.0
2024-12-06,Cabai Rawit,Sumatera Utara,60400.0
2024-12-07,Cabai Rawit,Sumatera Utara,61200.0
2024-12-08,Cabai Rawit,Sumatera Utara,55200.0
2024-12-09,Cabai Rawit,Sumatera Utara,49500.0
2024-12-10,Cabai Rawit,Sumatera Utara,54300.0
2024-12-11,Cabai Rawit,Sumatera Utara,54900.0
2024-12-12,Cabai Rawit,Sumatera Utara,55300.0
2024-12-13,Cabai Rawit,Sumatera Utara,55900.0
2024-12-14,Cabai Rawit,Sumatera Utara,59800.0
2024-12-15,Cabai Rawit,Sumatera Utara,60700.0
2024-12-16,Cabai Rawit,Sumatera Utara,57000.0
2024-12-17,Cabai Rawit,Sumatera Utara,61600.0
2024-12-18,Cabai Rawit,Sumatera Utara,59900.0
2024-12-19,Cabai Rawit,Sumatera Utara,58900.0
2024-12-20,Cabai Rawit,Sumatera Utara,60900.0
2024-12-21,Cabai Rawit,Sumatera Utara,57700.0
2024-12-22,Cabai Rawit,Sumatera Utara,63900.0
2024-12-23,Cabai Rawit,Sumatera Utara,53800.0
2024-12-24,Cabai Rawit,Sumatera Utara,57000.0
2024-12-25,Cabai Rawit,Sumatera Utara,58500.0
2024-12-26,Cabai Rawit,Sumatera Utara,60200.0
2024-12-27,Cabai Rawit,Sumatera Utara,62600.0
2024-12-28,Cabai Rawit,Sumatera Utara,58900.0
2024-12-29,Cabai Rawit,Sumatera Utara,54800.0
2024-12-30,Cabai Rawit,Sumatera Utara,61800.0
2024-12-31,Cabai Rawit,Sumatera Utara,61900.0
2025-01-01,Cabai Rawit,Sumatera Utara,53600.0
2025-01-02,Cabai Rawit,Sumatera Utara,58600.0
2025-01-03,Cabai Rawit,Sumatera Utara,53800.0
2025-01-04,Cabai Rawit,Sumatera Utara,56500.0
2025-01-05,Cabai Rawit,Sumatera Utara,56100.0
2025-01-06,Cabai Rawit,Sumatera Utara,62500.0
2025-01-07,Cabai Rawit,Sumatera Utara,60600.0
2025-01-08,Cabai Rawit,Sumatera Utara,56600.0
2025-01-09,Cabai Rawit,Sumatera Utara,63100.0
2025-01-10,Cabai Rawit,Sumatera Utara,55300.0
2025-01-11,Cabai Rawit,Sumatera Utara,60200.0
2025-01-12,Cabai Rawit,Sumatera Utara,57500.0
2025-01-13,Cabai Rawit,Sumatera Utara,59300.0
2025-01-14,Cabai Rawit,Sumatera Utara,62800.0
2025-01-15,Cabai Rawit,Sumatera Utara,62300.0
2025-01-16,Cabai Rawit,Sumatera Utara,65100.0
2025-01-17,Cabai Rawit,Sumatera Utara,60500.0
2025-01-18,Cabai Rawit,Sumatera Utara,61500.0
2025-01-19,Cabai Rawit,Sumatera Utara,59300.0
2025-01-20,Cabai Rawit,Sumatera Utara,61900.0
2025-01-21,Cabai Rawit,Sumatera Utara,64200.0
2025-01-22,Cabai Rawit,Sumatera Utara,61900.0
2025-01-23,Cabai Rawit,Sumatera Utara,56500.0
2025-01-24,Cabai Rawit,Sumatera Utara,62500.0
2025-01-25,Cabai Rawit,Sumatera Utara,62300.0
2025-01-26,Cabai Rawit,Sumatera Utara,59000.0
2025-01-27,Cabai Rawit,Sumatera Utara,57400.0
2025-01-28,Cabai Rawit,Sumatera Utara,66800.0
2025-01-29,Cabai Rawit,Sumatera Utara,63300.0
2025-01-30,Cabai Rawit,Sumatera Utara,61200.0
2025-01-31,Cabai Rawit,Sumatera Utara,57000.0
2025-02-01,Cabai Rawit,Sumatera Utara,58000.0
2025-02-02,Cabai Rawit,Sumatera Utara,64800.0
2025-02-03,Cabai Rawit,Sumatera Utara,61100.0
2025-02-04,Cabai Rawit,Sumatera Utara,59500.0
2025-02-05,Cabai Rawit,Sumatera Utara,62400.0
2025-02-06,Cabai Rawit,Sumatera Utara,57800.0
2025-02-07,Cabai Rawit,Sumatera Utara,64200.0
2025-02-08,Cabai Rawit,Sumatera Utara,63600.0
2025-02-09,Cabai Rawit,Sumatera Utara,57600.0
2025-02-10,Cabai Rawit,Sumatera Utara,57300.0
2025-02-11,Cabai Rawit,Sumatera Utara,51500.0
2025-02-12,Cabai Rawit,Sumatera Utara,55000.0
2025-02-13,Cabai Rawit,Sumatera Utara,55200.0
2025-02-14,Cabai Rawit,Sumatera Utara,58800.0
2025-02-15,Cabai Rawit,Sumatera Utara,57300.0
2025-02-16,Cabai Rawit,Sumatera Utara,54900.0
2025-02-17,Cabai Rawit,Sumatera Utara,60100.0
2025-02-18,Cabai Rawit,Sumatera Utara,63200.0
2025-02-19,Cabai Rawit,Sumatera Utara,63800.0
2025-02-20,Cabai Rawit,Sumatera Utara,54800.0
2025-02-21,Cabai Rawit,Sumatera Utara,60700.0
2025-02-22,Cabai Rawit,Sumatera Utara,56700.0
2025-02-23,Cabai Rawit,Sumatera Utara,64000.0
2025-02-24,Cabai Rawit,Sumatera Utara,64700.0
2025-02-25,Cabai Rawit,Sumatera Utara,59600.0
2025-02-26,Cabai Rawit,Sumatera Utara,60000.0
2025-02-27,Cabai Rawit,Sumatera Utara,60900.0
2025-02-28,Cabai Rawit,Sumatera Utara,54100.0
2025-03-01,Cabai Rawit,Sumatera Utara,62700.0
2025-03-02,Cabai Rawit,Sumatera Utara,60400.0
2025-03-03,Cabai Rawit,Sumatera Utara,64500.0
2025-03-04,Cabai Rawit,Sumatera Utara,57800.0
2025-03-05,Cabai Rawit,Sumatera Utara,59900.0
2025-03-06,Cabai Rawit,Sumatera Utara,56400.0
2025-03-07,Cabai Rawit,Sumatera Utara,57000.0
2025-03-08,Cabai Rawit,Sumatera Utara,55800.0
2025-03-09,Cabai Rawit,Sumatera Utara,63000.0
2025-03-10,Cabai Rawit,Sumatera Utara,57500.0
2025-03-11,Cabai Rawit,Sumatera Utara,60200.0
2025-03-12,Cabai Rawit,Sumatera Utara,59500.0
2025-03-13,Cabai Rawit,Sumatera Utara,55900.0
2025-03-14,Cabai Rawit,Sumatera Utara,58900.0
2025-03-15,Cabai Rawit,Sumatera Utara,61000.0
2025-03-16,Cabai Rawit,Sumatera Utara,55000.0
2025-03-17,Cabai Rawit,Sumatera Utara,62400.0
2025-03-18,Cabai Rawit,Sumatera Utara,58500.0
2025-03-19,Cabai Rawit,Sumatera Utara,60400.0
2025-03-20,Cabai Rawit,Sumatera Utara,63500.0
2025-03-21,Cabai Rawit,Sumatera Utara,60300.0
2025-03-22,Cabai Rawit,Sumatera Utara,62900.0
2025-03-23,Cabai Rawit,Sumatera Utara,63300.0
2025-03-24,Cabai Rawit,Sumatera Utara,65000.0
2025-03-25,Cabai Rawit,Sumatera Utara,57900.0
2025-03-26,Cabai Rawit,Sumatera Utara,61400.0
2025-03-27,Cabai Rawit,Sumatera Utara,69700.0
2025-03-28,Cabai Rawit,Sumatera Utara,71000.0
2025-03-29,Cabai Rawit,Sumatera Utara,65100.0
2025-03-30,Cabai Rawit,Sumatera Utara,67800.0
2025-03-31,Cabai Rawit,Sumatera Utara,70700.0
2025-04-01,Cabai Rawit,Sumatera Utara,62900.0
2025-04-02,Cabai Rawit,Sumatera Utara,53700.0
2025-04-03,Cabai Rawit,Sumatera Utara,57700.0
2025-04-04,Cabai Rawit,Sumatera Utara,59300.0
2025-04-05,Cabai Rawit,Sumatera Utara,62400.0
2025-04-06,Cabai Rawit,Sumatera Utara,68800.0
2025-04-07,Cabai Rawit,Sumatera Utara,60200.0
2025-04-08,Cabai Rawit,Sumatera Utara,56400.0
2025-04-09,Cabai Rawit,Sumatera Utara,62300.0
2025-04-10,Cabai Rawit,Sumatera Utara,65000.0
2025-04-11,Cabai Rawit,Sumatera Utara,60000.0
2025-04-12,Cabai Rawit,Sumatera Utara,56100.0
2025-04-13,Cabai Rawit,Sumatera Utara,62100.0
2025-04-14,Cabai Rawit,Sumatera Utara,62500.0
2025-04-15,Cabai Rawit,Sumatera Utara,56100.0
2025-04-16,Cabai Rawit,Sumatera Utara,60900.0
2025-04-17,Cabai Rawit,Sumatera Utara,63300.0
2025-04-18,Cabai Rawit,Sumatera Utara,63400.0
2025-04-19,Cabai Rawit,Sumatera Utara,59300.0
2025-04-20,Cabai Rawit,Sumatera Utara,58500.0
2025-04-21,Cabai Rawit,Sumatera Utara,63900.0
2025-04-22,Cabai Rawit,Sumatera Utara,55300.0
2025-04-23,Cabai Rawit,Sumatera Utara,60900.0
2025-04-24,Cabai Rawit,Sumatera Utara,54300.0
2025-04-25,Cabai Rawit,Sumatera Utara,61400.0
2025-04-26,Cabai Rawit,Sumatera Utara,56500.0
2025-04-27,Cabai Rawit,Sumatera Utara,62400.0
2025-04-28,Cabai Rawit,Sumatera Utara,61300.0
2025-04-29,Cabai Rawit,Sumatera Utara,56200.0
2025-04-30,Cabai Rawit,Sumatera Utara,64900.0
2025-05-01,Cabai Rawit,Sumatera Utara,64400.0
2025-05-02,Cabai Rawit,Sumatera Utara,61900.0
2025-05-03,Cabai Rawit,Sumatera Utara,56900.0
2025-05-04,Cabai Rawit,Sumatera Utara,58400.0
2025-05-05,Cabai Rawit,Sumatera Utara,59300.0
2025-05-06,Cabai Rawit,Sumatera Utara,57200.0
2025-05-07,Cabai Rawit,Sumatera Utara,65600.0
2025-05-08,Cabai Rawit,Sumatera Utara,59500.0
2025-05-09,Cabai Rawit,Sumatera Utara,49700.0
2025-05-10,Cabai Rawit,Sumatera Utara,59500.0
2025-05-11,Cabai Rawit,Sumatera Utara,57300.0
2025-05-12,Cabai Rawit,Sumatera Utara,58300.0
2025-05-13,Cabai Rawit,Sumatera Utara,58200.0
2025-05-14,Cabai Rawit,Sumatera Utara,62000.0
2025-05-15,Cabai Rawit,Sumatera Utara,62000.0
2025-05-16,Cabai Rawit,Sumatera Utara,57800.0
2025-05-17,Cabai Rawit,Sumatera Utara,56000.0
2025-05-18,Cabai Rawit,Sumatera Utara,57300.0
2025-05-19,Cabai Rawit,Sumatera Utara,57900.0
2025-05-20,Cabai Rawit,Sumatera Utara,55500.0
2025-05-21,Cabai Rawit,Sumatera Utara,59900.0
2025-05-22,Cabai Rawit,Sumatera Utara,58600.0
2025-05-23,Cabai Rawit,Sumatera Utara,61400.0
2025-05-24,Cabai Rawit,Sumatera Utara,59900.0
2025-05-25,Cabai Rawit,Sumatera Utara,54000.0
2025-05-26,Cabai Rawit,Sumatera Utara,59800.0
2025-05-27,Cabai Rawit,Sumatera Utara,55400.0
2025-05-28,Cabai Rawit,Sumatera Utara,61500.0
2025-05-29,Cabai Rawit,Sumatera Utara,58200.0
2025-05-30,Cabai Rawit,Sumatera Utara,57300.0
2025-05-31,Cabai Rawit,Sumatera Utara,62200.0
2025-06-01,Cabai Rawit,Sumatera Utara,53700.0
2025-06-02,Cabai Rawit,Sumatera Utara,57700.0
2025-06-03,Cabai Rawit,Sumatera Utara,63500.0
2025-06-04,Cabai Rawit,Sumatera Utara,65400.0
2025-06-05,Cabai Rawit,Sumatera Utara,64900.0
2025-06-06,Cabai Rawit,Sumatera Utara,61200.0
2025-06-07,Cabai Rawit,Sumatera Utara,55000.0
2025-06-08,Cabai Rawit,Sumatera Utara,58200.0
2025-06-09,Cabai Rawit,Sumatera Utara,58800.0
2025-06-10,Cabai Rawit,Sumatera Utara,57600.0
2025-06-11,Cabai Rawit,Sumatera Utara,61600.0
2025-06-12,Cabai Rawit,Sumatera Utara,59300.0
2025-06-13,Cabai Rawit,Sumatera Utara,55100.0
2025-06-14,Cabai Rawit,Sumatera Utara,55900.0
2025-06-15,Cabai Rawit,Sumatera Utara,52300.0
2025-06-16,Cabai Rawit,Sumatera Utara,56200.0
2025-06-17,Cabai Rawit,Sumatera Utara,60000.0
2025-06-18,Cabai Rawit,Sumatera Utara,59100.0
2025-06-19,Cabai Rawit,Sumatera Utara,61400.0
2025-06-20,Cabai Rawit,Sumatera Utara,55600.0
2025-06-21,Cabai Rawit,Sumatera Utara,59700.0
2025-06-22,Cabai Rawit,Sumatera Utara,54800.0
2025-06-23,Cabai Rawit,Sumatera Utara,59900.0
2025-06-24,Cabai Rawit,Sumatera Utara,56100.0
2025-06-25,Cabai Rawit,Sumatera Utara,58200.0
2025-06-26,Cabai Rawit,Sumatera Utara,59800.0
2025-06-27,Cabai Rawit,Sumatera Utara,54000.0
2025-06-28,Cabai Rawit,Sumatera Utara,54700.0
2025-06-29,Cabai Rawit,Sumatera Utara,58800.0
2025-06-30,Cabai Rawit,Sumatera Utara,54400.0
2025-07-01,Cabai Rawit,Sumatera Utara,50400.0
2025-07-02,Cabai Rawit,Sumatera Utara,60600.0
2025-07-03,Cabai Rawit,Sumatera Utara,51900.0
2025-07-04,Cabai Rawit,Sumatera Utara,53100.0
2025-07-05,Cabai Rawit,Sumatera Utara,55300.0
2025-07-06,Cabai Rawit,Sumatera Utara,50300.0
2025-07-07,Cabai Rawit,Sumatera Utara,49700.0
2025-07-08,Cabai Rawit,Sumatera Utara,54100.0
2025-07-09,Cabai Rawit,Sumatera Utara,48200.0
2025-07-10,Cabai Rawit,Sumatera Utara,52900.0
2025-07-11,Cabai Rawit,Sumatera Utara,53700.0
2025-07-12,Cabai Rawit,Sumatera Utara,51400.0
2025-07-13,Cabai Rawit,Sumatera Utara,47800.0
2025-07-14,Cabai Rawit,Sumatera Utara,58100.0
2025-07-15,Cabai Rawit,Sumatera Utara,53900.0
2025-07-16,Cabai Rawit,Sumatera Utara,57800.0
2025-07-17,Cabai Rawit,Sumatera Utara,52400.0
2025-07-18,Cabai Rawit,Sumatera Utara,49700.0
2025-07-19,Cabai Rawit,Sumatera Utara,52900.0
2025-07-20,Cabai Rawit,Sumatera Utara,52000.0
2025-07-21,Cabai Rawit,Sumatera Utara,49100.0
2025-07-22,Cabai Rawit,Sumatera Utara,57100.0
2025-07-23,Cabai Rawit,Sumatera Utara,50200.0
2025-07-24,Cabai Rawit,Sumatera Utara,46500.0
2025-07-25,Cabai Rawit,Sumatera Utara,55900.0
2025-07-26,Cabai Rawit,Sumatera Utara,49900.0
2025-07-27,Cabai Rawit,Sumatera Utara,49400.0
2025-07-28,Cabai Rawit,Sumatera Utara,46400.0
2025-07-29,Cabai Rawit,Sumatera Utara,57300.0
2025-07-30,Cabai Rawit,Sumatera Utara,48000.0
2025-07-31,Cabai Rawit,Sumatera Utara,51600.0
2025-08-01,Cabai Rawit,Sumatera Utara,53400.0
2025-08-02,Cabai Rawit,Sumatera Utara,51300.0
2025-08-03,Cabai Rawit,Sumatera Utara,49800.0
2025-08-04,Cabai Rawit,Sumatera Utara,45000.0
2025-08-05,Cabai Rawit,Sumatera Utara,48200.0
2025-08-06,Cabai Rawit,Sumatera Utara,49800.0
2025-08-07,Cabai Rawit,Sumatera Utara,46200.0
2025-08-08,Cabai Rawit,Sumatera Utara,48600.0
2025-08-09,Cabai Rawit,Sumatera Utara,50400.0
2025-08-10,Cabai Rawit,Sumatera Utara,50900.0
2025-08-11,Cabai Rawit,Sumatera Utara,44600.0
2025-08-12,Cabai Rawit,Sumatera Utara,56100.0
2025-08-13,Cabai Rawit,Sumatera Utara,51200.0
2025-08-14,Cabai Rawit,Sumatera Utara,48700.0
2025-08-15,Cabai Rawit,Sumatera Utara,51300.0
2025-08-16,Cabai Rawit,Sumatera Utara,54600.0
2025-08-17,Cabai Rawit,Sumatera Utara,42800.0
2025-08-18,Cabai Rawit,Sumatera Utara,46500.0
2025-08-19,Cabai Rawit,Sumatera Utara,41400.0
2025-08-20,Cabai Rawit,Sumatera Utara,49700.0
2025-08-21,Cabai Rawit,Sumatera Utara,50400.0
2025-08-22,Cabai Rawit,Sumatera Utara,48900.0
2025-08-23,Cabai Rawit,Sumatera Utara,46100.0
2025-08-24,Cabai Rawit,Sumatera Utara,42100.0
2025-08-25,Cabai Rawit,Sumatera Utara,50200.0
2025-08-26,Cabai Rawit,Sumatera Utara,53600.0
2025-08-27,Cabai Rawit,Sumatera Utara,47700.0
2025-08-28,Cabai Rawit,Sumatera Utara,50900.0
2025-08-29,Cabai Rawit,Sumatera Utara,45100.0
2025-08-30,Cabai Rawit,Sumatera Utara,50800.0
2025-08-31,Cabai Rawit,Sumatera Utara,47800.0
2025-09-01,Cabai Rawit,Sumatera Utara,46900.0
2025-09-02,Cabai Rawit,Sumatera Utara,47900.0
2025-09-03,Cabai Rawit,Sumatera Utara,48300.0
2025-09-04,Cabai Rawit,Sumatera Utara,49600.0
2025-09-05,Cabai Rawit,Sumatera Utara,44000.0
2025-09-06,Cabai Rawit,Sumatera Utara,46300.0
2025-09-07,Cabai Rawit,Sumatera Utara,47500.0
2025-09-08,Cabai Rawit,Sumatera Utara,45000.0
2025-09-09,Cabai Rawit,Sumatera Utara,54000.0
2025-09-10,Cabai Rawit,Sumatera Utara,45200.0
2025-09-11,Cabai Rawit,Sumatera Utara,46300.0
2025-09-12,Cabai Rawit,Sumatera Utara,44600.0
2025-09-13,Cabai Rawit,Sumatera Utara,52200.0
2025-09-14,Cabai Rawit,Sumatera Utara,49000.0
2025-09-15,Cabai Rawit,Sumatera Utara,44700.0
2025-09-16,Cabai Rawit,Sumatera Utara,51300.0
2025-09-17,Cabai Rawit,Sumatera Utara,48800.0
2025-09-18,Cabai Rawit,Sumatera Utara,49100.0
2025-09-19,Cabai Rawit,Sumatera Utara,46800.0
2025-09-20,Cabai Rawit,Sumatera Utara,45900.0
2025-09-21,Cabai Rawit,Sumatera Utara,48400.0
2025-09-22,Cabai Rawit,Sumatera Utara,46400.0
2025-09-23,Cabai Rawit,Sumatera Utara,53600.0
2025-09-24,Cabai Rawit,Sumatera Utara,44800.0
2025-09-25,Cabai Rawit,Sumatera Utara,53200.0
2025-09-26,Cabai Rawit,Sumatera Utara,47500.0
2025-09-27,Cabai Rawit,Sumatera Utara,48700.0
2025-09-28,Cabai Rawit,Sumatera Utara,50800.0
2025-09-29,Cabai Rawit,Sumatera Utara,47000.0
2025-09-30,Cabai Rawit,Sumatera Utara,51500.0
2025-10-01,Cabai Rawit,Sumatera Utara,40500.0
2025-10-02,Cabai Rawit,Sumatera Utara,46300.0
2025-10-03,Cabai Rawit,Sumatera Utara,45300.0
2025-10-04,Cabai Rawit,Sumatera Utara,44400.0
2025-10-05,Cabai Rawit,Sumatera Utara,46800.0
2025-10-06,Cabai Rawit,Sumatera Utara,49100.0
2025-10-07,Cabai Rawit,Sumatera Utara,50300.0
2025-10-08,Cabai Rawit,Sumatera Utara,48700.0
2025-10-09,Cabai Rawit,Sumatera Utara,45400.0
2025-10-10,Cabai Rawit,Sumatera Utara,48000.0
2025-10-11,Cabai Rawit,Sumatera Utara,45600.0
2025-10-12,Cabai Rawit,Sumatera Utara,47900.0
2025-10-13,Cabai Rawit,Sumatera Utara,47400.0
2025-10-14,Cabai Rawit,Sumatera Utara,45700.0
2025-10-15,Cabai Rawit,Sumatera Utara,42600.0
2025-10-16,Cabai Rawit,Sumatera Utara,43100.0
2025-10-17,Cabai Rawit,Sumatera Utara,43700.0
2025-10-18,Cabai Rawit,Sumatera Utara,44500.0
2025-10-19,Cabai Rawit,Sumatera Utara,46800.0
2025-10-20,Cabai Rawit,Sumatera Utara,48300.0
2025-10-21,Cabai Rawit,Sumatera Utara,46600.0
2025-10-22,Cabai Rawit,Sumatera Utara,46800.0
2025-10-23,Cabai Rawit,Sumatera Utara,46800.0
2025-10-24,Cabai Rawit,Sumatera Utara,44600.0
2025-10-25,Cabai Rawit,Sumatera Utara,42900.0
2025-10-26,Cabai Rawit,Sumatera Utara,41100.0
2025-10-27,Cabai Rawit,Sumatera Utara,44600.0
2025-10-28,Cabai Rawit,Sumatera Utara,48800.0
2025-10-29,Cabai Rawit,Sumatera Utara,45900.0
2025-10-30,Cabai Rawit,Sumatera Utara,47600.0
2025-10-31,Cabai Rawit,Sumatera Utara,48700.0
2025-11-01,Cabai Rawit,Sumatera Utara,48800.0
2025-11-02,Cabai Rawit,Sumatera Utara,44400.0
2025-11-03,Cabai Rawit,Sumatera Utara,51500.0
2025-11-04,Cabai Rawit,Sumatera Utara,51900.0
2025-11-05,Cabai Rawit,Sumatera Utara,44800.0
2025-11-06,Cabai Rawit,Sumatera Utara,45900.0
2025-11-07,Cabai Rawit,Sumatera Utara,51400.0
2025-11-08,Cabai Rawit,Sumatera Utara,46900.0
2025-11-09,Cabai Rawit,Sumatera Utara,41400.0
2025-11-10,Cabai Rawit,Sumatera Utara,44200.0
2025-11-11,Cabai Rawit,Sumatera Utara,47900.0
2025-11-12,Cabai Rawit,Sumatera Utara,44800.0
2025-11-13,Cabai Rawit,Sumatera Utara,47000.0
2025-11-14,Cabai Rawit,Sumatera Utara,47500.0
2025-11-15,Cabai Rawit,Sumatera Utara,51500.0
2025-11-16,Cabai Rawit,Sumatera Utara,46400.0
2025-11-17,Cabai Rawit,Sumatera Utara,51600.0
2025-11-18,Cabai Rawit,Sumatera Utara,53400.0
2025-11-19,Cabai Rawit,Sumatera Utara,53200.0
2025-11-20,Cabai Rawit,Sumatera Utara,49900.0
2025-11-21,Cabai Rawit,Sumatera Utara,42500.0
2025-11-22,Cabai Rawit,Sumatera Utara,49200.0
2025-11-23,Cabai Rawit,Sumatera Utara,51100.0
2025-11-24,Cabai Rawit,Sumatera Utara,48600.0
2025-11-25,Cabai Rawit,Sumatera Utara,54800.0
2025-11-26,Cabai Rawit,Sumatera Utara,52200.0
2025-11-27,Cabai Rawit,Sumatera Utara,51700.0
2025-11-28,Cabai Rawit,Sumatera Utara,52300.0
2025-11-29,Cabai Rawit,Sumatera Utara,49200.0
2025-11-30,Cabai Rawit,Sumatera Utara,39900.0
2025-12-01,Cabai Rawit,Sumatera Utara,46700.0
2025-12-02,Cabai Rawit,Sumatera Utara,52500.0
2025-12-03,Cabai Rawit,Sumatera Utara,46900.0
2025-12-04,Cabai Rawit,Sumatera Utara,48700.0
2025-12-05,Cabai Rawit,Sumatera Utara,45500.0
2025-12-06,Cabai Rawit,Sumatera Utara,54100.0
2025-12-07,Cabai Rawit,Sumatera Utara,54000.0
2025-12-08,Cabai Rawit,Sumatera Utara,45700.0
2025-12-09,Cabai Rawit,Sumatera Utara,50500.0
2025-12-10,Cabai Rawit,Sumatera Utara,48200.0
2025-12-11,Cabai Rawit,Sumatera Utara,52200.0
2025-12-12,Cabai Rawit,Sumatera Utara,51700.0
2025-12-13,Cabai Rawit,Sumatera Utara,52700.0
2025-12-14,Cabai Rawit,Sumatera Utara,51300.0
2025-12-15,Cabai Rawit,Sumatera Utara,59700.0
2025-12-16,Cabai Rawit,Sumatera Utara,47900.0
2025-12-17,Cabai Rawit,Sumatera Utara,46000.0
2025-12-18,Cabai Rawit,Sumatera Utara,49600.0
2025-12-19,Cabai Rawit,Sumatera Utara,46100.0
2025-12-20,Cabai Rawit,Sumatera Utara,46300.0
2025-12-21,Cabai Rawit,Sumatera Utara,48300.0
2025-12-22,Cabai Rawit,Sumatera Utara,49500.0
2025-12-23,Cabai Rawit,Sumatera Utara,49900.0
2025-12-24,Cabai Rawit,Sumatera Utara,54900.0
2025-12-25,Cabai Rawit,Sumatera Utara,51700.0
2025-12-26,Cabai Rawit,Sumatera Utara,52000.0
2025-12-27,Cabai Rawit,Sumatera Utara,55200.0
2025-12-28,Cabai Rawit,Sumatera Utara,50200.0
2025-12-29,Cabai Rawit,Sumatera Utara,51800.0
2025-12-30,Cabai Rawit,Sumatera Utara,55300.0
2025-12-31,Cabai Rawit,Sumatera Utara,47300.0
2026-01-01,Cabai Rawit,Sumatera Utara,45100.0
2026-01-02,Cabai Rawit,Sumatera Utara,54100.0
2026-01-03,Cabai Rawit,Sumatera Utara,54600.0
2026-01-04,Cabai Rawit,Sumatera Utara,59400.0
2026-01-05,Cabai Rawit,Sumatera Utara,54000.0
2026-01-06,Cabai Rawit,Sumatera Utara,57300.0
2026-01-07,Cabai Rawit,Sumatera Utara,54100.0
2026-01-08,Cabai Rawit,Sumatera Utara,56600.0
2026-01-09,Cabai Rawit,Sumatera Utara,59800.0
2026-01-10,Cabai Rawit,Sumatera Utara,47700.0
2026-01-11,Cabai Rawit,Sumatera Utara,56500.0
2026-01-12,Cabai Rawit,Sumatera Utara,62900.0
2026-01-13,Cabai Rawit,Sumatera Utara,57300.0
2026-01-14,Cabai Rawit,Sumatera Utara,61800.0
2026-01-15,Cabai Rawit,Sumatera Utara,54300.0
2026-01-16,Cabai Rawit,Sumatera Utara,56200.0
2026-01-17,Cabai Rawit,Sumatera Utara,56400.0
2026-01-18,Cabai Rawit,Sumatera Utara,49700.0
2026-01-19,Cabai Rawit,Sumatera Utara,53100.0
2026-01-20,Cabai Rawit,Sumatera Utara,53700.0
2026-01-21,Cabai Rawit,Sumatera Utara,59800.0
2026-01-22,Cabai Rawit,Sumatera Utara,59500.0
2026-01-23,Cabai Rawit,Sumatera Utara,57700.0
2026-01-24,Cabai Rawit,Sumatera Utara,59100.0
2026-01-25,Cabai Rawit,Sumatera Utara,57200.0
2026-01-26,Cabai Rawit,Sumatera Utara,62200.0
2026-01-27,Cabai Rawit,Sumatera Utara,58900.0
2026-01-28,Cabai Rawit,Sumatera Utara,59200.0
2026-01-29,Cabai Rawit,Sumatera Utara,57600.0
2026-01-30,Cabai Rawit,Sumatera Utara,60200.0
2026-01-31,Cabai Rawit,Sumatera Utara,56800.0
2026-02-01,Cabai Rawit,Sumatera Utara,61600.0
2026-02-02,Cabai Rawit,Sumatera Utara,54800.0
2026-02-03,Cabai Rawit,Sumatera Utara,55000.0
2026-02-04,Cabai Rawit,Sumatera Utara,60900.0
2026-02-05,Cabai Rawit,Sumatera Utara,58100.0
2026-02-06,Cabai Rawit,Sumatera Utara,56900.0
2026-02-07,Cabai Rawit,Sumatera Utara,60500.0
2026-02-08,Cabai Rawit,Sumatera Utara,55600.0
2026-02-09,Cabai Rawit,Sumatera Utara,57500.0
2026-02-10,Cabai Rawit,Sumatera Utara,62500.0
2026-02-11,Cabai Rawit,Sumatera Utara,62800.0
2026-02-12,Cabai Rawit,Sumatera Utara,62300.0
2026-02-13,Cabai Rawit,Sumatera Utara,55300.0
2026-02-14,Cabai Rawit,Sumatera Utara,60100.0
2026-02-15,Cabai Rawit,Sumatera Utara,53000.0
2026-02-16,Cabai Rawit,Sumatera Utara,53300.0
2026-02-17,Cabai Rawit,Sumatera Utara,49100.0
2026-02-18,Cabai Rawit,Sumatera Utara,63600.0
2026-02-19,Cabai Rawit,Sumatera Utara,55500.0
2026-02-20,Cabai Rawit,Sumatera Utara,56600.0
2026-02-21,Cabai Rawit,Sumatera Utara,54000.0
2026-02-22,Cabai Rawit,Sumatera Utara,59400.0
2026-02-23,Cabai Rawit,Sumatera Utara,56400.0
2026-02-24,Cabai Rawit,Sumatera Utara,53500.0
2026-02-25,Cabai Rawit,Sumatera Utara,59600.0
2026-02-26,Cabai Rawit,Sumatera Utara,53100.0
2026-02-27,Cabai Rawit,Sumatera Utara,54400.0
2026-02-28,Cabai Rawit,Sumatera Utara,49500.0
2026-03-01,Cabai Rawit,Sumatera Utara,51700.0
2026-03-02,Cabai Rawit,Sumatera Utara,57600.0
2026-03-03,Cabai Rawit,Sumatera Utara,51100.0
2026-03-04,Cabai Rawit,Sumatera Utara,53200.0
2026-03-05,Cabai Rawit,Sumatera Utara,57700.0
2026-03-06,Cabai Rawit,Sumatera Utara,55600.0
2026-03-07,Cabai Rawit,Sumatera Utara,64900.0
2026-03-08,Cabai Rawit,Sumatera Utara,65700.0
2026-03-09,Cabai Rawit,Sumatera Utara,57800.0
2026-03-10,Cabai Rawit,Sumatera Utara,63700.0
2026-03-11,Cabai Rawit,Sumatera Utara,65300.0
2026-03-12,Cabai Rawit,Sumatera Utara,60600.0
2026-03-13,Cabai Rawit,Sumatera Utara,57600.0
2026-03-14,Cabai Rawit,Sumatera Utara,63300.0
2026-03-15,Cabai Rawit,Sumatera Utara,63900.0
2026-03-16,Cabai Rawit,Sumatera Utara,64100.0
2026-03-17,Cabai Rawit,Sumatera Utara,68400.0
2026-03-18,Cabai Rawit,Sumatera Utara,64800.0
2026-03-19,Cabai Rawit,Sumatera Utara,64100.0
2026-03-20,Cabai Rawit,Sumatera Utara,68500.0
2026-03-21,Cabai Rawit,Sumatera Utara,59300.0
2026-03-22,Cabai Rawit,Sumatera Utara,54000.0
2026-03-23,Cabai Rawit,Sumatera Utara,61600.0
2026-03-24,Cabai Rawit,Sumatera Utara,52600.0
2026-03-25,Cabai Rawit,Sumatera Utara,57100.0
2026-03-26,Cabai Rawit,Sumatera Utara,57700.0
2026-03-27,Cabai Rawit,Sumatera Utara,56700.0
2026-03-28,Cabai Rawit,Sumatera Utara,57300.0
2026-03-29,Cabai Rawit,Sumatera Utara,65200.0
2026-03-30,Cabai Rawit,Sumatera Utara,56500.0
2026-03-31,Cabai Rawit,Sumatera Utara,67900.0
2026-04-01,Cabai Rawit,Sumatera Utara,61000.0
2026-04-02,Cabai Rawit,Sumatera Utara,60400.0
2026-04-03,Cabai Rawit,Sumatera Utara,61100.0
2026-04-04,Cabai Rawit,Sumatera Utara,67800.0
2026-04-05,Cabai Rawit,Sumatera Utara,56300.0
2026-04-06,Cabai Rawit,Sumatera Utara,55900.0
2026-04-07,Cabai Rawit,Sumatera Utara,57200.0
2026-04-08,Cabai Rawit,Sumatera Utara,59400.0
2026-04-09,Cabai Rawit,Sumatera Utara,52700.0
2026-04-10,Cabai Rawit,Sumatera Utara,56900.0
2026-04-11,Cabai Rawit,Sumatera Utara,62400.0
2026-04-12,Cabai Rawit,Sumatera Utara,58300.0
2026-04-13,Cabai Rawit,Sumatera Utara,57300.0
2026-04-14,Cabai Rawit,Sumatera Utara,56000.0
2026-04-15,Cabai Rawit,Sumatera Utara,61000.0
2026-04-16,Cabai Rawit,Sumatera Utara,54500.0
2026-04-17,Cabai Rawit,Sumatera Utara,62600.0
2026-04-18,Cabai Rawit,Sumatera Utara,62900.0
2026-04-19,Cabai Rawit,Sumatera Utara,57800.0
2026-04-20,Cabai Rawit,Sumatera Utara,56800.0
2026-04-21,Cabai Rawit,Sumatera Utara,61100.0
2026-04-22,Cabai Rawit,Sumatera Utara,62100.0
2026-04-23,Cabai Rawit,Sumatera Utara,56200.0
2026-04-24,Cabai Rawit,Sumatera Utara,57900.0
2026-04-25,Cabai Rawit,Sumatera Utara,54500.0
2026-04-26,Cabai Rawit,Sumatera Utara,61700.0
2026-04-27,Cabai Rawit,Sumatera Utara,62800.0
2026-04-28,Cabai Rawit,Sumatera Utara,56200.0
2026-04-29,Cabai Rawit,Sumatera Utara,59500.0
2026-04-30,Cabai Rawit,Sumatera Utara,55800.0
2026-05-01,Cabai Rawit,Sumatera Utara,57000.0
2026-05-02,Cabai Rawit,Sumatera Utara,60900.0
2026-05-03,Cabai Rawit,Sumatera Utara,56600.0
2026-05-04,Cabai Rawit,Sumatera Utara,59100.0
2026-05-05,Cabai Rawit,Sumatera Utara,55000.0
2026-05-06,Cabai Rawit,Sumatera Utara,61300.0
2026-05-07,Cabai Rawit,Sumatera Utara,60400.0
2026-05-08,Cabai Rawit,Sumatera Utara,58100.0
2026-05-09,Cabai Rawit,Sumatera Utara,58800.0
2026-05-10,Cabai Rawit,Sumatera Utara,60400.0
2026-05-11,Cabai Rawit,Sumatera Utara,57300.0
2026-05-12,Cabai Rawit,Sumatera Utara,55600.0
2026-05-13,Cabai Rawit,Sumatera Utara,67300.0
2026-05-14,Cabai Rawit,Sumatera Utara,58100.0
2026-05-15,Cabai Rawit,Sumatera Utara,58900.0
2026-05-16,Cabai Rawit,Sumatera Utara,61400.0
2026-05-17,Cabai Rawit,Sumatera Utara,69600.0
2026-05-18,Cabai Rawit,Sumatera Utara,54700.0
2026-05-19,Cabai Rawit,Sumatera Utara,60800.0
2026-05-20,Cabai Rawit,Sumatera Utara,56400.0
2026-05-21,Cabai Rawit,Sumatera Utara,56400.0
2026-05-22,Cabai Rawit,Sumatera Utara,54600.0
2026-05-23,Cabai Rawit,Sumatera Utara,52400.0
2026-05-24,Cabai Rawit,Sumatera Utara,56200.0
2026-05-25,Cabai Rawit,Sumatera Utara,51300.0
2026-05-26,Cabai Rawit,Sumatera Utara,60400.0
2026-05-27,Cabai Rawit,Sumatera Utara,57400.0
2026-05-28,Cabai Rawit,Sumatera Utara,58300.0
2026-05-29,Cabai Rawit,Sumatera Utara,54700.0
2026-05-30,Cabai Rawit,Sumatera Utara,55000.0
2026-05-31,Cabai Rawit,Sumatera Utara,57600.0
2026-06-01,Cabai Rawit,Sumatera Utara,53300.0
2026-06-02,Cabai Rawit,Sumatera Utara,56700.0
2026-06-03,Cabai Rawit,Sumatera Utara,55000.0
2026-06-04,Cabai Rawit,Sumatera Utara,54800.0
2026-06-05,Cabai Rawit,Sumatera Utara,50100.0
2026-06-06,Cabai Rawit,Sumatera Utara,61100.0
2026-06-07,Cabai Rawit,Sumatera Utara,54400.0
2026-06-08,Cabai Rawit,Sumatera Utara,60700.0
2026-06-09,Cabai Rawit,Sumatera Utara,60500.0
2026-06-10,Cabai Rawit,Sumatera Utara,52900.0
2026-06-11,Cabai Rawit,Sumatera Utara,53800.0
2026-06-12,Cabai Rawit,Sumatera Utara,65800.0
2026-06-13,Cabai Rawit,Sumatera Utara,62200.0
2026-06-14,Cabai Rawit,Sumatera Utara,57000.0
2026-06-15,Cabai Rawit,Sumatera Utara,58300.0
2026-06-16,Cabai Rawit,Sumatera Utara,56000.0
2026-06-17,Cabai Rawit,Sumatera Utara,59200.0
2026-06-18,Cabai Rawit,Sumatera Utara,55100.0
2026-06-19,Cabai Rawit,Sumatera Utara,50400.0
2026-06-20,Cabai Rawit,Sumatera Utara,51800.0
2026-06-21,Cabai Rawit,Sumatera Utara,56400.0
2026-06-22,Cabai Rawit,Sumatera Utara,53700.0
2026-06-23,Cabai Rawit,Sumatera Utara,57500.0
2026-06-24,Cabai Rawit,Sumatera Utara,54800.0
2026-06-25,Cabai Rawit,Sumatera Utara,55300.0
2026-06-26,Cabai Rawit,Sumatera Utara,60500.0
2026-06-27,Cabai Rawit,Sumatera Utara,57200.0
2026-06-28,Cabai Rawit,Sumatera Utara,57500.0
2026-06-29,Cabai Rawit,Sumatera Utara,61400.0
2026-06-30,Cabai Rawit,Sumatera Utara,60400.0
2026-07-01,Cabai Rawit,Sumatera Utara,62800.0
2026-07-02,Cabai Rawit,Sumatera Utara,56300.0
2026-07-03,Cabai Rawit,Sumatera Utara,55300.0
2026-07-04,Cabai Rawit,Sumatera Utara,52300.0
2026-07-05,Cabai Rawit,Sumatera Utara,55300.0
2026-07-06,Cabai Rawit,Sumatera Utara,59800.0
2026-07-07,Cabai Rawit,Sumatera Utara,61800.0
2026-07-08,Cabai Rawit,Sumatera Utara,61200.0
2026-07-09,Cabai Rawit,Sumatera Utara,52200.0
2026-07-10,Cabai Rawit,Sumatera Utara,61000.0
2026-07-11,Cabai Rawit,Sumatera Utara,50700.0
2026-07-12,Cabai Rawit,Sumatera Utara,59900.0
2026-07-13,Cabai Rawit,Sumatera Utara,56100.0
2026-07-14,Cabai Rawit,Sumatera Utara,59400.0
2026-07-15,Cabai Rawit,Sumatera Utara,53400.0
2026-07-16,Cabai Rawit,Sumatera Utara,62100.0
2026-07-17,Cabai Rawit,Sumatera Utara,53100.0
2026-07-18,Cabai Rawit,Sumatera Utara,56200.0
2026-07-19,Cabai Rawit,Sumatera Utara,55200.0
2026-07-20,Cabai Rawit,Sumatera Utara,53000.0
2026-07-21,Cabai Rawit,Sumatera Utara,59100.0
2026-07-22,Cabai Rawit,Sumatera Utara,65400.0
2026-07-23,Cabai Rawit,Sumatera Utara,67400.0
2026-07-24,Cabai Rawit,Sumatera Utara,58900.0
2026-07-25,Cabai Rawit,Sumatera Utara,61600.0
2026-07-26,Cabai Rawit,Sumatera Utara,58600.0
2026-07-27,Cabai Rawit,Sumatera Utara,60300.0
2026-07-28,Cabai Rawit,Sumatera Utara,57900.0
2026-07-29,Cabai Rawit,Sumatera Utara,59500.0
2026-07-30,Cabai Rawit,Sumatera Utara,60700.0
2026-07-31,Cabai Rawit,Sumatera Utara,57300.0
2026-08-01,Cabai Rawit,Sumatera Utara,58800.0
2026-08-02,Cabai Rawit,Sumatera Utara,58700.0
2026-08-03,Cabai Rawit,Sumatera Utara,61700.0
2026-08-04,Cabai Rawit,Sumatera Utara,56100.0
2026-08-05,Cabai Rawit,Sumatera Utara,59600.0
2026-08-06,Cabai Rawit,Sumatera Utara,65000.0
2026-08-07,Cabai Rawit,Sumatera Utara,62400.0
2026-08-08,Cabai Rawit,Sumatera Utara,62600.0
2026-08-09,Cabai Rawit,Sumatera Utara,57800.0
2026-08-10,Cabai Rawit,Sumatera Utara,58800.0
2026-08-11,Cabai Rawit,Sumatera Utara,61100.0
2026-08-12,Cabai Rawit,Sumatera Utara,63000.0
2026-08-13,Cabai Rawit,Sumatera Utara,52300.0
2026-08-14,Cabai Rawit,Sumatera Utara,53900.0
2026-08-15,Cabai Rawit,Sumatera Utara,61400.0
2026-08-16,Cabai Rawit,Sumatera Utara,56600.0
2026-08-17,Cabai Rawit,Sumatera Utara,55600.0
2026-08-18,Cabai Rawit,Sumatera Utara,54300.0
2026-08-19,Cabai Rawit,Sumatera Utara,56900.0
2026-08-20,Cabai Rawit,Sumatera Utara,54300.0
2026-08-21,Cabai Rawit,Sumatera Utara,64800.0
2026-08-22,Cabai Rawit,Sumatera Utara,58500.0
2026-08-23,Cabai Rawit,Sumatera Utara,58800.0
2026-08-24,Cabai Rawit,Sumatera Utara,61000.0
2026-08-25,Cabai Rawit,Sumatera Utara,63600.0
2026-08-26,Cabai Rawit,Sumatera Utara,63700.0
2026-08-27,Cabai Rawit,Sumatera Utara,63400.0
2026-08-28,Cabai Rawit,Sumatera Utara,58200.0
2026-08-29,Cabai Rawit,Sumatera Utara,59800.0
2026-08-30,Cabai Rawit,Sumatera Utara,63100.0
2026-08-31,Cabai Rawit,Sumatera Utara,59300.0
2026-09-01,Cabai Rawit,Sumatera Utara,61400.0
2026-09-02,Cabai Rawit,Sumatera Utara,63000.0
2026-09-03,Cabai Rawit,Sumatera Utara,64400.0
2026-09-04,Cabai Rawit,Sumatera Utara,56100.0
2026-09-05,Cabai Rawit,Sumatera Utara,63500.0
2026-09-06,Cabai Rawit,Sumatera Utara,61300.0
2026-09-07,Cabai Rawit,Sumatera Utara,64600.0
2026-09-08,Cabai Rawit,Sumatera Utara,65700.0
2026-09-09,Cabai Rawit,Sumatera Utara,68300.0
2026-09-10,Cabai Rawit,Sumatera Utara,67300.0
2026-09-11,Cabai Rawit,Sumatera Utara,66600.0
2026-09-12,Cabai Rawit,Sumatera Utara,66500.0
2026-09-13,Cabai Rawit,Sumatera Utara,62900.0
2026-09-14,Cabai Rawit,Sumatera Utara,63200.0
2026-09-15,Cabai Rawit,Sumatera Utara,66000.0
2026-09-16,Cabai Rawit,Sumatera Utara,65300.0
2026-09-17,Cabai Rawit,Sumatera Utara,62600.0
2026-09-18,Cabai Rawit,Sumatera Utara,64700.0
2026-09-19,Cabai Rawit,Sumatera Utara,62000.0
2026-09-20,Cabai Rawit,Sumatera Utara,59300.0
2026-09-21,Cabai Rawit,Sumatera Utara,65700.0
2026-09-22,Cabai Rawit,Sumatera Utara,61900.0
2026-09-23,Cabai Rawit,Sumatera Utara,67000.0
2026-09-24,Cabai Rawit,Sumatera Utara,55100.0
2026-09-25,Cabai Rawit,Sumatera Utara,57500.0
2026-09-26,Cabai Rawit,Sumatera Utara,59000.0
2026-09-27,Cabai Rawit,Sumatera Utara,61800.0
2026-09-28,Cabai Rawit,Sumatera Utara,60100.0
2026-09-29,Cabai Rawit,Sumatera Utara,60100.0
2026-09-30,Cabai Rawit,Sumatera Utara,56300.0
2024-01-01,Bawang Merah,DKI Jakarta,36500.0
2024-01-02,Bawang Merah,DKI Jakarta,36300.0
2024-01-03,Bawang Merah,DKI Jakarta,35400.0
2024-01-04,Bawang Merah,DKI Jakarta,37700.0
2024-01-05,Bawang Merah,DKI Jakarta,33700.0
2024-01-06,Bawang Merah,DKI Jakarta,33700.0
2024-01-07,Bawang Merah,DKI Jakarta,35300.0
2024-01-08,Bawang Merah,DKI Jakarta,37800.0
2024-01-09,Bawang Merah,DKI Jakarta,35500.0
2024-01-10,Bawang Merah,DKI Jakarta,35400.0
2024-01-11,Bawang Merah,DKI Jakarta,34000.0
2024-01-12,Bawang Merah,DKI Jakarta,36300.0
2024-01-13,Bawang Merah,DKI Jakarta,36100.0
2024-01-14,Bawang Merah,DKI Jakarta,36200.0
2024-01-15,Bawang Merah,DKI Jakarta,35000.0
2024-01-16,Bawang Merah,DKI Jakarta,35100.0
2024-01-17,Bawang Merah,DKI Jakarta,34600.0
2024-01-18,Bawang Merah,DKI Jakarta,35800.0
2024-01-19,Bawang Merah,DKI Jakarta,34100.0
2024-01-20,Bawang Merah,DKI Jakarta,33700.0
2024-01-21,Bawang Merah,DKI Jakarta,34600.0
2024-01-22,Bawang Merah,DKI Jakarta,34800.0
2024-01-23,Bawang Merah,DKI Jakarta,34800.0
2024-01-24,Bawang Merah,DKI Jakarta,36200.0
2024-01-25,Bawang Merah,DKI Jakarta,35600.0
2024-01-26,Bawang Merah,DKI Jakarta,34900.0
2024-01-27,Bawang Merah,DKI Jakarta,35300.0
2024-01-28,Bawang Merah,DKI Jakarta,34100.0
2024-01-29,Bawang Merah,DKI Jakarta,35600.0
2024-01-30,Bawang Merah,DKI Jakarta,35900.0
2024-01-31,Bawang Merah,DKI Jakarta,34100.0
2024-02-01,Bawang Merah,DKI Jakarta,36700.0
2024-02-02,Bawang Merah,DKI Jakarta,34600.0
2024-02-03,Bawang Merah,DKI Jakarta,35600.0
2024-02-04,Bawang Merah,DKI Jakarta,37000.0
2024-02-05,Bawang Merah,DKI Jakarta,37000.0
2024-02-06,Bawang Merah,DKI Jakarta,36100.0
2024-02-07,Bawang Merah,DKI Jakarta,36000.0
2024-02-08,Bawang Merah,DKI Jakarta,37500.0
2024-02-09,Bawang Merah,DKI Jakarta,37200.0
2024-02-10,Bawang Merah,DKI Jakarta,35600.0
2024-02-11,Bawang Merah,DKI Jakarta,35300.0
2024-02-12,Bawang Merah,DKI Jakarta,34000.0
2024-02-13,Bawang Merah,DKI Jakarta,36500.0
2024-02-14,Bawang Merah,DKI Jakarta,36400.0
2024-02-15,Bawang Merah,DKI Jakarta,37800.0
2024-02-16,Bawang Merah,DKI Jakarta,36600.0
2024-02-17,Bawang Merah,DKI Jakarta,37500.0
2024-02-18,Bawang Merah,DKI Jakarta,35600.0
2024-02-19,Bawang Merah,DKI Jakarta,37900.0
2024-02-20,Bawang Merah,DKI Jakarta,36600.0
2024-02-21,Bawang Merah,DKI Jakarta,38500.0
2024-02-22,Bawang Merah,DKI Jakarta,35800.0
2024-02-23,Bawang Merah,DKI Jakarta,37300.0
2024-02-24,Bawang Merah,DKI Jakarta,34800.0
2024-02-25,Bawang Merah,DKI Jakarta,36700.0
2024-02-26,Bawang Merah,DKI Jakarta,37600.0
2024-02-27,Bawang Merah,DKI Jakarta,37100.0
2024-02-28,Bawang Merah,DKI Jakarta,36700.0
2024-02-29,Bawang Merah,DKI Jakarta,38700.0
2024-03-01,Bawang Merah,DKI Jakarta,37100.0
2024-03-02,Bawang Merah,DKI Jakarta,36400.0
2024-03-03,Bawang Merah,DKI Jakarta,37000.0
2024-03-04,Bawang Merah,DKI Jakarta,40100.0
2024-03-05,Bawang Merah,DKI Jakarta,38800.0
2024-03-06,Bawang Merah,DKI Jakarta,39000.0
2024-03-07,Bawang Merah,DKI Jakarta,38100.0
2024-03-08,Bawang Merah,DKI Jakarta,37700.0
2024-03-09,Bawang Merah,DKI Jakarta,34600.0
2024-03-10,Bawang Merah,DKI Jakarta,36500.0
2024-03-11,Bawang Merah,DKI Jakarta,37100.0
2024-03-12,Bawang Merah,DKI Jakarta,36000.0
2024-03-13,Bawang Merah,DKI Jakarta,37100.0
2024-03-14,Bawang Merah,DKI Jakarta,36000.0
2024-03-15,Bawang Merah,DKI Jakarta,38200.0
2024-03-16,Bawang Merah,DKI Jakarta,39000.0
2024-03-17,Bawang Merah,DKI Jakarta,39500.0
2024-03-18,Bawang Merah,DKI Jakarta,39000.0
2024-03-19,Bawang Merah,DKI Jakarta,37800.0
2024-03-20,Bawang Merah,DKI Jakarta,37000.0
2024-03-21,Bawang Merah,DKI Jakarta,37200.0
2024-03-22,Bawang Merah,DKI Jakarta,37500.0
2024-03-23,Bawang Merah,DKI Jakarta,37700.0
2024-03-24,Bawang Merah,DKI Jakarta,38800.0
2024-03-25,Bawang Merah,DKI Jakarta,37900.0
2024-03-26,Bawang Merah,DKI Jakarta,39500.0
2024-03-27,Bawang Merah,DKI Jakarta,39000.0
2024-03-28,Bawang Merah,DKI Jakarta,39500.0
2024-03-29,Bawang Merah,DKI Jakarta,40900.0
2024-03-30,Bawang Merah,DKI Jakarta,38500.0
2024-03-31,Bawang Merah,DKI Jakarta,40800.0
2024-04-01,Bawang Merah,DKI Jakarta,41000.0
2024-04-02,Bawang Merah,DKI Jakarta,41400.0
2024-04-03,Bawang Merah,DKI Jakarta,43400.0
2024-04-04,Bawang Merah,DKI Jakarta,43800.0
2024-04-05,Bawang Merah,DKI Jakarta,42100.0
2024-04-06,Bawang Merah,DKI Jakarta,43100.0
2024-04-07,Bawang Merah,DKI Jakarta,44100.0
2024-04-08,Bawang Merah,DKI Jakarta,44000.0
2024-04-09,Bawang Merah,DKI Jakarta,45700.0
2024-04-10,Bawang Merah,DKI Jakarta,45800.0
2024-04-11,Bawang Merah,DKI Jakarta,41800.0
2024-04-12,Bawang Merah,DKI Jakarta,37700.0
2024-04-13,Bawang Merah,DKI Jakarta,39100.0
2024-04-14,Bawang Merah,DKI Jakarta,38300.0
2024-04-15,Bawang Merah,DKI Jakarta,40300.0
2024-04-16,Bawang Merah,DKI Jakarta,38100.0
2024-04-17,Bawang Merah,DKI Jakarta,40300.0
2024-04-18,Bawang Merah,DKI Jakarta,39000.0
2024-04-19,Bawang Merah,DKI Jakarta,38300.0
2024-04-20,Bawang Merah,DKI Jakarta,37200.0
2024-04-21,Bawang Merah,DKI Jakarta,38300.0
2024-04-22,Bawang Merah,DKI Jakarta,40200.0
2024-04-23,Bawang Merah,DKI Jakarta,39400.0
2024-04-24,Bawang Merah,DKI Jakarta,40300.0
2024-04-25,Bawang Merah,DKI Jakarta,41200.0
2024-04-26,Bawang Merah,DKI Jakarta,39500.0
2024-04-27,Bawang Merah,DKI Jakarta,38400.0
2024-04-28,Bawang Merah,DKI Jakarta,39600.0
2024-04-29,Bawang Merah,DKI Jakarta,38700.0
2024-04-30,Bawang Merah,DKI Jakarta,39100.0
2024-05-01,Bawang Merah,DKI Jakarta,38100.0
2024-05-02,Bawang Merah,DKI Jakarta,40800.0
2024-05-03,Bawang Merah,DKI Jakarta,39200.0
2024-05-04,Bawang Merah,DKI Jakarta,39500.0
2024-05-05,Bawang Merah,DKI Jakarta,38200.0
2024-05-06,Bawang Merah,DKI Jakarta,40200.0
2024-05-07,Bawang Merah,DKI Jakarta,39300.0
2024-05-08,Bawang Merah,DKI Jakarta,40200.0
2024-05-09,Bawang Merah,DKI Jakarta,41100.0
2024-05-10,Bawang Merah,DKI Jakarta,40400.0
2024-05-11,Bawang Merah,DKI Jakarta,39200.0
2024-05-12,Bawang Merah,DKI Jakarta,37400.0
2024-05-13,Bawang Merah,DKI Jakarta,42900.0
2024-05-14,Bawang Merah,DKI Jakarta,41700.0
2024-05-15,Bawang Merah,DKI Jakarta,40600.0
2024-05-16,Bawang Merah,DKI Jakarta,38900.0
2024-05-17,Bawang Merah,DKI Jakarta,39000.0
2024-05-18,Bawang Merah,DKI Jakarta,38500.0
2024-05-19,Bawang Merah,DKI Jakarta,40500.0
2024-05-20,Bawang Merah,DKI Jakarta,39900.0
2024-05-21,Bawang Merah,DKI Jakarta,38900.0
2024-05-22,Bawang Merah,DKI Jakarta,39200.0
2024-05-23,Bawang Merah,DKI Jakarta,40600.0
2024-05-24,Bawang Merah,DKI Jakarta,40700.0
2024-05-25,Bawang Merah,DKI Jakarta,40400.0
2024-05-26,Bawang Merah,DKI Jakarta,39600.0
2024-05-27,Bawang Merah,DKI Jakarta,38800.0
2024-05-28,Bawang Merah,DKI Jakarta,35800.0
2024-05-29,Bawang Merah,DKI Jakarta,39700.0
2024-05-30,Bawang Merah,DKI Jakarta,38900.0
2024-05-31,Bawang Merah,DKI Jakarta,38700.0
2024-06-01,Bawang Merah,DKI Jakarta,38400.0
2024-06-02,Bawang Merah,DKI Jakarta,37200.0
2024-06-03,Bawang Merah,DKI Jakarta,39400.0
2024-06-04,Bawang Merah,DKI Jakarta,39900.0
2024-06-05,Bawang Merah,DKI Jakarta,40400.0
2024-06-06,Bawang Merah,DKI Jakarta,40900.0
2024-06-07,Bawang Merah,DKI Jakarta,40400.0
2024-06-08,Bawang Merah,DKI Jakarta,39200.0
2024-06-09,Bawang Merah,DKI Jakarta,40300.0
2024-06-10,Bawang Merah,DKI Jakarta,41300.0
2024-06-11,Bawang Merah,DKI Jakarta,41700.0
2024-06-12,Bawang Merah,DKI Jakarta,43000.0
2024-06-13,Bawang Merah,DKI Jakarta,43000.0
2024-06-14,Bawang Merah,DKI Jakarta,44400.0
2024-06-15,Bawang Merah,DKI Jakarta,44600.0
2024-06-16,Bawang Merah,DKI Jakarta,42700.0
2024-06-17,Bawang Merah,DKI Jakarta,39000.0
2024-06-18,Bawang Merah,DKI Jakarta,39200.0
2024-06-19,Bawang Merah,DKI Jakarta,37400.0
2024-06-20,Bawang Merah,DKI Jakarta,36600.0
2024-06-21,Bawang Merah,DKI Jakarta,36800.0
2024-06-22,Bawang Merah,DKI Jakarta,36600.0
2024-06-23,Bawang Merah,DKI Jakarta,37600.0
2024-06-24,Bawang Merah,DKI Jakarta,35400.0
2024-06-25,Bawang Merah,DKI Jakarta,36300.0
2024-06-26,Bawang Merah,DKI Jakarta,38000.0
2024-06-27,Bawang Merah,DKI Jakarta,38000.0
2024-06-28,Bawang Merah,DKI Jakarta,37800.0
2024-06-29,Bawang Merah,DKI Jakarta,36200.0
2024-06-30,Bawang Merah,DKI Jakarta,36100.0
2024-07-01,Bawang Merah,DKI Jakarta,36700.0
2024-07-02,Bawang Merah,DKI Jakarta,37700.0
2024-07-03,Bawang Merah,DKI Jakarta,39200.0
2024-07-04,Bawang Merah,DKI Jakarta,35100.0
2024-07-05,Bawang Merah,DKI Jakarta,36900.0
2024-07-06,Bawang Merah,DKI Jakarta,35200.0
2024-07-07,Bawang Merah,DKI Jakarta,34700.0
2024-07-08,Bawang Merah,DKI Jakarta,37800.0
2024-07-09,Bawang Merah,DKI Jakarta,37500.0
2024-07-10,Bawang Merah,DKI Jakarta,37400.0
2024-07-11,Bawang Merah,DKI Jakarta,37400.0
2024-07-12,Bawang Merah,DKI Jakarta,35600.0
2024-07-13,Bawang Merah,DKI Jakarta,35400.0
2024-07-14,Bawang Merah,DKI Jakarta,38300.0
2024-07-15,Bawang Merah,DKI Jakarta,36000.0
2024-07-16,Bawang Merah,DKI Jakarta,37300.0
2024-07-17,Bawang Merah,DKI Jakarta,36700.0
2024-07-18,Bawang Merah,DKI Jakarta,34300.0
2024-07-19,Bawang Merah,DKI Jakarta,33900.0
2024-07-20,Bawang Merah,DKI Jakarta,35000.0
2024-07-21,Bawang Merah,DKI Jakarta,36600.0
2024-07-22,Bawang Merah,DKI Jakarta,36400.0
2024-07-23,Bawang Merah,DKI Jakarta,36900.0
2024-07-24,Bawang Merah,DKI Jakarta,34900.0
2024-07-25,Bawang Merah,DKI Jakarta,37500.0
2024-07-26,Bawang Merah,DKI Jakarta,34300.0
2024-07-27,Bawang Merah,DKI Jakarta,35200.0
2024-07-28,Bawang Merah,DKI Jakarta,34900.0
2024-07-29,Bawang Merah,DKI Jakarta,35100.0
2024-07-30,Bawang Merah,DKI Jakarta,36800.0
2024-07-31,Bawang Merah,DKI Jakarta,34900.0
2024-08-01,Bawang Merah,DKI Jakarta,33700.0
2024-08-02,Bawang Merah,DKI Jakarta,34700.0
2024-08-03,Bawang Merah,DKI Jakarta,34300.0
2024-08-04,Bawang Merah,DKI Jakarta,38200.0
2024-08-05,Bawang Merah,DKI Jakarta,35500.0
2024-08-06,Bawang Merah,DKI Jakarta,34600.0
2024-08-07,Bawang Merah,DKI Jakarta,33900.0
2024-08-08,Bawang Merah,DKI Jakarta,32800.0
2024-08-09,Bawang Merah,DKI Jakarta,33200.0
2024-08-10,Bawang Merah,DKI Jakarta,34500.0
2024-08-11,Bawang Merah,DKI Jakarta,35900.0
2024-08-12,Bawang Merah,DKI Jakarta,35600.0
2024-08-13,Bawang Merah,DKI Jakarta,35100.0
2024-08-14,Bawang Merah,DKI Jakarta,34700.0
2024-08-15,Bawang Merah,DKI Jakarta,35000.0
2024-08-16,Bawang Merah,DKI Jakarta,33700.0
2024-08-17,Bawang Merah,DKI Jakarta,35900.0
2024-08-18,Bawang Merah,DKI Jakarta,34000.0
2024-08-19,Bawang Merah,DKI Jakarta,34000.0
2024-08-20,Bawang Merah,DKI Jakarta,32300.0
2024-08-21,Bawang Merah,DKI Jakarta,34400.0
2024-08-22,Bawang Merah,DKI Jakarta,35500.0
2024-08-23,Bawang Merah,DKI Jakarta,33400.0
2024-08-24,Bawang Merah,DKI Jakarta,33400.0
2024-08-25,Bawang Merah,DKI Jakarta,35100.0
2024-08-26,Bawang Merah,DKI Jakarta,33000.0
2024-08-27,Bawang Merah,DKI Jakarta,35600.0
2024-08-28,Bawang Merah,DKI Jakarta,33900.0
2024-08-29,Bawang Merah,DKI Jakarta,34000.0
2024-08-30,Bawang Merah,DKI Jakarta,32800.0
2024-08-31,Bawang Merah,DKI Jakarta,34100.0
2024-09-01,Bawang Merah,DKI Jakarta,36400.0
2024-09-02,Bawang Merah,DKI Jakarta,35000.0
2024-09-03,Bawang Merah,DKI Jakarta,33500.0
2024-09-04,Bawang Merah,DKI Jakarta,35700.0
2024-09-05,Bawang Merah,DKI Jakarta,34000.0
2024-09-06,Bawang Merah,DKI Jakarta,35100.0
2024-09-07,Bawang Merah,DKI Jakarta,34400.0
2024-09-08,Bawang Merah,DKI Jakarta,30700.0
2024-09-09,Bawang Merah,DKI Jakarta,32900.0
2024-09-10,Bawang Merah,DKI Jakarta,35300.0
2024-09-11,Bawang Merah,DKI Jakarta,34400.0
2024-09-12,Bawang Merah,DKI Jakarta,33100.0
2024-09-13,Bawang Merah,DKI Jakarta,33000.0
2024-09-14,Bawang Merah,DKI Jakarta,31600.0
2024-09-15,Bawang Merah,DKI Jakarta,33700.0
2024-09-16,Bawang Merah,DKI Jakarta,36200.0
2024-09-17,Bawang Merah,DKI Jakarta,34900.0
2024-09-18,Bawang Merah,DKI Jakarta,36300.0
2024-09-19,Bawang Merah,DKI Jakarta,34800.0
2024-09-20,Bawang Merah,DKI Jakarta,34500.0
2024-09-21,Bawang Merah,DKI Jakarta,35300.0
2024-09-22,Bawang Merah,DKI Jakarta,33900.0
2024-09-23,Bawang Merah,DKI Jakarta,33600.0
2024-09-24,Bawang Merah,DKI Jakarta,34900.0
2024-09-25,Bawang Merah,DKI Jakarta,35600.0
2024-09-26,Bawang Merah,DKI Jakarta,33500.0
2024-09-27,Bawang Merah,DKI Jakarta,33100.0
2024-09-28,Bawang Merah,DKI Jakarta,33800.0
2024-09-29,Bawang Merah,DKI Jakarta,34600.0
2024-09-30,Bawang Merah,DKI Jakarta,35000.0
2024-10-01,Bawang Merah,DKI Jakarta,33300.0
2024-10-02,Bawang Merah,DKI Jakarta,36600.0
2024-10-03,Bawang Merah,DKI Jakarta,34000.0
2024-10-04,Bawang Merah,DKI Jakarta,34100.0
2024-10-05,Bawang Merah,DKI Jakarta,33200.0
2024-10-06,Bawang Merah,DKI Jakarta,36700.0
2024-10-07,Bawang Merah,DKI Jakarta,34500.0
2024-10-08,Bawang Merah,DKI Jakarta,33500.0
2024-10-09,Bawang Merah,DKI Jakarta,35300.0
2024-10-10,Bawang Merah,DKI Jakarta,34800.0
2024-10-11,Bawang Merah,DKI Jakarta,33500.0
2024-10-12,Bawang Merah,DKI Jakarta,34300.0
2024-10-13,Bawang Merah,DKI Jakarta,32700.0
2024-10-14,Bawang Merah,DKI Jakarta,33100.0
2024-10-15,Bawang Merah,DKI Jakarta,31600.0
2024-10-16,Bawang Merah,DKI Jakarta,32400.0
2024-10-17,Bawang Merah,DKI Jakarta,35400.0
2024-10-18,Bawang Merah,DKI Jakarta,35100.0
2024-10-19,Bawang Merah,DKI Jakarta,33300.0
2024-10-20,Bawang Merah,DKI Jakarta,35100.0
2024-10-21,Bawang Merah,DKI Jakarta,33700.0
2024-10-22,Bawang Merah,DKI Jakarta,33900.0
2024-10-23,Bawang Merah,DKI Jakarta,34200.0
2024-10-24,Bawang Merah,DKI Jakarta,34000.0
2024-10-25,Bawang Merah,DKI Jakarta,33700.0
2024-10-26,Bawang Merah,DKI Jakarta,34800.0
2024-10-27,Bawang Merah,DKI Jakarta,34100.0
2024-10-28,Bawang Merah,DKI Jakarta,34900.0
2024-10-29,Bawang Merah,DKI Jakarta,35600.0
2024-10-30,Bawang Merah,DKI Jakarta,35000.0
2024-10-31,Bawang Merah,DKI Jakarta,33300.0
2024-11-01,Bawang Merah,DKI Jakarta,32600.0
2024-11-02,Bawang Merah,DKI Jakarta,34200.0
2024-11-03,Bawang Merah,DKI Jakarta,34000.0
2024-11-04,Bawang Merah,DKI Jakarta,34600.0
2024-11-05,Bawang Merah,DKI Jakarta,34700.0
2024-11-06,Bawang Merah,DKI Jakarta,37600.0
2024-11-07,Bawang Merah,DKI Jakarta,33400.0
2024-11-08,Bawang Merah,DKI Jakarta,32600.0
2024-11-09,Bawang Merah,DKI Jakarta,34800.0
2024-11-10,Bawang Merah,DKI Jakarta,34200.0
2024-11-11,Bawang Merah,DKI Jakarta,35200.0
2024-11-12,Bawang Merah,DKI Jakarta,35700.0
2024-11-13,Bawang Merah,DKI Jakarta,36500.0
2024-11-14,Bawang Merah,DKI Jakarta,33100.0
2024-11-15,Bawang Merah,DKI Jakarta,33900.0
2024-11-16,Bawang Merah,DKI Jakarta,34900.0
2024-11-17,Bawang Merah,DKI Jakarta,35400.0
2024-11-18,Bawang Merah,DKI Jakarta,37200.0
2024-11-19,Bawang Merah,DKI Jakarta,36200.0
2024-11-20,Bawang Merah,DKI Jakarta,35500.0
2024-11-21,Bawang Merah,DKI Jakarta,34600.0
2024-11-22,Bawang Merah,DKI Jakarta,34700.0
2024-11-23,Bawang Merah,DKI Jakarta,34500.0
2024-11-24,Bawang Merah,DKI Jakarta,36000.0
2024-11-25,Bawang Merah,DKI Jakarta,35700.0
2024-11-26,Bawang Merah,DKI Jakarta,34300.0
2024-11-27,Bawang Merah,DKI Jakarta,35600.0
2024-11-28,Bawang Merah,DKI Jakarta,36900.0
2024-11-29,Bawang Merah,DKI Jakarta,36100.0
2024-11-30,Bawang Merah,DKI Jakarta,36000.0
2024-12-01,Bawang Merah,DKI Jakarta,35900.0
2024-12-02,Bawang Merah,DKI Jakarta,37400.0
2024-12-03,Bawang Merah,DKI Jakarta,36300.0
2024-12-04,Bawang Merah,DKI Jakarta,35600.0
2024-12-05,Bawang Merah,DKI Jakarta,34800.0
2024-12-06,Bawang Merah,DKI Jakarta,35400.0
2024-12-07,Bawang Merah,DKI Jakarta,32600.0
2024-12-08,Bawang Merah,DKI Jakarta,35000.0
2024-12-09,Bawang Merah,DKI Jakarta,35300.0
2024-12-10,Bawang Merah,DKI Jakarta,34400.0
2024-12-11,Bawang Merah,DKI Jakarta,34800.0
2024-12-12,Bawang Merah,DKI Jakarta,36300.0
2024-12-13,Bawang Merah,DKI Jakarta,35300.0
2024-12-14,Bawang Merah,DKI Jakarta,34900.0
2024-12-15,Bawang Merah,DKI Jakarta,35300.0
2024-12-16,Bawang Merah,DKI Jakarta,35300.0
2024-12-17,Bawang Merah,DKI Jakarta,37000.0
2024-12-18,Bawang Merah,DKI Jakarta,36100.0
2024-12-19,Bawang Merah,DKI Jakarta,34400.0
2024-12-20,Bawang Merah,DKI Jakarta,37400.0
2024-12-21,Bawang Merah,DKI Jakarta,36100.0
2024-12-22,Bawang Merah,DKI Jakarta,35100.0
2024-12-23,Bawang Merah,DKI Jakarta,34700.0
2024-12-24,Bawang Merah,DKI Jakarta,36800.0
2024-12-25,Bawang Merah,DKI Jakarta,36500.0
2024-12-26,Bawang Merah,DKI Jakarta,38200.0
2024-12-27,Bawang Merah,DKI Jakarta,35800.0
2024-12-28,Bawang Merah,DKI Jakarta,35100.0
2024-12-29,Bawang Merah,DKI Jakarta,37100.0
2024-12-30,Bawang Merah,DKI Jakarta,37600.0
2024-12-31,Bawang Merah,DKI Jakarta,37000.0
2025-01-01,Bawang Merah,DKI Jakarta,37400.0
2025-01-02,Bawang Merah,DKI Jakarta,36500.0
2025-01-03,Bawang Merah,DKI Jakarta,36600.0
2025-01-04,Bawang Merah,DKI Jakarta,37700.0
2025-01-05,Bawang Merah,DKI Jakarta,37000.0
2025-01-06,Bawang Merah,DKI Jakarta,36400.0
2025-01-07,Bawang Merah,DKI Jakarta,38400.0
2025-01-08,Bawang Merah,DKI Jakarta,34600.0
2025-01-09,Bawang Merah,DKI Jakarta,39300.0
2025-01-10,Bawang Merah,DKI Jakarta,34700.0
2025-01-11,Bawang Merah,DKI Jakarta,35800.0
2025-01-12,Bawang Merah,DKI Jakarta,36500.0
2025-01-13,Bawang Merah,DKI Jakarta,36500.0
2025-01-14,Bawang Merah,DKI Jakarta,38000.0
2025-01-15,Bawang Merah,DKI Jakarta,36100.0
2025-01-16,Bawang Merah,DKI Jakarta,37400.0
2025-01-17,Bawang Merah,DKI Jakarta,36200.0
2025-01-18,Bawang Merah,DKI Jakarta,37000.0
2025-01-19,Bawang Merah,DKI Jakarta,36700.0
2025-01-20,Bawang Merah,DKI Jakarta,37300.0
2025-01-21,Bawang Merah,DKI Jakarta,36900.0
2025-01-22,Bawang Merah,DKI Jakarta,37100.0
2025-01-23,Bawang Merah,DKI Jakarta,37900.0
2025-01-24,Bawang Merah,DKI Jakarta,38400.0
2025-01-25,Bawang Merah,DKI Jakarta,36400.0
2025-01-26,Bawang Merah,DKI Jakarta,36100.0
2025-01-27,Bawang Merah,DKI Jakarta,37700.0
2025-01-28,Bawang Merah,DKI Jakarta,37700.0
2025-01-29,Bawang Merah,DKI Jakarta,38900.0
2025-01-30,Bawang Merah,DKI Jakarta,36600.0
2025-01-31,Bawang Merah,DKI Jakarta,35300.0
2025-02-01,Bawang Merah,DKI Jakarta,36400.0
2025-02-02,Bawang Merah,DKI Jakarta,36500.0
2025-02-03,Bawang Merah,DKI Jakarta,37400.0
2025-02-04,Bawang Merah,DKI Jakarta,37100.0
2025-02-05,Bawang Merah,DKI Jakarta,38700.0
2025-02-06,Bawang Merah,DKI Jakarta,37500.0
2025-02-07,Bawang Merah,DKI Jakarta,37700.0
2025-02-08,Bawang Merah,DKI Jakarta,37300.0
2025-02-09,Bawang Merah,DKI Jakarta,37400.0
2025-02-10,Bawang Merah,DKI Jakarta,37300.0
2025-02-11,Bawang Merah,DKI Jakarta,38200.0
2025-02-12,Bawang Merah,DKI Jakarta,37100.0
2025-02-13,Bawang Merah,DKI Jakarta,39100.0
2025-02-14,Bawang Merah,DKI Jakarta,36900.0
2025-02-15,Bawang Merah,DKI Jakarta,35400.0
2025-02-16,Bawang Merah,DKI Jakarta,37100.0
2025-02-17,Bawang Merah,DKI Jakarta,36400.0
2025-02-18,Bawang Merah,DKI Jakarta,38400.0
2025-02-19,Bawang Merah,DKI Jakarta,40300.0
2025-02-20,Bawang Merah,DKI Jakarta,36600.0
2025-02-21,Bawang Merah,DKI Jakarta,37600.0
2025-02-22,Bawang Merah,DKI Jakarta,35200.0
2025-02-23,Bawang Merah,DKI Jakarta,37700.0
2025-02-24,Bawang Merah,DKI Jakarta,36600.0
2025-02-25,Bawang Merah,DKI Jakarta,37200.0
2025-02-26,Bawang Merah,DKI Jakarta,36900.0
2025-02-27,Bawang Merah,DKI Jakarta,38800.0
2025-02-28,Bawang Merah,DKI Jakarta,38800.0
2025-03-01,Bawang Merah,DKI Jakarta,37500.0
2025-03-02,Bawang Merah,DKI Jakarta,36600.0
2025-03-03,Bawang Merah,DKI Jakarta,39700.0
2025-03-04,Bawang Merah,DKI Jakarta,37500.0
2025-03-05,Bawang Merah,DKI Jakarta,35800.0
2025-03-06,Bawang Merah,DKI Jakarta,38800.0
2025-03-07,Bawang Merah,DKI Jakarta,36400.0
2025-03-08,Bawang Merah,DKI Jakarta,38500.0
2025-03-09,Bawang Merah,DKI Jakarta,37000.0
2025-03-10,Bawang Merah,DKI Jakarta,38500.0
2025-03-11,Bawang Merah,DKI Jakarta,40000.0
2025-03-12,Bawang Merah,DKI Jakarta,36800.0
2025-03-13,Bawang Merah,DKI Jakarta,37300.0
2025-03-14,Bawang Merah,DKI Jakarta,37200.0
2025-03-15,Bawang Merah,DKI Jakarta,38800.0
2025-03-16,Bawang Merah,DKI Jakarta,36500.0
2025-03-17,Bawang Merah,DKI Jakarta,37100.0
2025-03-18,Bawang Merah,DKI Jakarta,39100.0
2025-03-19,Bawang Merah,DKI Jakarta,38500.0
2025-03-20,Bawang Merah,DKI Jakarta,39600.0
2025-03-21,Bawang Merah,DKI Jakarta,37700.0
2025-03-22,Bawang Merah,DKI Jakarta,42000.0
2025-03-23,Bawang Merah,DKI Jakarta,38500.0
2025-03-24,Bawang Merah,DKI Jakarta,40100.0
2025-03-25,Bawang Merah,DKI Jakarta,41400.0
2025-03-26,Bawang Merah,DKI Jakarta,44100.0
2025-03-27,Bawang Merah,DKI Jakarta,40800.0
2025-03-28,Bawang Merah,DKI Jakarta,44500.0
2025-03-29,Bawang Merah,DKI Jakarta,43300.0
2025-03-30,Bawang Merah,DKI Jakarta,43500.0
2025-03-31,Bawang Merah,DKI Jakarta,42600.0
2025-04-01,Bawang Merah,DKI Jakarta,38900.0
2025-04-02,Bawang Merah,DKI Jakarta,37600.0
2025-04-03,Bawang Merah,DKI Jakarta,39500.0
2025-04-04,Bawang Merah,DKI Jakarta,36400.0
2025-04-05,Bawang Merah,DKI Jakarta,37400.0
2025-04-06,Bawang Merah,DKI Jakarta,37100.0
2025-04-07,Bawang Merah,DKI Jakarta,36900.0
2025-04-08,Bawang Merah,DKI Jakarta,39400.0
2025-04-09,Bawang Merah,DKI Jakarta,39200.0
2025-04-10,Bawang Merah,DKI Jakarta,40000.0
2025-04-11,Bawang Merah,DKI Jakarta,36300.0
2025-04-12,Bawang Merah,DKI Jakarta,39100.0
2025-04-13,Bawang Merah,DKI Jakarta,41100.0
2025-04-14,Bawang Merah,DKI Jakarta,38200.0
2025-04-15,Bawang Merah,DKI Jakarta,41200.0
2025-04-16,Bawang Merah,DKI Jakarta,38900.0
2025-04-17,Bawang Merah,DKI Jakarta,37300.0
2025-04-18,Bawang Merah,DKI Jakarta,38400.0
2025-04-19,Bawang Merah,DKI Jakarta,39300.0
2025-04-20,Bawang Merah,DKI Jakarta,37100.0
2025-04-21,Bawang Merah,DKI Jakarta,37800.0
2025-04-22,Bawang Merah,DKI Jakarta,39400.0
2025-04-23,Bawang Merah,DKI Jakarta,38800.0
2025-04-24,Bawang Merah,DKI Jakarta,39100.0
2025-04-25,Bawang Merah,DKI Jakarta,38600.0
2025-04-26,Bawang Merah,DKI Jakarta,38900.0
2025-04-27,Bawang Merah,DKI Jakarta,37900.0
2025-04-28,Bawang Merah,DKI Jakarta,38800.0
2025-04-29,Bawang Merah,DKI Jakarta,38000.0
2025-04-30,Bawang Merah,DKI Jakarta,40900.0
2025-05-01,Bawang Merah,DKI Jakarta,38600.0
2025-05-02,Bawang Merah,DKI Jakarta,40600.0
2025-05-03,Bawang Merah,DKI Jakarta,38700.0
2025-05-04,Bawang Merah,DKI Jakarta,39100.0
2025-05-05,Bawang Merah,DKI Jakarta,38400.0
2025-05-06,Bawang Merah,DKI Jakarta,38200.0
2025-05-07,Bawang Merah,DKI Jakarta,37400.0
2025-05-08,Bawang Merah,DKI Jakarta,38000.0
2025-05-09,Bawang Merah,DKI Jakarta,38600.0
2025-05-10,Bawang Merah,DKI Jakarta,39100.0
2025-05-11,Bawang Merah,DKI Jakarta,39900.0
2025-05-12,Bawang Merah,DKI Jakarta,38400.0
2025-05-13,Bawang Merah,DKI Jakarta,38300.0
2025-05-14,Bawang Merah,DKI Jakarta,37700.0
2025-05-15,Bawang Merah,DKI Jakarta,39500.0
2025-05-16,Bawang Merah,DKI Jakarta,40300.0
2025-05-17,Bawang Merah,DKI Jakarta,39800.0
2025-05-18,Bawang Merah,DKI Jakarta,39200.0
2025-05-19,Bawang Merah,DKI Jakarta,39400.0
2025-05-20,Bawang Merah,DKI Jakarta,40800.0
2025-05-21,Bawang Merah,DKI Jakarta,39400.0
2025-05-22,Bawang Merah,DKI Jakarta,39500.0
2025-05-23,Bawang Merah,DKI Jakarta,38200.0
2025-05-24,Bawang Merah,DKI Jakarta,37200.0
2025-05-25,Bawang Merah,DKI Jakarta,38500.0
2025-05-26,Bawang Merah,DKI Jakarta,40100.0
2025-05-27,Bawang Merah,DKI Jakarta,40800.0
2025-05-28,Bawang Merah,DKI Jakarta,43000.0
2025-05-29,Bawang Merah,DKI Jakarta,41100.0
2025-05-30,Bawang Merah,DKI Jakarta,42400.0
2025-05-31,Bawang Merah,DKI Jakarta,40800.0
2025-06-01,Bawang Merah,DKI Jakarta,41400.0
2025-06-02,Bawang Merah,DKI Jakarta,40900.0
2025-06-03,Bawang Merah,DKI Jakarta,42500.0
2025-06-04,Bawang Merah,DKI Jakarta,44200.0
2025-06-05,Bawang Merah,DKI Jakarta,43900.0
2025-06-06,Bawang Merah,DKI Jakarta,44800.0
2025-06-07,Bawang Merah,DKI Jakarta,38100.0
2025-06-08,Bawang Merah,DKI Jakarta,37500.0
2025-06-09,Bawang Merah,DKI Jakarta,40500.0
2025-06-10,Bawang Merah,DKI Jakarta,38300.0
2025-06-11,Bawang Merah,DKI Jakarta,40000.0
2025-06-12,Bawang Merah,DKI Jakarta,38100.0
2025-06-13,Bawang Merah,DKI Jakarta,39000.0
2025-06-14,Bawang Merah,DKI Jakarta,38800.0
2025-06-15,Bawang Merah,DKI Jakarta,38200.0
2025-06-16,Bawang Merah,DKI Jakarta,35900.0
2025-06-17,Bawang Merah,DKI Jakarta,38700.0
2025-06-18,Bawang Merah,DKI Jakarta,40100.0
2025-06-19,Bawang Merah,DKI Jakarta,39000.0
2025-06-20,Bawang Merah,DKI Jakarta,38500.0
2025-06-21,Bawang Merah,DKI Jakarta,35400.0
2025-06-22,Bawang Merah,DKI Jakarta,36600.0
2025-06-23,Bawang Merah,DKI Jakarta,38000.0
2025-06-24,Bawang Merah,DKI Jakarta,38100.0
2025-06-25,Bawang Merah,DKI Jakarta,39100.0
2025-06-26,Bawang Merah,DKI Jakarta,37200.0
2025-06-27,Bawang Merah,DKI Jakarta,37400.0
2025-06-28,Bawang Merah,DKI Jakarta,37000.0
2025-06-29,Bawang Merah,DKI Jakarta,35700.0
2025-06-30,Bawang Merah,DKI Jakarta,34400.0
2025-07-01,Bawang Merah,DKI Jakarta,37600.0
2025-07-02,Bawang Merah,DKI Jakarta,37500.0
2025-07-03,Bawang Merah,DKI Jakarta,36200.0
2025-07-04,Bawang Merah,DKI Jakarta,34800.0
2025-07-05,Bawang Merah,DKI Jakarta,37100.0
2025-07-06,Bawang Merah,DKI Jakarta,35900.0
2025-07-07,Bawang Merah,DKI Jakarta,37200.0
2025-07-08,Bawang Merah,DKI Jakarta,39000.0
2025-07-09,Bawang Merah,DKI Jakarta,34600.0
2025-07-10,Bawang Merah,DKI Jakarta,36100.0
2025-07-11,Bawang Merah,DKI Jakarta,36500.0
2025-07-12,Bawang Merah,DKI Jakarta,38100.0
2025-07-13,Bawang Merah,DKI Jakarta,34700.0
2025-07-14,Bawang Merah,DKI Jakarta,38700.0
2025-07-15,Bawang Merah,DKI Jakarta,37000.0
2025-07-16,Bawang Merah,DKI Jakarta,36900.0
2025-07-17,Bawang Merah,DKI Jakarta,36500.0
2025-07-18,Bawang Merah,DKI Jakarta,35600.0
2025-07-19,Bawang Merah,DKI Jakarta,37100.0
2025-07-20,Bawang Merah,DKI Jakarta,34900.0
2025-07-21,Bawang Merah,DKI Jakarta,36700.0
2025-07-22,Bawang Merah,DKI Jakarta,36200.0
2025-07-23,Bawang Merah,DKI Jakarta,36100.0
2025-07-24,Bawang Merah,DKI Jakarta,39100.0
2025-07-25,Bawang Merah,DKI Jakarta,36500.0
2025-07-26,Bawang Merah,DKI Jakarta,36300.0
2025-07-27,Bawang Merah,DKI Jakarta,36900.0
2025-07-28,Bawang Merah,DKI Jakarta,34500.0
2025-07-29,Bawang Merah,DKI Jakarta,38200.0
2025-07-30,Bawang Merah,DKI Jakarta,33600.0
2025-07-31,Bawang Merah,DKI Jakarta,35000.0
2025-08-01,Bawang Merah,DKI Jakarta,34900.0
2025-08-02,Bawang Merah,DKI Jakarta,35900.0
2025-08-03,Bawang Merah,DKI Jakarta,35700.0
2025-08-04,Bawang Merah,DKI Jakarta,35400.0
2025-08-05,Bawang Merah,DKI Jakarta,35900.0
2025-08-06,Bawang Merah,DKI Jakarta,34800.0
2025-08-07,Bawang Merah,DKI Jakarta,34100.0
2025-08-08,Bawang Merah,DKI Jakarta,36100.0
2025-08-09,Bawang Merah,DKI Jakarta,35900.0
2025-08-10,Bawang Merah,DKI Jakarta,37000.0
2025-08-11,Bawang Merah,DKI Jakarta,34600.0
2025-08-12,Bawang Merah,DKI Jakarta,36300.0
2025-08-13,Bawang Merah,DKI Jakarta,35300.0
2025-08-14,Bawang Merah,DKI Jakarta,37000.0
2025-08-15,Bawang Merah,DKI Jakarta,36400.0
2025-08-16,Bawang Merah,DKI Jakarta,35600.0
2025-08-17,Bawang Merah,DKI Jakarta,35400.0
2025-08-18,Bawang Merah,DKI Jakarta,37000.0
2025-08-19,Bawang Merah,DKI Jakarta,36900.0
2025-08-20,Bawang Merah,DKI Jakarta,35400.0
2025-08-21,Bawang Merah,DKI Jakarta,34500.0
2025-08-22,Bawang Merah,DKI Jakarta,35100.0
2025-08-23,Bawang Merah,DKI Jakarta,36800.0
2025-08-24,Bawang Merah,DKI Jakarta,36600.0
2025-08-25,Bawang Merah,DKI Jakarta,34400.0
2025-08-26,Bawang Merah,DKI Jakarta,34600.0
2025-08-27,Bawang Merah,DKI Jakarta,37000.0
2025-08-28,Bawang Merah,DKI Jakarta,34300.0
2025-08-29,Bawang Merah,DKI Jakarta,35800.0
2025-08-30,Bawang Merah,DKI Jakarta,34400.0
2025-08-31,Bawang Merah,DKI Jakarta,36700.0
2025-09-01,Bawang Merah,DKI Jakarta,34500.0
2025-09-02,Bawang Merah,DKI Jakarta,36800.0
2025-09-03,Bawang Merah,DKI Jakarta,35900.0
2025-09-04,Bawang Merah,DKI Jakarta,35800.0
2025-09-05,Bawang Merah,DKI Jakarta,33100.0
2025-09-06,Bawang Merah,DKI Jakarta,32900.0
2025-09-07,Bawang Merah,DKI Jakarta,35100.0
2025-09-08,Bawang Merah,DKI Jakarta,35900.0
2025-09-09,Bawang Merah,DKI Jakarta,34900.0
2025-09-10,Bawang Merah,DKI Jakarta,35100.0
2025-09-11,Bawang Merah,DKI Jakarta,36800.0
2025-09-12,Bawang Merah,DKI Jakarta,36600.0
2025-09-13,Bawang Merah,DKI Jakarta,35400.0
2025-09-14,Bawang Merah,DKI Jakarta,36600.0
2025-09-15,Bawang Merah,DKI Jakarta,34800.0
2025-09-16,Bawang Merah,DKI Jakarta,35900.0
2025-09-17,Bawang Merah,DKI Jakarta,38200.0
2025-09-18,Bawang Merah,DKI Jakarta,36200.0
2025-09-19,Bawang Merah,DKI Jakarta,36000.0
2025-09-20,Bawang Merah,DKI Jakarta,38000.0
2025-09-21,Bawang Merah,DKI Jakarta,34400.0
2025-09-22,Bawang Merah,DKI Jakarta,36900.0
2025-09-23,Bawang Merah,DKI Jakarta,38100.0
2025-09-24,Bawang Merah,DKI Jakarta,35900.0
2025-09-25,Bawang Merah,DKI Jakarta,37000.0
2025-09-26,Bawang Merah,DKI Jakarta,34800.0
2025-09-27,Bawang Merah,DKI Jakarta,35000.0
2025-09-28,Bawang Merah,DKI Jakarta,36000.0
2025-09-29,Bawang Merah,DKI Jakarta,36500.0
2025-09-30,Bawang Merah,DKI Jakarta,37200.0
2025-10-01,Bawang Merah,DKI Jakarta,38000.0
2025-10-02,Bawang Merah,DKI Jakarta,35900.0
2025-10-03,Bawang Merah,DKI Jakarta,37200.0
2025-10-04,Bawang Merah,DKI Jakarta,35400.0
2025-10-05,Bawang Merah,DKI Jakarta,36800.0
2025-10-06,Bawang Merah,DKI Jakarta,36300.0
2025-10-07,Bawang Merah,DKI Jakarta,36600.0
2025-10-08,Bawang Merah,DKI Jakarta,36800.0
2025-10-09,Bawang Merah,DKI Jakarta,34400.0
2025-10-10,Bawang Merah,DKI Jakarta,34500.0
2025-10-11,Bawang Merah,DKI Jakarta,35700.0
2025-10-12,Bawang Merah,DKI Jakarta,33700.0
2025-10-13,Bawang Merah,DKI Jakarta,36400.0
2025-10-14,Bawang Merah,DKI Jakarta,36700.0
2025-10-15,Bawang Merah,DKI Jakarta,36300.0
2025-10-16,Bawang Merah,DKI Jakarta,34600.0
2025-10-17,Bawang Merah,DKI Jakarta,36900.0
2025-10-18,Bawang Merah,DKI Jakarta,37800.0
2025-10-19,Bawang Merah,DKI Jakarta,35800.0
2025-10-20,Bawang Merah,DKI Jakarta,36500.0
2025-10-21,Bawang Merah,DKI Jakarta,36300.0
2025-10-22,Bawang Merah,DKI Jakarta,36800.0
2025-10-23,Bawang Merah,DKI Jakarta,36000.0
2025-10-24,Bawang Merah,DKI Jakarta,36000.0
2025-10-25,Bawang Merah,DKI Jakarta,36600.0
2025-10-26,Bawang Merah,DKI Jakarta,38100.0
2025-10-27,Bawang Merah,DKI Jakarta,34600.0
2025-10-28,Bawang Merah,DKI Jakarta,36300.0
2025-10-29,Bawang Merah,DKI Jakarta,35300.0
2025-10-30,Bawang Merah,DKI Jakarta,38100.0
2025-10-31,Bawang Merah,DKI Jakarta,35400.0
2025-11-01,Bawang Merah,DKI Jakarta,34500.0
2025-11-02,Bawang Merah,DKI Jakarta,36900.0
2025-11-03,Bawang Merah,DKI Jakarta,38200.0
2025-11-04,Bawang Merah,DKI Jakarta,37300.0
2025-11-05,Bawang Merah,DKI Jakarta,36700.0
2025-11-06,Bawang Merah,DKI Jakarta,36800.0
2025-11-07,Bawang Merah,DKI Jakarta,37400.0
2025-11-08,Bawang Merah,DKI Jakarta,34800.0
2025-11-09,Bawang Merah,DKI Jakarta,35800.0
2025-11-10,Bawang Merah,DKI Jakarta,35700.0
2025-11-11,Bawang Merah,DKI Jakarta,35300.0
2025-11-12,Bawang Merah,DKI Jakarta,36100.0
2025-11-13,Bawang Merah,DKI Jakarta,37600.0
2025-11-14,Bawang Merah,DKI Jakarta,36600.0
2025-11-15,Bawang Merah,DKI Jakarta,36500.0
2025-11-16,Bawang Merah,DKI Jakarta,36100.0
2025-11-17,Bawang Merah,DKI Jakarta,36800.0
2025-11-18,Bawang Merah,DKI Jakarta,35700.0
2025-11-19,Bawang Merah,DKI Jakarta,36200.0
2025-11-20,Bawang Merah,DKI Jakarta,36500.0
2025-11-21,Bawang Merah,DKI Jakarta,36300.0
2025-11-22,Bawang Merah,DKI Jakarta,36000.0
2025-11-23,Bawang Merah,DKI Jakarta,35600.0
2025-11-24,Bawang Merah,DKI Jakarta,35700.0
2025-11-25,Bawang Merah,DKI Jakarta,39600.0
2025-11-26,Bawang Merah,DKI Jakarta,37500.0
2025-11-27,Bawang Merah,DKI Jakarta,36900.0
2025-11-28,Bawang Merah,DKI Jakarta,35800.0
2025-11-29,Bawang Merah,DKI Jakarta,35600.0
2025-11-30,Bawang Merah,DKI Jakarta,36000.0
2025-12-01,Bawang Merah,DKI Jakarta,36800.0
2025-12-02,Bawang Merah,DKI Jakarta,34700.0
2025-12-03,Bawang Merah,DKI Jakarta,35300.0
2025-12-04,Bawang Merah,DKI Jakarta,36200.0
2025-12-05,Bawang Merah,DKI Jakarta,36700.0
2025-12-06,Bawang Merah,DKI Jakarta,35900.0
2025-12-07,Bawang Merah,DKI Jakarta,37600.0
2025-12-08,Bawang Merah,DKI Jakarta,34800.0
2025-12-09,Bawang Merah,DKI Jakarta,36000.0
2025-12-10,Bawang Merah,DKI Jakarta,38700.0
2025-12-11,Bawang Merah,DKI Jakarta,36900.0
2025-12-12,Bawang Merah,DKI Jakarta,37300.0
2025-12-13,Bawang Merah,DKI Jakarta,38300.0
2025-12-14,Bawang Merah,DKI Jakarta,35600.0
2025-12-15,Bawang Merah,DKI Jakarta,36500.0
2025-12-16,Bawang Merah,DKI Jakarta,36600.0
2025-12-17,Bawang Merah,DKI Jakarta,34700.0
2025-12-18,Bawang Merah,DKI Jakarta,36400.0
2025-12-19,Bawang Merah,DKI Jakarta,37400.0
2025-12-20,Bawang Merah,DKI Jakarta,37000.0
2025-12-21,Bawang Merah,DKI Jakarta,37300.0
2025-12-22,Bawang Merah,DKI Jakarta,36500.0
2025-12-23,Bawang Merah,DKI Jakarta,36500.0
2025-12-24,Bawang Merah,DKI Jakarta,38600.0
2025-12-25,Bawang Merah,DKI Jakarta,36300.0
2025-12-26,Bawang Merah,DKI Jakarta,36800.0
2025-12-27,Bawang Merah,DKI Jakarta,36500.0
2025-12-28,Bawang Merah,DKI Jakarta,38100.0
2025-12-29,Bawang Merah,DKI Jakarta,37900.0
2025-12-30,Bawang Merah,DKI Jakarta,35600.0
2025-12-31,Bawang Merah,DKI Jakarta,36000.0
2026-01-01,Bawang Merah,DKI Jakarta,37800.0
2026-01-02,Bawang Merah,DKI Jakarta,36900.0
2026-01-03,Bawang Merah,DKI Jakarta,36000.0
2026-01-04,Bawang Merah,DKI Jakarta,37200.0
2026-01-05,Bawang Merah,DKI Jakarta,36600.0
2026-01-06,Bawang Merah,DKI Jakarta,36600.0
2026-01-07,Bawang Merah,DKI Jakarta,37500.0
2026-01-08,Bawang Merah,DKI Jakarta,36000.0
2026-01-09,Bawang Merah,DKI Jakarta,38100.0
2026-01-10,Bawang Merah,DKI Jakarta,35400.0
2026-01-11,Bawang Merah,DKI Jakarta,37100.0
2026-01-12,Bawang Merah,DKI Jakarta,38400.0
2026-01-13,Bawang Merah,DKI Jakarta,35700.0
2026-01-14,Bawang Merah,DKI Jakarta,36900.0
2026-01-15,Bawang Merah,DKI Jakarta,38500.0
2026-01-16,Bawang Merah,DKI Jakarta,38100.0
2026-01-17,Bawang Merah,DKI Jakarta,36500.0
2026-01-18,Bawang Merah,DKI Jakarta,35700.0
2026-01-19,Bawang Merah,DKI Jakarta,38000.0
2026-01-20,Bawang Merah,DKI Jakarta,38600.0
2026-01-21,Bawang Merah,DKI Jakarta,36300.0
2026-01-22,Bawang Merah,DKI Jakarta,35800.0
2026-01-23,Bawang Merah,DKI Jakarta,37100.0
2026-01-24,Bawang Merah,DKI Jakarta,37500.0
2026-01-25,Bawang Merah,DKI Jakarta,36600.0
2026-01-26,Bawang Merah,DKI Jakarta,38100.0
2026-01-27,Bawang Merah,DKI Jakarta,36600.0
2026-01-28,Bawang Merah,DKI Jakarta,35000.0
2026-01-29,Bawang Merah,DKI Jakarta,37000.0
2026-01-30,Bawang Merah,DKI Jakarta,37300.0
2026-01-31,Bawang Merah,DKI Jakarta,36800.0
2026-02-01,Bawang Merah,DKI Jakarta,35800.0
2026-02-02,Bawang Merah,DKI Jakarta,35200.0
2026-02-03,Bawang Merah,DKI Jakarta,37200.0
2026-02-04,Bawang Merah,DKI Jakarta,39000.0
2026-02-05,Bawang Merah,DKI Jakarta,39600.0
2026-02-06,Bawang Merah,DKI Jakarta,39000.0
2026-02-07,Bawang Merah,DKI Jakarta,36700.0
2026-02-08,Bawang Merah,DKI Jakarta,36200.0
2026-02-09,Bawang Merah,DKI Jakarta,38400.0
2026-02-10,Bawang Merah,DKI Jakarta,39100.0
2026-02-11,Bawang Merah,DKI Jakarta,38600.0
2026-02-12,Bawang Merah,DKI Jakarta,35600.0
2026-02-13,Bawang Merah,DKI Jakarta,36500.0
2026-02-14,Bawang Merah,DKI Jakarta,37200.0
2026-02-15,Bawang Merah,DKI Jakarta,38000.0
2026-02-16,Bawang Merah,DKI Jakarta,38800.0
2026-02-17,Bawang Merah,DKI Jakarta,38400.0
2026-02-18,Bawang Merah,DKI Jakarta,38700.0
2026-02-19,Bawang Merah,DKI Jakarta,38300.0
2026-02-20,Bawang Merah,DKI Jakarta,38600.0
2026-02-21,Bawang Merah,DKI Jakarta,37900.0
2026-02-22,Bawang Merah,DKI Jakarta,37800.0
2026-02-23,Bawang Merah,DKI Jakarta,37800.0
2026-02-24,Bawang Merah,DKI Jakarta,38600.0
2026-02-25,Bawang Merah,DKI Jakarta,39100.0
2026-02-26,Bawang Merah,DKI Jakarta,38500.0
2026-02-27,Bawang Merah,DKI Jakarta,38300.0
2026-02-28,Bawang Merah,DKI Jakarta,39000.0
2026-03-01,Bawang Merah,DKI Jakarta,37600.0
2026-03-02,Bawang Merah,DKI Jakarta,36800.0
2026-03-03,Bawang Merah,DKI Jakarta,39000.0
2026-03-04,Bawang Merah,DKI Jakarta,36300.0
2026-03-05,Bawang Merah,DKI Jakarta,36300.0
2026-03-06,Bawang Merah,DKI Jakarta,37500.0
2026-03-07,Bawang Merah,DKI Jakarta,37900.0
2026-03-08,Bawang Merah,DKI Jakarta,36300.0
2026-03-09,Bawang Merah,DKI Jakarta,38400.0
2026-03-10,Bawang Merah,DKI Jakarta,39000.0
2026-03-11,Bawang Merah,DKI Jakarta,39800.0
2026-03-12,Bawang Merah,DKI Jakarta,41900.0
2026-03-13,Bawang Merah,DKI Jakarta,41500.0
2026-03-14,Bawang Merah,DKI Jakarta,40700.0
2026-03-15,Bawang Merah,DKI Jakarta,40400.0
2026-03-16,Bawang Merah,DKI Jakarta,40400.0
2026-03-17,Bawang Merah,DKI Jakarta,44400.0
2026-03-18,Bawang Merah,DKI Jakarta,43700.0
2026-03-19,Bawang Merah,DKI Jakarta,42300.0
2026-03-20,Bawang Merah,DKI Jakarta,44000.0
2026-03-21,Bawang Merah,DKI Jakarta,37100.0
2026-03-22,Bawang Merah,DKI Jakarta,37000.0
2026-03-23,Bawang Merah,DKI Jakarta,38000.0
2026-03-24,Bawang Merah,DKI Jakarta,37000.0
2026-03-25,Bawang Merah,DKI Jakarta,37500.0
2026-03-26,Bawang Merah,DKI Jakarta,37800.0
2026-03-27,Bawang Merah,DKI Jakarta,36800.0
2026-03-28,Bawang Merah,DKI Jakarta,37900.0
2026-03-29,Bawang Merah,DKI Jakarta,39300.0
2026-03-30,Bawang Merah,DKI Jakarta,36600.0
2026-03-31,Bawang Merah,DKI Jakarta,35700.0
2026-04-01,Bawang Merah,DKI Jakarta,35300.0
2026-04-02,Bawang Merah,DKI Jakarta,37400.0
2026-04-03,Bawang Merah,DKI Jakarta,36800.0
2026-04-04,Bawang Merah,DKI Jakarta,37700.0
2026-04-05,Bawang Merah,DKI Jakarta,37800.0
2026-04-06,Bawang Merah,DKI Jakarta,36100.0
2026-04-07,Bawang Merah,DKI Jakarta,36000.0
2026-04-08,Bawang Merah,DKI Jakarta,38600.0
2026-04-09,Bawang Merah,DKI Jakarta,38200.0
2026-04-10,Bawang Merah,DKI Jakarta,37200.0
2026-04-11,Bawang Merah,DKI Jakarta,35600.0
2026-04-12,Bawang Merah,DKI Jakarta,38200.0
2026-04-13,Bawang Merah,DKI Jakarta,39400.0
2026-04-14,Bawang Merah,DKI Jakarta,38500.0
2026-04-15,Bawang Merah,DKI Jakarta,37100.0
2026-04-16,Bawang Merah,DKI Jakarta,37900.0
2026-04-17,Bawang Merah,DKI Jakarta,36100.0
2026-04-18,Bawang Merah,DKI Jakarta,38800.0
2026-04-19,Bawang Merah,DKI Jakarta,37700.0
2026-04-20,Bawang Merah,DKI Jakarta,36100.0
2026-04-21,Bawang Merah,DKI Jakarta,37900.0
2026-04-22,Bawang Merah,DKI Jakarta,38700.0
2026-04-23,Bawang Merah,DKI Jakarta,37800.0
2026-04-24,Bawang Merah,DKI Jakarta,37600.0
2026-04-25,Bawang Merah,DKI Jakarta,36200.0
2026-04-26,Bawang Merah,DKI Jakarta,38200.0
2026-04-27,Bawang Merah,DKI Jakarta,37100.0
2026-04-28,Bawang Merah,DKI Jakarta,35700.0
2026-04-29,Bawang Merah,DKI Jakarta,37700.0
2026-04-30,Bawang Merah,DKI Jakarta,39100.0
2026-05-01,Bawang Merah,DKI Jakarta,37100.0
2026-05-02,Bawang Merah,DKI Jakarta,39400.0
2026-05-03,Bawang Merah,DKI Jakarta,37700.0
2026-05-04,Bawang Merah,DKI Jakarta,38100.0
2026-05-05,Bawang Merah,DKI Jakarta,38000.0
2026-05-06,Bawang Merah,DKI Jakarta,38100.0
2026-05-07,Bawang Merah,DKI Jakarta,37600.0
2026-05-08,Bawang Merah,DKI Jakarta,37200.0
2026-05-09,Bawang Merah,DKI Jakarta,37800.0
2026-05-10,Bawang Merah,DKI Jakarta,36100.0
2026-05-11,Bawang Merah,DKI Jakarta,36100.0
2026-05-12,Bawang Merah,DKI Jakarta,36600.0
2026-05-13,Bawang Merah,DKI Jakarta,40500.0
2026-05-14,Bawang Merah,DKI Jakarta,38700.0
2026-05-15,Bawang Merah,DKI Jakarta,38100.0
2026-05-16,Bawang Merah,DKI Jakarta,36200.0
2026-05-17,Bawang Merah,DKI Jakarta,38100.0
2026-05-18,Bawang Merah,DKI Jakarta,37700.0
2026-05-19,Bawang Merah,DKI Jakarta,38200.0
2026-05-20,Bawang Merah,DKI Jakarta,36900.0
2026-05-21,Bawang Merah,DKI Jakarta,38400.0
2026-05-22,Bawang Merah,DKI Jakarta,37500.0
2026-05-23,Bawang Merah,DKI Jakarta,37100.0
2026-05-24,Bawang Merah,DKI Jakarta,38900.0
2026-05-25,Bawang Merah,DKI Jakarta,36700.0
2026-05-26,Bawang Merah,DKI Jakarta,39400.0
2026-05-27,Bawang Merah,DKI Jakarta,39700.0
2026-05-28,Bawang Merah,DKI Jakarta,37700.0
2026-05-29,Bawang Merah,DKI Jakarta,37500.0
2026-05-30,Bawang Merah,DKI Jakarta,38100.0
2026-05-31,Bawang Merah,DKI Jakarta,38700.0
2026-06-01,Bawang Merah,DKI Jakarta,38400.0
2026-06-02,Bawang Merah,DKI Jakarta,39400.0
2026-06-03,Bawang Merah,DKI Jakarta,40800.0
2026-06-04,Bawang Merah,DKI Jakarta,38000.0
2026-06-05,Bawang Merah,DKI Jakarta,36000.0
2026-06-06,Bawang Merah,DKI Jakarta,38800.0
2026-06-07,Bawang Merah,DKI Jakarta,39900.0
2026-06-08,Bawang Merah,DKI Jakarta,38600.0
2026-06-09,Bawang Merah,DKI Jakarta,37000.0
2026-06-10,Bawang Merah,DKI Jakarta,38200.0
2026-06-11,Bawang Merah,DKI Jakarta,36900.0
2026-06-12,Bawang Merah,DKI Jakarta,38600.0
2026-06-13,Bawang Merah,DKI Jakarta,36000.0
2026-06-14,Bawang Merah,DKI Jakarta,37100.0
2026-06-15,Bawang Merah,DKI Jakarta,36700.0
2026-06-16,Bawang Merah,DKI Jakarta,38200.0
2026-06-17,Bawang Merah,DKI Jakarta,37600.0
2026-06-18,Bawang Merah,DKI Jakarta,38000.0
2026-06-19,Bawang Merah,DKI Jakarta,37600.0
2026-06-20,Bawang Merah,DKI Jakarta,36300.0
2026-06-21,Bawang Merah,DKI Jakarta,38000.0
2026-06-22,Bawang Merah,DKI Jakarta,37200.0
2026-06-23,Bawang Merah,DKI Jakarta,36300.0
2026-06-24,Bawang Merah,DKI Jakarta,40300.0
2026-06-25,Bawang Merah,DKI Jakarta,38400.0
2026-06-26,Bawang Merah,DKI Jakarta,37600.0
2026-06-27,Bawang Merah,DKI Jakarta,39100.0
2026-06-28,Bawang Merah,DKI Jakarta,39300.0
2026-06-29,Bawang Merah,DKI Jakarta,37000.0
2026-06-30,Bawang Merah,DKI Jakarta,37700.0
2026-07-01,Bawang Merah,DKI Jakarta,36200.0
2026-07-02,Bawang Merah,DKI Jakarta,37200.0
2026-07-03,Bawang Merah,DKI Jakarta,36900.0
2026-07-04,Bawang Merah,DKI Jakarta,37100.0
2026-07-05,Bawang Merah,DKI Jakarta,37200.0
2026-07-06,Bawang Merah,DKI Jakarta,37600.0
2026-07-07,Bawang Merah,DKI Jakarta,37500.0
2026-07-08,Bawang Merah,DKI Jakarta,36000.0
2026-07-09,Bawang Merah,DKI Jakarta,36200.0
2026-07-10,Bawang Merah,DKI Jakarta,36100.0
2026-07-11,Bawang Merah,DKI Jakarta,36300.0
2026-07-12,Bawang Merah,DKI Jakarta,37900.0
2026-07-13,Bawang Merah,DKI Jakarta,35500.0
2026-07-14,Bawang Merah,DKI Jakarta,36500.0
2026-07-15,Bawang Merah,DKI Jakarta,38200.0
2026-07-16,Bawang Merah,DKI Jakarta,36500.0
2026-07-17,Bawang Merah,DKI Jakarta,37200.0
2026-07-18,Bawang Merah,DKI Jakarta,36400.0
2026-07-19,Bawang Merah,DKI Jakarta,36800.0
2026-07-20,Bawang Merah,DKI Jakarta,36500.0
2026-07-21,Bawang Merah,DKI Jakarta,37800.0
2026-07-22,Bawang Merah,DKI Jakarta,35300.0
2026-07-23,Bawang Merah,DKI Jakarta,36200.0
2026-07-24,Bawang Merah,DKI Jakarta,36700.0
2026-07-25,Bawang Merah,DKI Jakarta,36900.0
2026-07-26,Bawang Merah,DKI Jakarta,38100.0
2026-07-27,Bawang Merah,DKI Jakarta,36500.0
2026-07-28,Bawang Merah,DKI Jakarta,38700.0
2026-07-29,Bawang Merah,DKI Jakarta,36600.0
2026-07-30,Bawang Merah,DKI Jakarta,38500.0
2026-07-31,Bawang Merah,DKI Jakarta,37400.0
2026-08-01,Bawang Merah,DKI Jakarta,35100.0
2026-08-02,Bawang Merah,DKI Jakarta,36400.0
2026-08-03,Bawang Merah,DKI Jakarta,36200.0
2026-08-04,Bawang Merah,DKI Jakarta,37200.0
2026-08-05,Bawang Merah,DKI Jakarta,36400.0
2026-08-06,Bawang Merah,DKI Jakarta,35900.0
2026-08-07,Bawang Merah,DKI Jakarta,37300.0
2026-08-08,Bawang Merah,DKI Jakarta,35500.0
2026-08-09,Bawang Merah,DKI Jakarta,36300.0
2026-08-10,Bawang Merah,DKI Jakarta,35200.0
2026-08-11,Bawang Merah,DKI Jakarta,37500.0
2026-08-12,Bawang Merah,DKI Jakarta,35100.0
2026-08-13,Bawang Merah,DKI Jakarta,35000.0
2026-08-14,Bawang Merah,DKI Jakarta,37100.0
2026-08-15,Bawang Merah,DKI Jakarta,34600.0
2026-08-16,Bawang Merah,DKI Jakarta,37000.0
2026-08-17,Bawang Merah,DKI Jakarta,36700.0
2026-08-18,Bawang Merah,DKI Jakarta,35500.0
2026-08-19,Bawang Merah,DKI Jakarta,33600.0
2026-08-20,Bawang Merah,DKI Jakarta,35500.0
2026-08-21,Bawang Merah,DKI Jakarta,35400.0
2026-08-22,Bawang Merah,DKI Jakarta,36200.0
2026-08-23,Bawang Merah,DKI Jakarta,36700.0
2026-08-24,Bawang Merah,DKI Jakarta,34400.0
2026-08-25,Bawang Merah,DKI Jakarta,36300.0
2026-08-26,Bawang Merah,DKI Jakarta,36500.0
2026-08-27,Bawang Merah,DKI Jakarta,36500.0
2026-08-28,Bawang Merah,DKI Jakarta,35700.0
2026-08-29,Bawang Merah,DKI Jakarta,32700.0
2026-08-30,Bawang Merah,DKI Jakarta,34600.0
2026-08-31,Bawang Merah,DKI Jakarta,33900.0
2026-09-01,Bawang Merah,DKI Jakarta,35300.0
2026-09-02,Bawang Merah,DKI Jakarta,36800.0
2026-09-03,Bawang Merah,DKI Jakarta,35600.0
2026-09-04,Bawang Merah,DKI Jakarta,36200.0
2026-09-05,Bawang Merah,DKI Jakarta,35200.0
2026-09-06,Bawang Merah,DKI Jakarta,33500.0
2026-09-07,Bawang Merah,DKI Jakarta,32300.0
2026-09-08,Bawang Merah,DKI Jakarta,35500.0
2026-09-09,Bawang Merah,DKI Jakarta,35100.0
2026-09-10,Bawang Merah,DKI Jakarta,34300.0
2026-09-11,Bawang Merah,DKI Jakarta,33400.0
2026-09-12,Bawang Merah,DKI Jakarta,34400.0
2026-09-13,Bawang Merah,DKI Jakarta,35200.0
2026-09-14,Bawang Merah,DKI Jakarta,36400.0
2026-09-15,Bawang Merah,DKI Jakarta,36300.0
2026-09-16,Bawang Merah,DKI Jakarta,38100.0
2026-09-17,Bawang Merah,DKI Jakarta,35100.0
2026-09-18,Bawang Merah,DKI Jakarta,36800.0
2026-09-19,Bawang Merah,DKI Jakarta,35500.0
2026-09-20,Bawang Merah,DKI Jakarta,36200.0
2026-09-21,Bawang Merah,DKI Jakarta,35400.0
2026-09-22,Bawang Merah,DKI Jakarta,37400.0
2026-09-23,Bawang Merah,DKI Jakarta,36700.0
2026-09-24,Bawang Merah,DKI Jakarta,35400.0
2026-09-25,Bawang Merah,DKI Jakarta,35500.0
2026-09-26,Bawang Merah,DKI Jakarta,35000.0
2026-09-27,Bawang Merah,DKI Jakarta,35800.0
2026-09-28,Bawang Merah,DKI Jakarta,34300.0
2026-09-29,Bawang Merah,DKI Jakarta,35900.0
2026-09-30,Bawang Merah,DKI Jakarta,36700.0
2024-01-01,Bawang Merah,Jawa Barat,34100.0
2024-01-02,Bawang Merah,Jawa Barat,34100.0
2024-01-03,Bawang Merah,Jawa Barat,34400.0
2024-01-04,Bawang Merah,Jawa Barat,34600.0
2024-01-05,Bawang Merah,Jawa Barat,33300.0
2024-01-06,Bawang Merah,Jawa Barat,34400.0
2024-01-07,Bawang Merah,Jawa Barat,35000.0
2024-01-08,Bawang Merah,Jawa Barat,34900.0
2024-01-09,Bawang Merah,Jawa Barat,35500.0
2024-01-10,Bawang Merah,Jawa Barat,35600.0
2024-01-11,Bawang Merah,Jawa Barat,33200.0
2024-01-12,Bawang Merah,Jawa Barat,35300.0
2024-01-13,Bawang Merah,Jawa Barat,33700.0
2024-01-14,Bawang Merah,Jawa Barat,33300.0
2024-01-15,Bawang Merah,Jawa Barat,33500.0
2024-01-16,Bawang Merah,Jawa Barat,35500.0
2024-01-17,Bawang Merah,Jawa Barat,34800.0
2024-01-18,Bawang Merah,Jawa Barat,33000.0
2024-01-19,Bawang Merah,Jawa Barat,34700.0
2024-01-20,Bawang Merah,Jawa Barat,32800.0
2024-01-21,Bawang Merah,Jawa Barat,34700.0
2024-01-22,Bawang Merah,Jawa Barat,35000.0
2024-01-23,Bawang Merah,Jawa Barat,36000.0
2024-01-24,Bawang Merah,Jawa Barat,37100.0
2024-01-25,Bawang Merah,Jawa Barat,33800.0
2024-01-26,Bawang Merah,Jawa Barat,35000.0
2024-01-27,Bawang Merah,Jawa Barat,34500.0
2024-01-28,Bawang Merah,Jawa Barat,35100.0
2024-01-29,Bawang Merah,Jawa Barat,35000.0
2024-01-30,Bawang Merah,Jawa Barat,34700.0
2024-01-31,Bawang Merah,Jawa Barat,34600.0
2024-02-01,Bawang Merah,Jawa Barat,33800.0
2024-02-02,Bawang Merah,Jawa Barat,35600.0
2024-02-03,Bawang Merah,Jawa Barat,34800.0
2024-02-04,Bawang Merah,Jawa Barat,35200.0
2024-02-05,Bawang Merah,Jawa Barat,34400.0
2024-02-06,Bawang Merah,Jawa Barat,34500.0
2024-02-07,Bawang Merah,Jawa Barat,34400.0
2024-02-08,Bawang Merah,Jawa Barat,35800.0
2024-02-09,Bawang Merah,Jawa Barat,34000.0
2024-02-10,Bawang Merah,Jawa Barat,37000.0
2024-02-11,Bawang Merah,Jawa Barat,33800.0
2024-02-12,Bawang Merah,Jawa Barat,35800.0
2024-02-13,Bawang Merah,Jawa Barat,37500.0
2024-02-14,Bawang Merah,Jawa Barat,36100.0
2024-02-15,Bawang Merah,Jawa Barat,35800.0
2024-02-16,Bawang Merah,Jawa Barat,34300.0
2024-02-17,Bawang Merah,Jawa Barat,33800.0
2024-02-18,Bawang Merah,Jawa Barat,36100.0
2024-02-19,Bawang Merah,Jawa Barat,37200.0
2024-02-20,Bawang Merah,Jawa Barat,35400.0
2024-02-21,Bawang Merah,Jawa Barat,34800.0
2024-02-22,Bawang Merah,Jawa Barat,33100.0
2024-02-23,Bawang Merah,Jawa Barat,34400.0
2024-02-24,Bawang Merah,Jawa Barat,35200.0
2024-02-25,Bawang Merah,Jawa Barat,37100.0
2024-02-26,Bawang Merah,Jawa Barat,36500.0
2024-02-27,Bawang Merah,Jawa Barat,36200.0
2024-02-28,Bawang Merah,Jawa Barat,35400.0
2024-02-29,Bawang Merah,Jawa Barat,35100.0
2024-03-01,Bawang Merah,Jawa Barat,37000.0
2024-03-02,Bawang Merah,Jawa Barat,35300.0
2024-03-03,Bawang Merah,Jawa Barat,33000.0
2024-03-04,Bawang Merah,Jawa Barat,34700.0
2024-03-05,Bawang Merah,Jawa Barat,34800.0
2024-03-06,Bawang Merah,Jawa Barat,35000.0
2024-03-07,Bawang Merah,Jawa Barat,35900.0
2024-03-08,Bawang Merah,Jawa Barat,35000.0
2024-03-09,Bawang Merah,Jawa Barat,34900.0
2024-03-10,Bawang Merah,Jawa Barat,36400.0
2024-03-11,Bawang Merah,Jawa Barat,34500.0
2024-03-12,Bawang Merah,Jawa Barat,37700.0
2024-03-13,Bawang Merah,Jawa Barat,35100.0
2024-03-14,Bawang Merah,Jawa Barat,35700.0
2024-03-15,Bawang Merah,Jawa Barat,35200.0
2024-03-16,Bawang Merah,Jawa Barat,35600.0
2024-03-17,Bawang Merah,Jawa Barat,36000.0
2024-03-18,Bawang Merah,Jawa Barat,36300.0
2024-03-19,Bawang Merah,Jawa Barat,35400.0
2024-03-20,Bawang Merah,Jawa Barat,35200.0
2024-03-21,Bawang Merah,Jawa Barat,39000.0
2024-03-22,Bawang Merah,Jawa Barat,35600.0
2024-03-23,Bawang Merah,Jawa Barat,36600.0
2024-03-24,Bawang Merah,Jawa Barat,34000.0
2024-03-25,Bawang Merah,Jawa Barat,35600.0
2024-03-26,Bawang Merah,Jawa Barat,36200.0
2024-03-27,Bawang Merah,Jawa Barat,36700.0
2024-03-28,Bawang Merah,Jawa Barat,33500.0
2024-03-29,Bawang Merah,Jawa Barat,36800.0
2024-03-30,Bawang Merah,Jawa Barat,35700.0
2024-03-31,Bawang Merah,Jawa Barat,37800.0
2024-04-01,Bawang Merah,Jawa Barat,36800.0
2024-04-02,Bawang Merah,Jawa Barat,37500.0
2024-04-03,Bawang Merah,Jawa Barat,38500.0
2024-04-04,Bawang Merah,Jawa Barat,37700.0
2024-04-05,Bawang Merah,Jawa Barat,38400.0
2024-04-06,Bawang Merah,Jawa Barat,37600.0
2024-04-07,Bawang Merah,Jawa Barat,37600.0
2024-04-08,Bawang Merah,Jawa Barat,41200.0
2024-04-09,Bawang Merah,Jawa Barat,39600.0
2024-04-10,Bawang Merah,Jawa Barat,41400.0
2024-04-11,Bawang Merah,Jawa Barat,36900.0
2024-04-12,Bawang Merah,Jawa Barat,35000.0
2024-04-13,Bawang Merah,Jawa Barat,34700.0
2024-04-14,Bawang Merah,Jawa Barat,35700.0
2024-04-15,Bawang Merah,Jawa Barat,37000.0
2024-04-16,Bawang Merah,Jawa Barat,34800.0
2024-04-17,Bawang Merah,Jawa Barat,35900.0
2024-04-18,Bawang Merah,Jawa Barat,33900.0
2024-04-19,Bawang Merah,Jawa Barat,34600.0
2024-04-20,Bawang Merah,Jawa Barat,34800.0
2024-04-21,Bawang Merah,Jawa Barat,34000.0
2024-04-22,Bawang Merah,Jawa Barat,34700.0
2024-04-23,Bawang Merah,Jawa Barat,33900.0
2024-04-24,Bawang Merah,Jawa Barat,35600.0
2024-04-25,Bawang Merah,Jawa Barat,36800.0
2024-04-26,Bawang Merah,Jawa Barat,34300.0
2024-04-27,Bawang Merah,Jawa Barat,34500.0
2024-04-28,Bawang Merah,Jawa Barat,35500.0
2024-04-29,Bawang Merah,Jawa Barat,36800.0
2024-04-30,Bawang Merah,Jawa Barat,34500.0
2024-05-01,Bawang Merah,Jawa Barat,36000.0
2024-05-02,Bawang Merah,Jawa Barat,36100.0
2024-05-03,Bawang Merah,Jawa Barat,35500.0
2024-05-04,Bawang Merah,Jawa Barat,32800.0
2024-05-05,Bawang Merah,Jawa Barat,36000.0
2024-05-06,Bawang Merah,Jawa Barat,37500.0
2024-05-07,Bawang Merah,Jawa Barat,36300.0
2024-05-08,Bawang Merah,Jawa Barat,34900.0
2024-05-09,Bawang Merah,Jawa Barat,35200.0
2024-05-10,Bawang Merah,Jawa Barat,37500.0
2024-05-11,Bawang Merah,Jawa Barat,36400.0
2024-05-12,Bawang Merah,Jawa Barat,36200.0
2024-05-13,Bawang Merah,Jawa Barat,36300.0
2024-05-14,Bawang Merah,Jawa Barat,35400.0
2024-05-15,Bawang Merah,Jawa Barat,36000.0
2024-05-16,Bawang Merah,Jawa Barat,35400.0
2024-05-17,Bawang Merah,Jawa Barat,35700.0
2024-05-18,Bawang Merah,Jawa Barat,36600.0
2024-05-19,Bawang Merah,Jawa Barat,36200.0
2024-05-20,Bawang Merah,Jawa Barat,33700.0
2024-05-21,Bawang Merah,Jawa Barat,35600.0
2024-05-22,Bawang Merah,Jawa Barat,36300.0
2024-05-23,Bawang Merah,Jawa Barat,36000.0
2024-05-24,Bawang Merah,Jawa Barat,34500.0
2024-05-25,Bawang Merah,Jawa Barat,37800.0
2024-05-26,Bawang Merah,Jawa Barat,33400.0
2024-05-27,Bawang Merah,Jawa Barat,33800.0
2024-05-28,Bawang Merah,Jawa Barat,35400.0
2024-05-29,Bawang Merah,Jawa Barat,37400.0
2024-05-30,Bawang Merah,Jawa Barat,34000.0
2024-05-31,Bawang Merah,Jawa Barat,34400.0
2024-06-01,Bawang Merah,Jawa Barat,35300.0
2024-06-02,Bawang Merah,Jawa Barat,34500.0
2024-06-03,Bawang Merah,Jawa Barat,34500.0
2024-06-04,Bawang Merah,Jawa Barat,36000.0
2024-06-05,Bawang Merah,Jawa Barat,36300.0
2024-06-06,Bawang Merah,Jawa Barat,37000.0
2024-06-07,Bawang Merah,Jawa Barat,37200.0
2024-06-08,Bawang Merah,Jawa Barat,36300.0
2024-06-09,Bawang Merah,Jawa Barat,36900.0
2024-06-10,Bawang Merah,Jawa Barat,37500.0
2024-06-11,Bawang Merah,Jawa Barat,38500.0
2024-06-12,Bawang Merah,Jawa Barat,38400.0
2024-06-13,Bawang Merah,Jawa Barat,38500.0
2024-06-14,Bawang Merah,Jawa Barat,40000.0
2024-06-15,Bawang Merah,Jawa Barat,40600.0
2024-06-16,Bawang Merah,Jawa Barat,37900.0
2024-06-17,Bawang Merah,Jawa Barat,40200.0
2024-06-18,Bawang Merah,Jawa Barat,34600.0
2024-06-19,Bawang Merah,Jawa Barat,35100.0
2024-06-20,Bawang Merah,Jawa Barat,35800.0
2024-06-21,Bawang Merah,Jawa Barat,35900.0
2024-06-22,Bawang Merah,Jawa Barat,34800.0
2024-06-23,Bawang Merah,Jawa Barat,33100.0
2024-06-24,Bawang Merah,Jawa Barat,34300.0
2024-06-25,Bawang Merah,Jawa Barat,36300.0
2024-06-26,Bawang Merah,Jawa Barat,32500.0
2024-06-27,Bawang Merah,Jawa Barat,36400.0
2024-06-28,Bawang Merah,Jawa Barat,35100.0
2024-06-29,Bawang Merah,Jawa Barat,35900.0
2024-06-30,Bawang Merah,Jawa Barat,34000.0
2024-07-01,Bawang Merah,Jawa Barat,32600.0
2024-07-02,Bawang Merah,Jawa Barat,35700.0
2024-07-03,Bawang Merah,Jawa Barat,36600.0
2024-07-04,Bawang Merah,Jawa Barat,36000.0
2024-07-05,Bawang Merah,Jawa Barat,34100.0
2024-07-06,Bawang Merah,Jawa Barat,34500.0
2024-07-07,Bawang Merah,Jawa Barat,34000.0
2024-07-08,Bawang Merah,Jawa Barat,33900.0
2024-07-09,Bawang Merah,Jawa Barat,36000.0
2024-07-10,Bawang Merah,Jawa Barat,33800.0
2024-07-11,Bawang Merah,Jawa Barat,33700.0
2024-07-12,Bawang Merah,Jawa Barat,33200.0
2024-07-13,Bawang Merah,Jawa Barat,32600.0
2024-07-14,Bawang Merah,Jawa Barat,34300.0
2024-07-15,Bawang Merah,Jawa Barat,35600.0
2024-07-16,Bawang Merah,Jawa Barat,34600.0
2024-07-17,Bawang Merah,Jawa Barat,33200.0
2024-07-18,Bawang Merah,Jawa Barat,35500.0
2024-07-19,Bawang Merah,Jawa Barat,36200.0
2024-07-20,Bawang Merah,Jawa Barat,33600.0
2024-07-21,Bawang Merah,Jawa Barat,33800.0
2024-07-22,Bawang Merah,Jawa Barat,35100.0
2024-07-23,Bawang Merah,Jawa Barat,36600.0
2024-07-24,Bawang Merah,Jawa Barat,34400.0
2024-07-25,Bawang Merah,Jawa Barat,33600.0
2024-07-26,Bawang Merah,Jawa Barat,35200.0
2024-07-27,Bawang Merah,Jawa Barat,35100.0
2024-07-28,Bawang Merah,Jawa Barat,34400.0
2024-07-29,Bawang Merah,Jawa Barat,34000.0
2024-07-30,Bawang Merah,Jawa Barat,35900.0
2024-07-31,Bawang Merah,Jawa Barat,35100.0
2024-08-01,Bawang Merah,Jawa Barat,33600.0
2024-08-02,Bawang Merah,Jawa Barat,34100.0
2024-08-03,Bawang Merah,Jawa Barat,32300.0
2024-08-04,Bawang Merah,Jawa Barat,34300.0
2024-08-05,Bawang Merah,Jawa Barat,33500.0
2024-08-06,Bawang Merah,Jawa Barat,33600.0
2024-08-07,Bawang Merah,Jawa Barat,33900.0
2024-08-08,Bawang Merah,Jawa Barat,33800.0
2024-08-09,Bawang Merah,Jawa Barat,34500.0
2024-08-10,Bawang Merah,Jawa Barat,34000.0
2024-08-11,Bawang Merah,Jawa Barat,33400.0
2024-08-12,Bawang Merah,Jawa Barat,34700.0
2024-08-13,Bawang Merah,Jawa Barat,34800.0
2024-08-14,Bawang Merah,Jawa Barat,34300.0
2024-08-15,Bawang Merah,Jawa Barat,34300.0
2024-08-16,Bawang Merah,Jawa Barat,33900.0
2024-08-17,Bawang Merah,Jawa Barat,34400.0
2024-08-18,Bawang Merah,Jawa Barat,33700.0
2024-08-19,Bawang Merah,Jawa Barat,34000.0
2024-08-20,Bawang Merah,Jawa Barat,36900.0
2024-08-21,Bawang Merah,Jawa Barat,35900.0
2024-08-22,Bawang Merah,Jawa Barat,34100.0
2024-08-23,Bawang Merah,Jawa Barat,34900.0
2024-08-24,Bawang Merah,Jawa Barat,34600.0
2024-08-25,Bawang Merah,Jawa Barat,34800.0
2024-08-26,Bawang Merah,Jawa Barat,34800.0
2024-08-27,Bawang Merah,Jawa Barat,36100.0
2024-08-28,Bawang Merah,Jawa Barat,35200.0
2024-08-29,Bawang Merah,Jawa Barat,34500.0
2024-08-30,Bawang Merah,Jawa Barat,35200.0
2024-08-31,Bawang Merah,Jawa Barat,34000.0
2024-09-01,Bawang Merah,Jawa Barat,33900.0
2024-09-02,Bawang Merah,Jawa Barat,34600.0
2024-09-03,Bawang Merah,Jawa Barat,34500.0
2024-09-04,Bawang Merah,Jawa Barat,34800.0
2024-09-05,Bawang Merah,Jawa Barat,34200.0
2024-09-06,Bawang Merah,Jawa Barat,33900.0
2024-09-07,Bawang Merah,Jawa Barat,33300.0
2024-09-08,Bawang Merah,Jawa Barat,32800.0
2024-09-09,Bawang Merah,Jawa Barat,33400.0
2024-09-10,Bawang Merah,Jawa Barat,34300.0
2024-09-11,Bawang Merah,Jawa Barat,34600.0
2024-09-12,Bawang Merah,Jawa Barat,34000.0
2024-09-13,Bawang Merah,Jawa Barat,31700.0
2024-09-14,Bawang Merah,Jawa Barat,35300.0
2024-09-15,Bawang Merah,Jawa Barat,34800.0
2024-09-16,Bawang Merah,Jawa Barat,34200.0
2024-09-17,Bawang Merah,Jawa Barat,35800.0
2024-09-18,Bawang Merah,Jawa Barat,32900.0
2024-09-19,Bawang Merah,Jawa Barat,35500.0
2024-09-20,Bawang Merah,Jawa Barat,32300.0
2024-09-21,Bawang Merah,Jawa Barat,33200.0
2024-09-22,Bawang Merah,Jawa Barat,31600.0
2024-09-23,Bawang Merah,Jawa Barat,33100.0
2024-09-24,Bawang Merah,Jawa Barat,33600.0
2024-09-25,Bawang Merah,Jawa Barat,33000.0
2024-09-26,Bawang Merah,Jawa Barat,33500.0
2024-09-27,Bawang Merah,Jawa Barat,32600.0
2024-09-28,Bawang Merah,Jawa Barat,31700.0
2024-09-29,Bawang Merah,Jawa Barat,31900.0
2024-09-30,Bawang Merah,Jawa Barat,33500.0
2024-10-01,Bawang Merah,Jawa Barat,32300.0
2024-10-02,Bawang Merah,Jawa Barat,33900.0
2024-10-03,Bawang Merah,Jawa Barat,34000.0
2024-10-04,Bawang Merah,Jawa Barat,31000.0
2024-10-05,Bawang Merah,Jawa Barat,33600.0
2024-10-06,Bawang Merah,Jawa Barat,34800.0
2024-10-07,Bawang Merah,Jawa Barat,33300.0
2024-10-08,Bawang Merah,Jawa Barat,34100.0
2024-10-09,Bawang Merah,Jawa Barat,34600.0
2024-10-10,Bawang Merah,Jawa Barat,33200.0
2024-10-11,Bawang Merah,Jawa Barat,33300.0
2024-10-12,Bawang Merah,Jawa Barat,31600.0
2024-10-13,Bawang Merah,Jawa Barat,33100.0
2024-10-14,Bawang Merah,Jawa Barat,33800.0
2024-10-15,Bawang Merah,Jawa Barat,34100.0
2024-10-16,Bawang Merah,Jawa Barat,34900.0
2024-10-17,Bawang Merah,Jawa Barat,32700.0
2024-10-18,Bawang Merah,Jawa Barat,32600.0
2024-10-19,Bawang Merah,Jawa Barat,34800.0
2024-10-20,Bawang Merah,Jawa Barat,32800.0
2024-10-21,Bawang Merah,Jawa Barat,33800.0
2024-10-22,Bawang Merah,Jawa Barat,33900.0
2024-10-23,Bawang Merah,Jawa Barat,33200.0
2024-10-24,Bawang Merah,Jawa Barat,35400.0
2024-10-25,Bawang Merah,Jawa Barat,33000.0
2024-10-26,Bawang Merah,Jawa Barat,32200.0
2024-10-27,Bawang Merah,Jawa Barat,33000.0
2024-10-28,Bawang Merah,Jawa Barat,31600.0
2024-10-29,Bawang Merah,Jawa Barat,33200.0
2024-10-30,Bawang Merah,Jawa Barat,33200.0
2024-10-31,Bawang Merah,Jawa Barat,34800.0
2024-11-01,Bawang Merah,Jawa Barat,33300.0
2024-11-02,Bawang Merah,Jawa Barat,34500.0
2024-11-03,Bawang Merah,Jawa Barat,35100.0
2024-11-04,Bawang Merah,Jawa Barat,35000.0
2024-11-05,Bawang Merah,Jawa Barat,34500.0
2024-11-06,Bawang Merah,Jawa Barat,35000.0
2024-11-07,Bawang Merah,Jawa Barat,33400.0
2024-11-08,Bawang Merah,Jawa Barat,34500.0
2024-11-09,Bawang Merah,Jawa Barat,33700.0
2024-11-10,Bawang Merah,Jawa Barat,35300.0
2024-11-11,Bawang Merah,Jawa Barat,37500.0
2024-11-12,Bawang Merah,Jawa Barat,35900.0
2024-11-13,Bawang Merah,Jawa Barat,33400.0
2024-11-14,Bawang Merah,Jawa Barat,34700.0
2024-11-15,Bawang Merah,Jawa Barat,35000.0
2024-11-16,Bawang Merah,Jawa Barat,34700.0
2024-11-17,Bawang Merah,Jawa Barat,34100.0
2024-11-18,Bawang Merah,Jawa Barat,35300.0
2024-11-19,Bawang Merah,Jawa Barat,34300.0
2024-11-20,Bawang Merah,Jawa Barat,34600.0
2024-11-21,Bawang Merah,Jawa Barat,36200.0
2024-11-22,Bawang Merah,Jawa Barat,34100.0
2024-11-23,Bawang Merah,Jawa Barat,35300.0
2024-11-24,Bawang Merah,Jawa Barat,33500.0
2024-11-25,Bawang Merah,Jawa Barat,36900.0
2024-11-26,Bawang Merah,Jawa Barat,34500.0
2024-11-27,Bawang Merah,Jawa Barat,34900.0
2024-11-28,Bawang Merah,Jawa Barat,35300.0
2024-11-29,Bawang Merah,Jawa Barat,34300.0
2024-11-30,Bawang Merah,Jawa Barat,34900.0
2024-12-01,Bawang Merah,Jawa Barat,35500.0
2024-12-02,Bawang Merah,Jawa Barat,36200.0
2024-12-03,Bawang Merah,Jawa Barat,36400.0
2024-12-04,Bawang Merah,Jawa Barat,35300.0
2024-12-05,Bawang Merah,Jawa Barat,34900.0
2024-12-06,Bawang Merah,Jawa Barat,37200.0
2024-12-07,Bawang Merah,Jawa Barat,35600.0
2024-12-08,Bawang Merah,Jawa Barat,33900.0
2024-12-09,Bawang Merah,Jawa Barat,35300.0
2024-12-10,Bawang Merah,Jawa Barat,35300.0
2024-12-11,Bawang Merah,Jawa Barat,35600.0
2024-12-12,Bawang Merah,Jawa Barat,34100.0
2024-12-13,Bawang Merah,Jawa Barat,34700.0
2024-12-14,Bawang Merah,Jawa Barat,36900.0
2024-12-15,Bawang Merah,Jawa Barat,35400.0
2024-12-16,Bawang Merah,Jawa Barat,32400.0
2024-12-17,Bawang Merah,Jawa Barat,36500.0
2024-12-18,Bawang Merah,Jawa Barat,36500.0
2024-12-19,Bawang Merah,Jawa Barat,34700.0
2024-12-20,Bawang Merah,Jawa Barat,35500.0
2024-12-21,Bawang Merah,Jawa Barat,33700.0
2024-12-22,Bawang Merah,Jawa Barat,34200.0
2024-12-23,Bawang Merah,Jawa Barat,36500.0
2024-12-24,Bawang Merah,Jawa Barat,34800.0
2024-12-25,Bawang Merah,Jawa Barat,33100.0
2024-12-26,Bawang Merah,Jawa Barat,34900.0
2024-12-27,Bawang Merah,Jawa Barat,34700.0
2024-12-28,Bawang Merah,Jawa Barat,35800.0
2024-12-29,Bawang Merah,Jawa Barat,34800.0
2024-12-30,Bawang Merah,Jawa Barat,34600.0
2024-12-31,Bawang Merah,Jawa Barat,36700.0
2025-01-01,Bawang Merah,Jawa Barat,35700.0
2025-01-02,Bawang Merah,Jawa Barat,34400.0
2025-01-03,Bawang Merah,Jawa Barat,36200.0
2025-01-04,Bawang Merah,Jawa Barat,35000.0
2025-01-05,Bawang Merah,Jawa Barat,34900.0
2025-01-06,Bawang Merah,Jawa Barat,35400.0
2025-01-07,Bawang Merah,Jawa Barat,34300.0
2025-01-08,Bawang Merah,Jawa Barat,34900.0
2025-01-09,Bawang Merah,Jawa Barat,35300.0
2025-01-10,Bawang Merah,Jawa Barat,34900.0
2025-01-11,Bawang Merah,Jawa Barat,36300.0
2025-01-12,Bawang Merah,Jawa Barat,35400.0
2025-01-13,Bawang Merah,Jawa Barat,36400.0
2025-01-14,Bawang Merah,Jawa Barat,35700.0
2025-01-15,Bawang Merah,Jawa Barat,36800.0
2025-01-16,Bawang Merah,Jawa Barat,35900.0
2025-01-17,Bawang Merah,Jawa Barat,34700.0
2025-01-18,Bawang Merah,Jawa Barat,34500.0
2025-01-19,Bawang Merah,Jawa Barat,33600.0
2025-01-20,Bawang Merah,Jawa Barat,35500.0
2025-01-21,Bawang Merah,Jawa Barat,35200.0
2025-01-22,Bawang Merah,Jawa Barat,34800.0
2025-01-23,Bawang Merah,Jawa Barat,36100.0
2025-01-24,Bawang Merah,Jawa Barat,33300.0
2025-01-25,Bawang Merah,Jawa Barat,33800.0
2025-01-26,Bawang Merah,Jawa Barat,35200.0
2025-01-27,Bawang Merah,Jawa Barat,34800.0
2025-01-28,Bawang Merah,Jawa Barat,34800.0
2025-01-29,Bawang Merah,Jawa Barat,35300.0
2025-01-30,Bawang Merah,Jawa Barat,35100.0
2025-01-31,Bawang Merah,Jawa Barat,33000.0
2025-02-01,Bawang Merah,Jawa Barat,34000.0
2025-02-02,Bawang Merah,Jawa Barat,36100.0
2025-02-03,Bawang Merah,Jawa Barat,34000.0
2025-02-04,Bawang Merah,Jawa Barat,34500.0
2025-02-05,Bawang Merah,Jawa Barat,34400.0
2025-02-06,Bawang Merah,Jawa Barat,34700.0
2025-02-07,Bawang Merah,Jawa Barat,34000.0
2025-02-08,Bawang Merah,Jawa Barat,35100.0
2025-02-09,Bawang Merah,Jawa Barat,34700.0
2025-02-10,Bawang Merah,Jawa Barat,35500.0
2025-02-11,Bawang Merah,Jawa Barat,33700.0
2025-02-12,Bawang Merah,Jawa Barat,34300.0
2025-02-13,Bawang Merah,Jawa Barat,34100.0
2025-02-14,Bawang Merah,Jawa Barat,34900.0
2025-02-15,Bawang Merah,Jawa Barat,33500.0
2025-02-16,Bawang Merah,Jawa Barat,35700.0
2025-02-17,Bawang Merah,Jawa Barat,36400.0
2025-02-18,Bawang Merah,Jawa Barat,34200.0
2025-02-19,Bawang Merah,Jawa Barat,34800.0
2025-02-20,Bawang Merah,Jawa Barat,34700.0
2025-02-21,Bawang Merah,Jawa Barat,37900.0
2025-02-22,Bawang Merah,Jawa Barat,34400.0
2025-02-23,Bawang Merah,Jawa Barat,36500.0
2025-02-24,Bawang Merah,Jawa Barat,34100.0
2025-02-25,Bawang Merah,Jawa Barat,34600.0
2025-02-26,Bawang Merah,Jawa Barat,35000.0
2025-02-27,Bawang Merah,Jawa Barat,34700.0
2025-02-28,Bawang Merah,Jawa Barat,35000.0
2025-03-01,Bawang Merah,Jawa Barat,34400.0
2025-03-02,Bawang Merah,Jawa Barat,34500.0
2025-03-03,Bawang Merah,Jawa Barat,37000.0
2025-03-04,Bawang Merah,Jawa Barat,37200.0
2025-03-05,Bawang Merah,Jawa Barat,36900.0
2025-03-06,Bawang Merah,Jawa Barat,36200.0
2025-03-07,Bawang Merah,Jawa Barat,35700.0
2025-03-08,Bawang Merah,Jawa Barat,35000.0
2025-03-09,Bawang Merah,Jawa Barat,34600.0
2025-03-10,Bawang Merah,Jawa Barat,36200.0
2025-03-11,Bawang Merah,Jawa Barat,34600.0
2025-03-12,Bawang Merah,Jawa Barat,34800.0
2025-03-13,Bawang Merah,Jawa Barat,37100.0
2025-03-14,Bawang Merah,Jawa Barat,37600.0
2025-03-15,Bawang Merah,Jawa Barat,35600.0
2025-03-16,Bawang Merah,Jawa Barat,36400.0
2025-03-17,Bawang Merah,Jawa Barat,35200.0
2025-03-18,Bawang Merah,Jawa Barat,34300.0
2025-03-19,Bawang Merah,Jawa Barat,36800.0
2025-03-20,Bawang Merah,Jawa Barat,36900.0
2025-03-21,Bawang Merah,Jawa Barat,36600.0
2025-03-22,Bawang Merah,Jawa Barat,36300.0
2025-03-23,Bawang Merah,Jawa Barat,38200.0
2025-03-24,Bawang Merah,Jawa Barat,36800.0
2025-03-25,Bawang Merah,Jawa Barat,37900.0
2025-03-26,Bawang Merah,Jawa Barat,38300.0
2025-03-27,Bawang Merah,Jawa Barat,39700.0
2025-03-28,Bawang Merah,Jawa Barat,38400.0
2025-03-29,Bawang Merah,Jawa Barat,38900.0
2025-03-30,Bawang Merah,Jawa Barat,39300.0
2025-03-31,Bawang Merah,Jawa Barat,40500.0
2025-04-01,Bawang Merah,Jawa Barat,33900.0
2025-04-02,Bawang Merah,Jawa Barat,35800.0
2025-04-03,Bawang Merah,Jawa Barat,37000.0
2025-04-04,Bawang Merah,Jawa Barat,35600.0
2025-04-05,Bawang Merah,Jawa Barat,37300.0
2025-04-06,Bawang Merah,Jawa Barat,37100.0
2025-04-07,Bawang Merah,Jawa Barat,37000.0
2025-04-08,Bawang Merah,Jawa Barat,36400.0
2025-04-09,Bawang Merah,Jawa Barat,36600.0
2025-04-10,Bawang Merah,Jawa Barat,37400.0
2025-04-11,Bawang Merah,Jawa Barat,35900.0
2025-04-12,Bawang Merah,Jawa Barat,34100.0
2025-04-13,Bawang Merah,Jawa Barat,36700.0
2025-04-14,Bawang Merah,Jawa Barat,35000.0
2025-04-15,Bawang Merah,Jawa Barat,35400.0
2025-04-16,Bawang Merah,Jawa Barat,36800.0
2025-04-17,Bawang Merah,Jawa Barat,36400.0
2025-04-18,Bawang Merah,Jawa Barat,34800.0
2025-04-19,Bawang Merah,Jawa Barat,36500.0
2025-04-20,Bawang Merah,Jawa Barat,37400.0
2025-04-21,Bawang Merah,Jawa Barat,35500.0
2025-04-22,Bawang Merah,Jawa Barat,38000.0
2025-04-23,Bawang Merah,Jawa Barat,34800.0
2025-04-24,Bawang Merah,Jawa Barat,38500.0
2025-04-25,Bawang Merah,Jawa Barat,35300.0
2025-04-26,Bawang Merah,Jawa Barat,35700.0
2025-04-27,Bawang Merah,Jawa Barat,33600.0
2025-04-28,Bawang Merah,Jawa Barat,35900.0
2025-04-29,Bawang Merah,Jawa Barat,36600.0
2025-04-30,Bawang Merah,Jawa Barat,36200.0
2025-05-01,Bawang Merah,Jawa Barat,35300.0
2025-05-02,Bawang Merah,Jawa Barat,34600.0
2025-05-03,Bawang Merah,Jawa Barat,36600.0
2025-05-04,Bawang Merah,Jawa Barat,35200.0
2025-05-05,Bawang Merah,Jawa Barat,37300.0
2025-05-06,Bawang Merah,Jawa Barat,35400.0
2025-05-07,Bawang Merah,Jawa Barat,35800.0
2025-05-08,Bawang Merah,Jawa Barat,37000.0
2025-05-09,Bawang Merah,Jawa Barat,34100.0
2025-05-10,Bawang Merah,Jawa Barat,34600.0
2025-05-11,Bawang Merah,Jawa Barat,37100.0
2025-05-12,Bawang Merah,Jawa Barat,35000.0
2025-05-13,Bawang Merah,Jawa Barat,34600.0
2025-05-14,Bawang Merah,Jawa Barat,38900.0
2025-05-15,Bawang Merah,Jawa Barat,35100.0
2025-05-16,Bawang Merah,Jawa Barat,36600.0
2025-05-17,Bawang Merah,Jawa Barat,36300.0
2025-05-18,Bawang Merah,Jawa Barat,33000.0
2025-05-19,Bawang Merah,Jawa Barat,36300.0
2025-05-20,Bawang Merah,Jawa Barat,37200.0
2025-05-21,Bawang Merah,Jawa Barat,37300.0
2025-05-22,Bawang Merah,Jawa Barat,37700.0
2025-05-23,Bawang Merah,Jawa Barat,36100.0
2025-05-24,Bawang Merah,Jawa Barat,37600.0
2025-05-25,Bawang Merah,Jawa Barat,36600.0
2025-05-26,Bawang Merah,Jawa Barat,36600.0
2025-05-27,Bawang Merah,Jawa Barat,37400.0
2025-05-28,Bawang Merah,Jawa Barat,37400.0
2025-05-29,Bawang Merah,Jawa Barat,40300.0
2025-05-30,Bawang Merah,Jawa Barat,37400.0
2025-05-31,Bawang Merah,Jawa Barat,39500.0
2025-06-01,Bawang Merah,Jawa Barat,39200.0
2025-06-02,Bawang Merah,Jawa Barat,39900.0
2025-06-03,Bawang Merah,Jawa Barat,42400.0
2025-06-04,Bawang Merah,Jawa Barat,41000.0
2025-06-05,Bawang Merah,Jawa Barat,42300.0
2025-06-06,Bawang Merah,Jawa Barat,41700.0
2025-06-07,Bawang Merah,Jawa Barat,35800.0
2025-06-08,Bawang Merah,Jawa Barat,38600.0
2025-06-09,Bawang Merah,Jawa Barat,34700.0
2025-06-10,Bawang Merah,Jawa Barat,38100.0
2025-06-11,Bawang Merah,Jawa Barat,37400.0
2025-06-12,Bawang Merah,Jawa Barat,35900.0
2025-06-13,Bawang Merah,Jawa Barat,37800.0
2025-06-14,Bawang Merah,Jawa Barat,33800.0
2025-06-15,Bawang Merah,Jawa Barat,35300.0
2025-06-16,Bawang Merah,Jawa Barat,34700.0
2025-06-17,Bawang Merah,Jawa Barat,36800.0
2025-06-18,Bawang Merah,Jawa Barat,35400.0
2025-06-19,Bawang Merah,Jawa Barat,36700.0
2025-06-20,Bawang Merah,Jawa Barat,35700.0
2025-06-21,Bawang Merah,Jawa Barat,35200.0
2025-06-22,Bawang Merah,Jawa Barat,36100.0
2025-06-23,Bawang Merah,Jawa Barat,35800.0
2025-06-24,Bawang Merah,Jawa Barat,35200.0
2025-06-25,Bawang Merah,Jawa Barat,39600.0
2025-06-26,Bawang Merah,Jawa Barat,35700.0
2025-06-27,Bawang Merah,Jawa Barat,33400.0
2025-06-28,Bawang Merah,Jawa Barat,34600.0
2025-06-29,Bawang Merah,Jawa Barat,34100.0
2025-06-30,Bawang Merah,Jawa Barat,36600.0
2025-07-01,Bawang Merah,Jawa Barat,36200.0
2025-07-02,Bawang Merah,Jawa Barat,36700.0
2025-07-03,Bawang Merah,Jawa Barat,35800.0
2025-07-04,Bawang Merah,Jawa Barat,35600.0
2025-07-05,Bawang Merah,Jawa Barat,35400.0
2025-07-06,Bawang Merah,Jawa Barat,35500.0
2025-07-07,Bawang Merah,Jawa Barat,37100.0
2025-07-08,Bawang Merah,Jawa Barat,36700.0
2025-07-09,Bawang Merah,Jawa Barat,36900.0
2025-07-10,Bawang Merah,Jawa Barat,36400.0
2025-07-11,Bawang Merah,Jawa Barat,36500.0
2025-07-12,Bawang Merah,Jawa Barat,35500.0
2025-07-13,Bawang Merah,Jawa Barat,35700.0
2025-07-14,Bawang Merah,Jawa Barat,36700.0
2025-07-15,Bawang Merah,Jawa Barat,34900.0
2025-07-16,Bawang Merah,Jawa Barat,34600.0
2025-07-17,Bawang Merah,Jawa Barat,34100.0
2025-07-18,Bawang Merah,Jawa Barat,35000.0
2025-07-19,Bawang Merah,Jawa Barat,32600.0
2025-07-20,Bawang Merah,Jawa Barat,35100.0
2025-07-21,Bawang Merah,Jawa Barat,35100.0
2025-07-22,Bawang Merah,Jawa Barat,36700.0
2025-07-23,Bawang Merah,Jawa Barat,34700.0
2025-07-24,Bawang Merah,Jawa Barat,35000.0
2025-07-25,Bawang Merah,Jawa Barat,36000.0
2025-07-26,Bawang Merah,Jawa Barat,36000.0
2025-07-27,Bawang Merah,Jawa Barat,34100.0
2025-07-28,Bawang Merah,Jawa Barat,35200.0
2025-07-29,Bawang Merah,Jawa Barat,35700.0
2025-07-30,Bawang Merah,Jawa Barat,35800.0
2025-07-31,Bawang Merah,Jawa Barat,35100.0
2025-08-01,Bawang Merah,Jawa Barat,36400.0
2025-08-02,Bawang Merah,Jawa Barat,32800.0
2025-08-03,Bawang Merah,Jawa Barat,34600.0
2025-08-04,Bawang Merah,Jawa Barat,35500.0
2025-08-05,Bawang Merah,Jawa Barat,35700.0
2025-08-06,Bawang Merah,Jawa Barat,36600.0
2025-08-07,Bawang Merah,Jawa Barat,36500.0
2025-08-08,Bawang Merah,Jawa Barat,34900.0
2025-08-09,Bawang Merah,Jawa Barat,36500.0
2025-08-10,Bawang Merah,Jawa Barat,34500.0
2025-08-11,Bawang Merah,Jawa Barat,36800.0
2025-08-12,Bawang Merah,Jawa Barat,38000.0
2025-08-13,Bawang Merah,Jawa Barat,37600.0
2025-08-14,Bawang Merah,Jawa Barat,36200.0
2025-08-15,Bawang Merah,Jawa Barat,35400.0
2025-08-16,Bawang Merah,Jawa Barat,34000.0
2025-08-17,Bawang Merah,Jawa Barat,35800.0
2025-08-18,Bawang Merah,Jawa Barat,34700.0
2025-08-19,Bawang Merah,Jawa Barat,35400.0
2025-08-20,Bawang Merah,Jawa Barat,35000.0
2025-08-21,Bawang Merah,Jawa Barat,35800.0
2025-08-22,Bawang Merah,Jawa Barat,35500.0
2025-08-23,Bawang Merah,Jawa Barat,35600.0
2025-08-24,Bawang Merah,Jawa Barat,34900.0
2025-08-25,Bawang Merah,Jawa Barat,37000.0
2025-08-26,Bawang Merah,Jawa Barat,36000.0
2025-08-27,Bawang Merah,Jawa Barat,35500.0
2025-08-28,Bawang Merah,Jawa Barat,36400.0
2025-08-29,Bawang Merah,Jawa Barat,38100.0
2025-08-30,Bawang Merah,Jawa Barat,36200.0
2025-08-31,Bawang Merah,Jawa Barat,35500.0
2025-09-01,Bawang Merah,Jawa Barat,34800.0
2025-09-02,Bawang Merah,Jawa Barat,36200.0
2025-09-03,Bawang Merah,Jawa Barat,36600.0
2025-09-04,Bawang Merah,Jawa Barat,35900.0
2025-09-05,Bawang Merah,Jawa Barat,34500.0
2025-09-06,Bawang Merah,Jawa Barat,35200.0
2025-09-07,Bawang Merah,Jawa Barat,37500.0
2025-09-08,Bawang Merah,Jawa Barat,37600.0
2025-09-09,Bawang Merah,Jawa Barat,35500.0
2025-09-10,Bawang Merah,Jawa Barat,37300.0
2025-09-11,Bawang Merah,Jawa Barat,35200.0
2025-09-12,Bawang Merah,Jawa Barat,37500.0
2025-09-13,Bawang Merah,Jawa Barat,36000.0
2025-09-14,Bawang Merah,Jawa Barat,36900.0
2025-09-15,Bawang Merah,Jawa Barat,34400.0
2025-09-16,Bawang Merah,Jawa Barat,37100.0
2025-09-17,Bawang Merah,Jawa Barat,36200.0
2025-09-18,Bawang Merah,Jawa Barat,36700.0
2025-09-19,Bawang Merah,Jawa Barat,36400.0
2025-09-20,Bawang Merah,Jawa Barat,35200.0
2025-09-21,Bawang Merah,Jawa Barat,34900.0
2025-09-22,Bawang Merah,Jawa Barat,36300.0
2025-09-23,Bawang Merah,Jawa Barat,35600.0
2025-09-24,Bawang Merah,Jawa Barat,34800.0
2025-09-25,Bawang Merah,Jawa Barat,34500.0
2025-09-26,Bawang Merah,Jawa Barat,33500.0
2025-09-27,Bawang Merah,Jawa Barat,34200.0
2025-09-28,Bawang Merah,Jawa Barat,35700.0
2025-09-29,Bawang Merah,Jawa Barat,35100.0
2025-09-30,Bawang Merah,Jawa Barat,34900.0
2025-10-01,Bawang Merah,Jawa Barat,36300.0
2025-10-02,Bawang Merah,Jawa Barat,34600.0
2025-10-03,Bawang Merah,Jawa Barat,35300.0
2025-10-04,Bawang Merah,Jawa Barat,35000.0
2025-10-05,Bawang Merah,Jawa Barat,35700.0
2025-10-06,Bawang Merah,Jawa Barat,33500.0
2025-10-07,Bawang Merah,Jawa Barat,34700.0
2025-10-08,Bawang Merah,Jawa Barat,33900.0
2025-10-09,Bawang Merah,Jawa Barat,35400.0
2025-10-10,Bawang Merah,Jawa Barat,36800.0
2025-10-11,Bawang Merah,Jawa Barat,34800.0
2025-10-12,Bawang Merah,Jawa Barat,34800.0
2025-10-13,Bawang Merah,Jawa Barat,36300.0
2025-10-14,Bawang Merah,Jawa Barat,36800.0
2025-10-15,Bawang Merah,Jawa Barat,35500.0
2025-10-16,Bawang Merah,Jawa Barat,36200.0
2025-10-17,Bawang Merah,Jawa Barat,33900.0
2025-10-18,Bawang Merah,Jawa Barat,36300.0
2025-10-19,Bawang Merah,Jawa Barat,37200.0
2025-10-20,Bawang Merah,Jawa Barat,35600.0
2025-10-21,Bawang Merah,Jawa Barat,33400.0
2025-10-22,Bawang Merah,Jawa Barat,35200.0
2025-10-23,Bawang Merah,Jawa Barat,36300.0
2025-10-24,Bawang Merah,Jawa Barat,34800.0
2025-10-25,Bawang Merah,Jawa Barat,36500.0
2025-10-26,Bawang Merah,Jawa Barat,36000.0
2025-10-27,Bawang Merah,Jawa Barat,35000.0
2025-10-28,Bawang Merah,Jawa Barat,36300.0
2025-10-29,Bawang Merah,Jawa Barat,35400.0
2025-10-30,Bawang Merah,Jawa Barat,36200.0
2025-10-31,Bawang Merah,Jawa Barat,35500.0
2025-11-01,Bawang Merah,Jawa Barat,37200.0
2025-11-02,Bawang Merah,Jawa Barat,38000.0
2025-11-03,Bawang Merah,Jawa Barat,34700.0
2025-11-04,Bawang Merah,Jawa Barat,34400.0
2025-11-05,Bawang Merah,Jawa Barat,36100.0
2025-11-06,Bawang Merah,Jawa Barat,34900.0
2025-11-07,Bawang Merah,Jawa Barat,36200.0
2025-11-08,Bawang Merah,Jawa Barat,36600.0
2025-11-09,Bawang Merah,Jawa Barat,37400.0
2025-11-10,Bawang Merah,Jawa Barat,36200.0
2025-11-11,Bawang Merah,Jawa Barat,36300.0
2025-11-12,Bawang Merah,Jawa Barat,34400.0
2025-11-13,Bawang Merah,Jawa Barat,36400.0
2025-11-14,Bawang Merah,Jawa Barat,36400.0
2025-11-15,Bawang Merah,Jawa Barat,36700.0
2025-11-16,Bawang Merah,Jawa Barat,35500.0
2025-11-17,Bawang Merah,Jawa Barat,36000.0
2025-11-18,Bawang Merah,Jawa Barat,35500.0
2025-11-19,Bawang Merah,Jawa Barat,34900.0
2025-11-20,Bawang Merah,Jawa Barat,35900.0
2025-11-21,Bawang Merah,Jawa Barat,35100.0
2025-11-22,Bawang Merah,Jawa Barat,36900.0
2025-11-23,Bawang Merah,Jawa Barat,36000.0
2025-11-24,Bawang Merah,Jawa Barat,36600.0
2025-11-25,Bawang Merah,Jawa Barat,36300.0
2025-11-26,Bawang Merah,Jawa Barat,34000.0
2025-11-27,Bawang Merah,Jawa Barat,38800.0
2025-11-28,Bawang Merah,Jawa Barat,35900.0
2025-11-29,Bawang Merah,Jawa Barat,36300.0
2025-11-30,Bawang Merah,Jawa Barat,35300.0
2025-12-01,Bawang Merah,Jawa Barat,38300.0
2025-12-02,Bawang Merah,Jawa Barat,37800.0
2025-12-03,Bawang Merah,Jawa Barat,37000.0
2025-12-04,Bawang Merah,Jawa Barat,36800.0
2025-12-05,Bawang Merah,Jawa Barat,38800.0
2025-12-06,Bawang Merah,Jawa Barat,36500.0
2025-12-07,Bawang Merah,Jawa Barat,36600.0
2025-12-08,Bawang Merah,Jawa Barat,36300.0
2025-12-09,Bawang Merah,Jawa Barat,35500.0
2025-12-10,Bawang Merah,Jawa Barat,37400.0
2025-12-11,Bawang Merah,Jawa Barat,37700.0
2025-12-12,Bawang Merah,Jawa Barat,38400.0
2025-12-13,Bawang Merah,Jawa Barat,34700.0
2025-12-14,Bawang Merah,Jawa Barat,36200.0
2025-12-15,Bawang Merah,Jawa Barat,37200.0
2025-12-16,Bawang Merah,Jawa Barat,38200.0
2025-12-17,Bawang Merah,Jawa Barat,38100.0
2025-12-18,Bawang Merah,Jawa Barat,38100.0
2025-12-19,Bawang Merah,Jawa Barat,38100.0
2025-12-20,Bawang Merah,Jawa Barat,36600.0
2025-12-21,Bawang Merah,Jawa Barat,38600.0
2025-12-22,Bawang Merah,Jawa Barat,38500.0
2025-12-23,Bawang Merah,Jawa Barat,38000.0
2025-12-24,Bawang Merah,Jawa Barat,40100.0
2025-12-25,Bawang Merah,Jawa Barat,39900.0
2025-12-26,Bawang Merah,Jawa Barat,38700.0
2025-12-27,Bawang Merah,Jawa Barat,34100.0
2025-12-28,Bawang Merah,Jawa Barat,39200.0
2025-12-29,Bawang Merah,Jawa Barat,38800.0
2025-12-30,Bawang Merah,Jawa Barat,40500.0
2025-12-31,Bawang Merah,Jawa Barat,40000.0
2026-01-01,Bawang Merah,Jawa Barat,40100.0
2026-01-02,Bawang Merah,Jawa Barat,38800.0
2026-01-03,Bawang Merah,Jawa Barat,39100.0
2026-01-04,Bawang Merah,Jawa Barat,39900.0
2026-01-05,Bawang Merah,Jawa Barat,38200.0
2026-01-06,Bawang Merah,Jawa Barat,36500.0
2026-01-07,Bawang Merah,Jawa Barat,38000.0
2026-01-08,Bawang Merah,Jawa Barat,38300.0
2026-01-09,Bawang Merah,Jawa Barat,37600.0
2026-01-10,Bawang Merah,Jawa Barat,35800.0
2026-01-11,Bawang Merah,Jawa Barat,35500.0
2026-01-12,Bawang Merah,Jawa Barat,36700.0
2026-01-13,Bawang Merah,Jawa Barat,38900.0
2026-01-14,Bawang Merah,Jawa Barat,40100.0
2026-01-15,Bawang Merah,Jawa Barat,39300.0
2026-01-16,Bawang Merah,Jawa Barat,38900.0
2026-01-17,Bawang Merah,Jawa Barat,37700.0
2026-01-18,Bawang Merah,Jawa Barat,36300.0
2026-01-19,Bawang Merah,Jawa Barat,38000.0
2026-01-20,Bawang Merah,Jawa Barat,38700.0
2026-01-21,Bawang Merah,Jawa Barat,38500.0
2026-01-22,Bawang Merah,Jawa Barat,38700.0
2026-01-23,Bawang Merah,Jawa Barat,38700.0
2026-01-24,Bawang Merah,Jawa Barat,39200.0
2026-01-25,Bawang Merah,Jawa Barat,37900.0
2026-01-26,Bawang Merah,Jawa Barat,36400.0
2026-01-27,Bawang Merah,Jawa Barat,38300.0
2026-01-28,Bawang Merah,Jawa Barat,38900.0
2026-01-29,Bawang Merah,Jawa Barat,40000.0
2026-01-30,Bawang Merah,Jawa Barat,37700.0
2026-01-31,Bawang Merah,Jawa Barat,38600.0
2026-02-01,Bawang Merah,Jawa Barat,38300.0
2026-02-02,Bawang Merah,Jawa Barat,38400.0
2026-02-03,Bawang Merah,Jawa Barat,39900.0
2026-02-04,Bawang Merah,Jawa Barat,38300.0
2026-02-05,Bawang Merah,Jawa Barat,38100.0
2026-02-06,Bawang Merah,Jawa Barat,38300.0
2026-02-07,Bawang Merah,Jawa Barat,37300.0
2026-02-08,Bawang Merah,Jawa Barat,38900.0
2026-02-09,Bawang Merah,Jawa Barat,38000.0
2026-02-10,Bawang Merah,Jawa Barat,39500.0
2026-02-11,Bawang Merah,Jawa Barat,39400.0
2026-02-12,Bawang Merah,Jawa Barat,39600.0
2026-02-13,Bawang Merah,Jawa Barat,38600.0
2026-02-14,Bawang Merah,Jawa Barat,38600.0
2026-02-15,Bawang Merah,Jawa Barat,39100.0
2026-02-16,Bawang Merah,Jawa Barat,39400.0
2026-02-17,Bawang Merah,Jawa Barat,39600.0
2026-02-18,Bawang Merah,Jawa Barat,41800.0
2026-02-19,Bawang Merah,Jawa Barat,38400.0
2026-02-20,Bawang Merah,Jawa Barat,39200.0
2026-02-21,Bawang Merah,Jawa Barat,37600.0
2026-02-22,Bawang Merah,Jawa Barat,39900.0
2026-02-23,Bawang Merah,Jawa Barat,38400.0
2026-02-24,Bawang Merah,Jawa Barat,39700.0
2026-02-25,Bawang Merah,Jawa Barat,39600.0
2026-02-26,Bawang Merah,Jawa Barat,40100.0
2026-02-27,Bawang Merah,Jawa Barat,38900.0
2026-02-28,Bawang Merah,Jawa Barat,38400.0
2026-03-01,Bawang Merah,Jawa Barat,40600.0
2026-03-02,Bawang Merah,Jawa Barat,39600.0
2026-03-03,Bawang Merah,Jawa Barat,39000.0
2026-03-04,Bawang Merah,Jawa Barat,39500.0
2026-03-05,Bawang Merah,Jawa Barat,41700.0
2026-03-06,Bawang Merah,Jawa Barat,39300.0
2026-03-07,Bawang Merah,Jawa Barat,39000.0
2026-03-08,Bawang Merah,Jawa Barat,39400.0
2026-03-09,Bawang Merah,Jawa Barat,40400.0
2026-03-10,Bawang Merah,Jawa Barat,41000.0
2026-03-11,Bawang Merah,Jawa Barat,40700.0
2026-03-12,Bawang Merah,Jawa Barat,41100.0
2026-03-13,Bawang Merah,Jawa Barat,41700.0
2026-03-14,Bawang Merah,Jawa Barat,43200.0
2026-03-15,Bawang Merah,Jawa Barat,42300.0
2026-03-16,Bawang Merah,Jawa Barat,43200.0
2026-03-17,Bawang Merah,Jawa Barat,45800.0
2026-03-18,Bawang Merah,Jawa Barat,46300.0
2026-03-19,Bawang Merah,Jawa Barat,44900.0
2026-03-20,Bawang Merah,Jawa Barat,44600.0
2026-03-21,Bawang Merah,Jawa Barat,38400.0
2026-03-22,Bawang Merah,Jawa Barat,39900.0
2026-03-23,Bawang Merah,Jawa Barat,39100.0
2026-03-24,Bawang Merah,Jawa Barat,39400.0
2026-03-25,Bawang Merah,Jawa Barat,38900.0
2026-03-26,Bawang Merah,Jawa Barat,38800.0
2026-03-27,Bawang Merah,Jawa Barat,39700.0
2026-03-28,Bawang Merah,Jawa Barat,37500.0
2026-03-29,Bawang Merah,Jawa Barat,40300.0
2026-03-30,Bawang Merah,Jawa Barat,39100.0
2026-03-31,Bawang Merah,Jawa Barat,39900.0
2026-04-01,Bawang Merah,Jawa Barat,38400.0
2026-04-02,Bawang Merah,Jawa Barat,39700.0
2026-04-03,Bawang Merah,Jawa Barat,38700.0
2026-04-04,Bawang Merah,Jawa Barat,38800.0
2026-04-05,Bawang Merah,Jawa Barat,40700.0
2026-04-06,Bawang Merah,Jawa Barat,39800.0
2026-04-07,Bawang Merah,Jawa Barat,39000.0
2026-04-08,Bawang Merah,Jawa Barat,39200.0
2026-04-09,Bawang Merah,Jawa Barat,40400.0
2026-04-10,Bawang Merah,Jawa Barat,40800.0
2026-04-11,Bawang Merah,Jawa Barat,39200.0
2026-04-12,Bawang Merah,Jawa Barat,39700.0
2026-04-13,Bawang Merah,Jawa Barat,39800.0
2026-04-14,Bawang Merah,Jawa Barat,41100.0
2026-04-15,Bawang Merah,Jawa Barat,37200.0
2026-04-16,Bawang Merah,Jawa Barat,40000.0
2026-04-17,Bawang Merah,Jawa Barat,40000.0
2026-04-18,Bawang Merah,Jawa Barat,37100.0
2026-04-19,Bawang Merah,Jawa Barat,37700.0
2026-04-20,Bawang Merah,Jawa Barat,38000.0
2026-04-21,Bawang Merah,Jawa Barat,38600.0
2026-04-22,Bawang Merah,Jawa Barat,38900.0
2026-04-23,Bawang Merah,Jawa Barat,39500.0
2026-04-24,Bawang Merah,Jawa Barat,39800.0
2026-04-25,Bawang Merah,Jawa Barat,39700.0
2026-04-26,Bawang Merah,Jawa Barat,37500.0
2026-04-27,Bawang Merah,Jawa Barat,38100.0
2026-04-28,Bawang Merah,Jawa Barat,40800.0
2026-04-29,Bawang Merah,Jawa Barat,40000.0
2026-04-30,Bawang Merah,Jawa Barat,39100.0
2026-05-01,Bawang Merah,Jawa Barat,39100.0
2026-05-02,Bawang Merah,Jawa Barat,38300.0
2026-05-03,Bawang Merah,Jawa Barat,39000.0
2026-05-04,Bawang Merah,Jawa Barat,38100.0
2026-05-05,Bawang Merah,Jawa Barat,39200.0
2026-05-06,Bawang Merah,Jawa Barat,37300.0
2026-05-07,Bawang Merah,Jawa Barat,37900.0
2026-05-08,Bawang Merah,Jawa Barat,37200.0
2026-05-09,Bawang Merah,Jawa Barat,37200.0
2026-05-10,Bawang Merah,Jawa Barat,36600.0
2026-05-11,Bawang Merah,Jawa Barat,37700.0
2026-05-12,Bawang Merah,Jawa Barat,36900.0
2026-05-13,Bawang Merah,Jawa Barat,39100.0
2026-05-14,Bawang Merah,Jawa Barat,38000.0
2026-05-15,Bawang Merah,Jawa Barat,35800.0
2026-05-16,Bawang Merah,Jawa Barat,36600.0
2026-05-17,Bawang Merah,Jawa Barat,37800.0
2026-05-18,Bawang Merah,Jawa Barat,37100.0
2026-05-19,Bawang Merah,Jawa Barat,37100.0
2026-05-20,Bawang Merah,Jawa Barat,37600.0
2026-05-21,Bawang Merah,Jawa Barat,37900.0
2026-05-22,Bawang Merah,Jawa Barat,35700.0
2026-05-23,Bawang Merah,Jawa Barat,37800.0
2026-05-24,Bawang Merah,Jawa Barat,36500.0
2026-05-25,Bawang Merah,Jawa Barat,37500.0
2026-05-26,Bawang Merah,Jawa Barat,37900.0
2026-05-27,Bawang Merah,Jawa Barat,37400.0
2026-05-28,Bawang Merah,Jawa Barat,36700.0
2026-05-29,Bawang Merah,Jawa Barat,37100.0
2026-05-30,Bawang Merah,Jawa Barat,38900.0
2026-05-31,Bawang Merah,Jawa Barat,35600.0
2026-06-01,Bawang Merah,Jawa Barat,39700.0
2026-06-02,Bawang Merah,Jawa Barat,37800.0
2026-06-03,Bawang Merah,Jawa Barat,38100.0
2026-06-04,Bawang Merah,Jawa Barat,36500.0
2026-06-05,Bawang Merah,Jawa Barat,36400.0
2026-06-06,Bawang Merah,Jawa Barat,36800.0
2026-06-07,Bawang Merah,Jawa Barat,36200.0
2026-06-08,Bawang Merah,Jawa Barat,37500.0
2026-06-09,Bawang Merah,Jawa Barat,37500.0
2026-06-10,Bawang Merah,Jawa Barat,40100.0
2026-06-11,Bawang Merah,Jawa Barat,36600.0
2026-06-12,Bawang Merah,Jawa Barat,37600.0
2026-06-13,Bawang Merah,Jawa Barat,37500.0
2026-06-14,Bawang Merah,Jawa Barat,36300.0
2026-06-15,Bawang Merah,Jawa Barat,38600.0
2026-06-16,Bawang Merah,Jawa Barat,37800.0
2026-06-17,Bawang Merah,Jawa Barat,35700.0
2026-06-18,Bawang Merah,Jawa Barat,39000.0
2026-06-19,Bawang Merah,Jawa Barat,37000.0
2026-06-20,Bawang Merah,Jawa Barat,36800.0
2026-06-21,Bawang Merah,Jawa Barat,38900.0
2026-06-22,Bawang Merah,Jawa Barat,37800.0
2026-06-23,Bawang Merah,Jawa Barat,39300.0
2026-06-24,Bawang Merah,Jawa Barat,39500.0
2026-06-25,Bawang Merah,Jawa Barat,37400.0
2026-06-26,Bawang Merah,Jawa Barat,38300.0
2026-06-27,Bawang Merah,Jawa Barat,36300.0
2026-06-28,Bawang Merah,Jawa Barat,39100.0
2026-06-29,Bawang Merah,Jawa Barat,36100.0
2026-06-30,Bawang Merah,Jawa Barat,38200.0
2026-07-01,Bawang Merah,Jawa Barat,38200.0
2026-07-02,Bawang Merah,Jawa Barat,37500.0
2026-07-03,Bawang Merah,Jawa Barat,35900.0
2026-07-04,Bawang Merah,Jawa Barat,36400.0
2026-07-05,Bawang Merah,Jawa Barat,34300.0
2026-07-06,Bawang Merah,Jawa Barat,37100.0
2026-07-07,Bawang Merah,Jawa Barat,37400.0
2026-07-08,Bawang Merah,Jawa Barat,37000.0
2026-07-09,Bawang Merah,Jawa Barat,33300.0
2026-07-10,Bawang Merah,Jawa Barat,34800.0
2026-07-11,Bawang Merah,Jawa Barat,35200.0
2026-07-12,Bawang Merah,Jawa Barat,36600.0
2026-07-13,Bawang Merah,Jawa Barat,36900.0
2026-07-14,Bawang Merah,Jawa Barat,36200.0
2026-07-15,Bawang Merah,Jawa Barat,37200.0
2026-07-16,Bawang Merah,Jawa Barat,35000.0
2026-07-17,Bawang Merah,Jawa Barat,36200.0
2026-07-18,Bawang Merah,Jawa Barat,35800.0
2026-07-19,Bawang Merah,Jawa Barat,35600.0
2026-07-20,Bawang Merah,Jawa Barat,35100.0
2026-07-21,Bawang Merah,Jawa Barat,37500.0
2026-07-22,Bawang Merah,Jawa Barat,35900.0
2026-07-23,Bawang Merah,Jawa Barat,34200.0
2026-07-24,Bawang Merah,Jawa Barat,35500.0
2026-07-25,Bawang Merah,Jawa Barat,35600.0
2026-07-26,Bawang Merah,Jawa Barat,34200.0
2026-07-27,Bawang Merah,Jawa Barat,35900.0
2026-07-28,Bawang Merah,Jawa Barat,35300.0
2026-07-29,Bawang Merah,Jawa Barat,32500.0
2026-07-30,Bawang Merah,Jawa Barat,35200.0
2026-07-31,Bawang Merah,Jawa Barat,34200.0
2026-08-01,Bawang Merah,Jawa Barat,35100.0
2026-08-02,Bawang Merah,Jawa Barat,35900.0
2026-08-03,Bawang Merah,Jawa Barat,35600.0
2026-08-04,Bawang Merah,Jawa Barat,37400.0
2026-08-05,Bawang Merah,Jawa Barat,35200.0
2026-08-06,Bawang Merah,Jawa Barat,35800.0
2026-08-07,Bawang Merah,Jawa Barat,35500.0
2026-08-08,Bawang Merah,Jawa Barat,34400.0
2026-08-09,Bawang Merah,Jawa Barat,35300.0
2026-08-10,Bawang Merah,Jawa Barat,34000.0
2026-08-11,Bawang Merah,Jawa Barat,34600.0
2026-08-12,Bawang Merah,Jawa Barat,33700.0
2026-08-13,Bawang Merah,Jawa Barat,35000.0
2026-08-14,Bawang Merah,Jawa Barat,34900.0
2026-08-15,Bawang Merah,Jawa Barat,35300.0
2026-08-16,Bawang Merah,Jawa Barat,34900.0
2026-08-17,Bawang Merah,Jawa Barat,34100.0
2026-08-18,Bawang Merah,Jawa Barat,33400.0
2026-08-19,Bawang Merah,Jawa Barat,35100.0
2026-08-20,Bawang Merah,Jawa Barat,35700.0
2026-08-21,Bawang Merah,Jawa Barat,35000.0
2026-08-22,Bawang Merah,Jawa Barat,35100.0
2026-08-23,Bawang Merah,Jawa Barat,33800.0
2026-08-24,Bawang Merah,Jawa Barat,33700.0
2026-08-25,Bawang Merah,Jawa Barat,33700.0
2026-08-26,Bawang Merah,Jawa Barat,34400.0
2026-08-27,Bawang Merah,Jawa Barat,34300.0
2026-08-28,Bawang Merah,Jawa Barat,34300.0
2026-08-29,Bawang Merah,Jawa Barat,33700.0
2026-08-30,Bawang Merah,Jawa Barat,33800.0
2026-08-31,Bawang Merah,Jawa Barat,33300.0
2026-09-01,Bawang Merah,Jawa Barat,35400.0
2026-09-02,Bawang Merah,Jawa Barat,34600.0
2026-09-03,Bawang Merah,Jawa Barat,34100.0
2026-09-04,Bawang Merah,Jawa Barat,33200.0
2026-09-05,Bawang Merah,Jawa Barat,32500.0
2026-09-06,Bawang Merah,Jawa Barat,35500.0
2026-09-07,Bawang Merah,Jawa Barat,35100.0
2026-09-08,Bawang Merah,Jawa Barat,33100.0
2026-09-09,Bawang Merah,Jawa Barat,35500.0
2026-09-10,Bawang Merah,Jawa Barat,35900.0
2026-09-11,Bawang Merah,Jawa Barat,34500.0
2026-09-12,Bawang Merah,Jawa Barat,36000.0
2026-09-13,Bawang Merah,Jawa Barat,34700.0
2026-09-14,Bawang Merah,Jawa Barat,33100.0
2026-09-15,Bawang Merah,Jawa Barat,35200.0
2026-09-16,Bawang Merah,Jawa Barat,35100.0
2026-09-17,Bawang Merah,Jawa Barat,34200.0
2026-09-18,Bawang Merah,Jawa Barat,35000.0
2026-09-19,Bawang Merah,Jawa Barat,32500.0
2026-09-20,Bawang Merah,Jawa Barat,35000.0
2026-09-21,Bawang Merah,Jawa Barat,33500.0
2026-09-22,Bawang Merah,Jawa Barat,33500.0
2026-09-23,Bawang Merah,Jawa Barat,34600.0
2026-09-24,Bawang Merah,Jawa Barat,34900.0
2026-09-25,Bawang Merah,Jawa Barat,34300.0
2026-09-26,Bawang Merah,Jawa Barat,33300.0
2026-09-27,Bawang Merah,Jawa Barat,33900.0
2026-09-28,Bawang Merah,Jawa Barat,33500.0
2026-09-29,Bawang Merah,Jawa Barat,34800.0
2026-09-30,Bawang Merah,Jawa Barat,36300.0
2024-01-01,Bawang Merah,Jawa Timur,34300.0
2024-01-02,Bawang Merah,Jawa Timur,33400.0
2024-01-03,Bawang Merah,Jawa Timur,34900.0
2024-01-04,Bawang Merah,Jawa Timur,34700.0
2024-01-05,Bawang Merah,Jawa Timur,34400.0
2024-01-06,Bawang Merah,Jawa Timur,32400.0
2024-01-07,Bawang Merah,Jawa Timur,32900.0
2024-01-08,Bawang Merah,Jawa Timur,33700.0
2024-01-09,Bawang Merah,Jawa Timur,32400.0
2024-01-10,Bawang Merah,Jawa Timur,35800.0
2024-01-11,Bawang Merah,Jawa Timur,34100.0
2024-01-12,Bawang Merah,Jawa Timur,34200.0
2024-01-13,Bawang Merah,Jawa Timur,33200.0
2024-01-14,Bawang Merah,Jawa Timur,32800.0
2024-01-15,Bawang Merah,Jawa Timur,34100.0
2024-01-16,Bawang Merah,Jawa Timur,35300.0
2024-01-17,Bawang Merah,Jawa Timur,35700.0
2024-01-18,Bawang Merah,Jawa Timur,35000.0
2024-01-19,Bawang Merah,Jawa Timur,34900.0
2024-01-20,Bawang Merah,Jawa Timur,34100.0
2024-01-21,Bawang Merah,Jawa Timur,35200.0
2024-01-22,Bawang Merah,Jawa Timur,36500.0
2024-01-23,Bawang Merah,Jawa Timur,36000.0
2024-01-24,Bawang Merah,Jawa Timur,36100.0
2024-01-25,Bawang Merah,Jawa Timur,35500.0
2024-01-26,Bawang Merah,Jawa Timur,33600.0
2024-01-27,Bawang Merah,Jawa Timur,34100.0
2024-01-28,Bawang Merah,Jawa Timur,35800.0
2024-01-29,Bawang Merah,Jawa Timur,35700.0
2024-01-30,Bawang Merah,Jawa Timur,36400.0
2024-01-31,Bawang Merah,Jawa Timur,37700.0
2024-02-01,Bawang Merah,Jawa Timur,36500.0
2024-02-02,Bawang Merah,Jawa Timur,36700.0
2024-02-03,Bawang Merah,Jawa Timur,35300.0
2024-02-04,Bawang Merah,Jawa Timur,34600.0
2024-02-05,Bawang Merah,Jawa Timur,35600.0
2024-02-06,Bawang Merah,Jawa Timur,35000.0
2024-02-07,Bawang Merah,Jawa Timur,37900.0
2024-02-08,Bawang Merah,Jawa Timur,36800.0
2024-02-09,Bawang Merah,Jawa Timur,36300.0
2024-02-10,Bawang Merah,Jawa Timur,36900.0
2024-02-11,Bawang Merah,Jawa Timur,33500.0
2024-02-12,Bawang Merah,Jawa Timur,36600.0
2024-02-13,Bawang Merah,Jawa Timur,35000.0
2024-02-14,Bawang Merah,Jawa Timur,36700.0
2024-02-15,Bawang Merah,Jawa Timur,36100.0
2024-02-16,Bawang Merah,Jawa Timur,36800.0
2024-02-17,Bawang Merah,Jawa Timur,36200.0
2024-02-18,Bawang Merah,Jawa Timur,37500.0
2024-02-19,Bawang Merah,Jawa Timur,35600.0
2024-02-20,Bawang Merah,Jawa Timur,37200.0
2024-02-21,Bawang Merah,Jawa Timur,36600.0
2024-02-22,Bawang Merah,Jawa Timur,34600.0
2024-02-23,Bawang Merah,Jawa Timur,34700.0
2024-02-24,Bawang Merah,Jawa Timur,35100.0
2024-02-25,Bawang Merah,Jawa Timur,36600.0
2024-02-26,Bawang Merah,Jawa Timur,36100.0
2024-02-27,Bawang Merah,Jawa Timur,34600.0
2024-02-28,Bawang Merah,Jawa Timur,35900.0
2024-02-29,Bawang Merah,Jawa Timur,38000.0
2024-03-01,Bawang Merah,Jawa Timur,35900.0
2024-03-02,Bawang Merah,Jawa Timur,35200.0
2024-03-03,Bawang Merah,Jawa Timur,36500.0
2024-03-04,Bawang Merah,Jawa Timur,37000.0
2024-03-05,Bawang Merah,Jawa Timur,36200.0
2024-03-06,Bawang Merah,Jawa Timur,37300.0
2024-03-07,Bawang Merah,Jawa Timur,36000.0
2024-03-08,Bawang Merah,Jawa Timur,36900.0
2024-03-09,Bawang Merah,Jawa Timur,36200.0
2024-03-10,Bawang Merah,Jawa Timur,36400.0
2024-03-11,Bawang Merah,Jawa Timur,35300.0
2024-03-12,Bawang Merah,Jawa Timur,35500.0
2024-03-13,Bawang Merah,Jawa Timur,37500.0
2024-03-14,Bawang Merah,Jawa Timur,35900.0
2024-03-15,Bawang Merah,Jawa Timur,36100.0
2024-03-16,Bawang Merah,Jawa Timur,35200.0
2024-03-17,Bawang Merah,Jawa Timur,36400.0
2024-03-18,Bawang Merah,Jawa Timur,35200.0
2024-03-19,Bawang Merah,Jawa Timur,36000.0
2024-03-20,Bawang Merah,Jawa Timur,37200.0
2024-03-21,Bawang Merah,Jawa Timur,37500.0
2024-03-22,Bawang Merah,Jawa Timur,35400.0
2024-03-23,Bawang Merah,Jawa Timur,37700.0
2024-03-24,Bawang Merah,Jawa Timur,36200.0
2024-03-25,Bawang Merah,Jawa Timur,35000.0
2024-03-26,Bawang Merah,Jawa Timur,36600.0
2024-03-27,Bawang Merah,Jawa Timur,36000.0
2024-03-28,Bawang Merah,Jawa Timur,37000.0
2024-03-29,Bawang Merah,Jawa Timur,36500.0
2024-03-30,Bawang Merah,Jawa Timur,37000.0
2024-03-31,Bawang Merah,Jawa Timur,36400.0
2024-04-01,Bawang Merah,Jawa Timur,39000.0
2024-04-02,Bawang Merah,Jawa Timur,37400.0
2024-04-03,Bawang Merah,Jawa Timur,37900.0
2024-04-04,Bawang Merah,Jawa Timur,39700.0
2024-04-05,Bawang Merah,Jawa Timur,41200.0
2024-04-06,Bawang Merah,Jawa Timur,39200.0
2024-04-07,Bawang Merah,Jawa Timur,40700.0
2024-04-08,Bawang Merah,Jawa Timur,41800.0
2024-04-09,Bawang Merah,Jawa Timur,42300.0
2024-04-10,Bawang Merah,Jawa Timur,41400.0
2024-04-11,Bawang Merah,Jawa Timur,35300.0
2024-04-12,Bawang Merah,Jawa Timur,33500.0
2024-04-13,Bawang Merah,Jawa Timur,35500.0
2024-04-14,Bawang Merah,Jawa Timur,36900.0
2024-04-15,Bawang Merah,Jawa Timur,35000.0
2024-04-16,Bawang Merah,Jawa Timur,37000.0
2024-04-17,Bawang Merah,Jawa Timur,35400.0
2024-04-18,Bawang Merah,Jawa Timur,36300.0
2024-04-19,Bawang Merah,Jawa Timur,36600.0
2024-04-20,Bawang Merah,Jawa Timur,35000.0
2024-04-21,Bawang Merah,Jawa Timur,36000.0
2024-04-22,Bawang Merah,Jawa Timur,35500.0
2024-04-23,Bawang Merah,Jawa Timur,36800.0
2024-04-24,Bawang Merah,Jawa Timur,36500.0
2024-04-25,Bawang Merah,Jawa Timur,35800.0
2024-04-26,Bawang Merah,Jawa Timur,37000.0
2024-04-27,Bawang Merah,Jawa Timur,36300.0
2024-04-28,Bawang Merah,Jawa Timur,34800.0
2024-04-29,Bawang Merah,Jawa Timur,35800.0
2024-04-30,Bawang Merah,Jawa Timur,36000.0
2024-05-01,Bawang Merah,Jawa Timur,36300.0
2024-05-02,Bawang Merah,Jawa Timur,38800.0
2024-05-03,Bawang Merah,Jawa Timur,36300.0
2024-05-04,Bawang Merah,Jawa Timur,33600.0
2024-05-05,Bawang Merah,Jawa Timur,35500.0
2024-05-06,Bawang Merah,Jawa Timur,34200.0
2024-05-07,Bawang Merah,Jawa Timur,36100.0
2024-05-08,Bawang Merah,Jawa Timur,34500.0
2024-05-09,Bawang Merah,Jawa Timur,35300.0
2024-05-10,Bawang Merah,Jawa Timur,34200.0
2024-05-11,Bawang Merah,Jawa Timur,36000.0
2024-05-12,Bawang Merah,Jawa Timur,35600.0
2024-05-13,Bawang Merah,Jawa Timur,36500.0
2024-05-14,Bawang Merah,Jawa Timur,36200.0
2024-05-15,Bawang Merah,Jawa Timur,35100.0
2024-05-16,Bawang Merah,Jawa Timur,37000.0
2024-05-17,Bawang Merah,Jawa Timur,38100.0
2024-05-18,Bawang Merah,Jawa Timur,36200.0
2024-05-19,Bawang Merah,Jawa Timur,35300.0
2024-05-20,Bawang Merah,Jawa Timur,34400.0
2024-05-21,Bawang Merah,Jawa Timur,34900.0
2024-05-22,Bawang Merah,Jawa Timur,36300.0
2024-05-23,Bawang Merah,Jawa Timur,36500.0
2024-05-24,Bawang Merah,Jawa Timur,35500.0
2024-05-25,Bawang Merah,Jawa Timur,35900.0
2024-05-26,Bawang Merah,Jawa Timur,36000.0
2024-05-27,Bawang Merah,Jawa Timur,36100.0
2024-05-28,Bawang Merah,Jawa Timur,35200.0
2024-05-29,Bawang Merah,Jawa Timur,36300.0
2024-05-30,Bawang Merah,Jawa Timur,34900.0
2024-05-31,Bawang Merah,Jawa Timur,35500.0
2024-06-01,Bawang Merah,Jawa Timur,35700.0
2024-06-02,Bawang Merah,Jawa Timur,36900.0
2024-06-03,Bawang Merah,Jawa Timur,34500.0
2024-06-04,Bawang Merah,Jawa Timur,37000.0
2024-06-05,Bawang Merah,Jawa Timur,38500.0
2024-06-06,Bawang Merah,Jawa Timur,38000.0
2024-06-07,Bawang Merah,Jawa Timur,38200.0
2024-06-08,Bawang Merah,Jawa Timur,38100.0
2024-06-09,Bawang Merah,Jawa Timur,39200.0
2024-06-10,Bawang Merah,Jawa Timur,37200.0
2024-06-11,Bawang Merah,Jawa Timur,37500.0
2024-06-12,Bawang Merah,Jawa Timur,39400.0
2024-06-13,Bawang Merah,Jawa Timur,37300.0
2024-06-14,Bawang Merah,Jawa Timur,41000.0
2024-06-15,Bawang Merah,Jawa Timur,41100.0
2024-06-16,Bawang Merah,Jawa Timur,39600.0
2024-06-17,Bawang Merah,Jawa Timur,40400.0
2024-06-18,Bawang Merah,Jawa Timur,36100.0
2024-06-19,Bawang Merah,Jawa Timur,36400.0
2024-06-20,Bawang Merah,Jawa Timur,36200.0
2024-06-21,Bawang Merah,Jawa Timur,36400.0
2024-06-22,Bawang Merah,Jawa Timur,35900.0
2024-06-23,Bawang Merah,Jawa Timur,37100.0
2024-06-24,Bawang Merah,Jawa Timur,36600.0
2024-06-25,Bawang Merah,Jawa Timur,35700.0
2024-06-26,Bawang Merah,Jawa Timur,37900.0
2024-06-27,Bawang Merah,Jawa Timur,34600.0
2024-06-28,Bawang Merah,Jawa Timur,35600.0
2024-06-29,Bawang Merah,Jawa Timur,36500.0
2024-06-30,Bawang Merah,Jawa Timur,35000.0
2024-07-01,Bawang Merah,Jawa Timur,36500.0
2024-07-02,Bawang Merah,Jawa Timur,37100.0
2024-07-03,Bawang Merah,Jawa Timur,35400.0
2024-07-04,Bawang Merah,Jawa Timur,36100.0
2024-07-05,Bawang Merah,Jawa Timur,35800.0
2024-07-06,Bawang Merah,Jawa Timur,35200.0
2024-07-07,Bawang Merah,Jawa Timur,37800.0
2024-07-08,Bawang Merah,Jawa Timur,34900.0
2024-07-09,Bawang Merah,Jawa Timur,36800.0
2024-07-10,Bawang Merah,Jawa Timur,35100.0
2024-07-11,Bawang Merah,Jawa Timur,34200.0
2024-07-12,Bawang Merah,Jawa Timur,35000.0
2024-07-13,Bawang Merah,Jawa Timur,35600.0
2024-07-14,Bawang Merah,Jawa Timur,35900.0
2024-07-15,Bawang Merah,Jawa Timur,37000.0
2024-07-16,Bawang Merah,Jawa Timur,38400.0
2024-07-17,Bawang Merah,Jawa Timur,35700.0
2024-07-18,Bawang Merah,Jawa Timur,34500.0
2024-07-19,Bawang Merah,Jawa Timur,35200.0
2024-07-20,Bawang Merah,Jawa Timur,34200.0
2024-07-21,Bawang Merah,Jawa Timur,35400.0
2024-07-22,Bawang Merah,Jawa Timur,33400.0
2024-07-23,Bawang Merah,Jawa Timur,37500.0
2024-07-24,Bawang Merah,Jawa Timur,36100.0
2024-07-25,Bawang Merah,Jawa Timur,33400.0
2024-07-26,Bawang Merah,Jawa Timur,34100.0
2024-07-27,Bawang Merah,Jawa Timur,35500.0
2024-07-28,Bawang Merah,Jawa Timur,35900.0
2024-07-29,Bawang Merah,Jawa Timur,33600.0
2024-07-30,Bawang Merah,Jawa Timur,35900.0
2024-07-31,Bawang Merah,Jawa Timur,33400.0
2024-08-01,Bawang Merah,Jawa Timur,35200.0
2024-08-02,Bawang Merah,Jawa Timur,36000.0
2024-08-03,Bawang Merah,Jawa Timur,34300.0
2024-08-04,Bawang Merah,Jawa Timur,33300.0
2024-08-05,Bawang Merah,Jawa Timur,35200.0
2024-08-06,Bawang Merah,Jawa Timur,34600.0
2024-08-07,Bawang Merah,Jawa Timur,35900.0
2024-08-08,Bawang Merah,Jawa Timur,34300.0
2024-08-09,Bawang Merah,Jawa Timur,34100.0
2024-08-10,Bawang Merah,Jawa Timur,32700.0
2024-08-11,Bawang Merah,Jawa Timur,34700.0
2024-08-12,Bawang Merah,Jawa Timur,34600.0
2024-08-13,Bawang Merah,Jawa Timur,33800.0
2024-08-14,Bawang Merah,Jawa Timur,35100.0
2024-08-15,Bawang Merah,Jawa Timur,35700.0
2024-08-16,Bawang Merah,Jawa Timur,34100.0
2024-08-17,Bawang Merah,Jawa Timur,34300.0
2024-08-18,Bawang Merah,Jawa Timur,34400.0
2024-08-19,Bawang Merah,Jawa Timur,33100.0
2024-08-20,Bawang Merah,Jawa Timur,36500.0
2024-08-21,Bawang Merah,Jawa Timur,34000.0
2024-08-22,Bawang Merah,Jawa Timur,35100.0
2024-08-23,Bawang Merah,Jawa Timur,34900.0
2024-08-24,Bawang Merah,Jawa Timur,33700.0
2024-08-25,Bawang Merah,Jawa Timur,34500.0
2024-08-26,Bawang Merah,Jawa Timur,34700.0
2024-08-27,Bawang Merah,Jawa Timur,33400.0
2024-08-28,Bawang Merah,Jawa Timur,34600.0
2024-08-29,Bawang Merah,Jawa Timur,34200.0
2024-08-30,Bawang Merah,Jawa Timur,34200.0
2024-08-31,Bawang Merah,Jawa Timur,33300.0
2024-09-01,Bawang Merah,Jawa Timur,35800.0
2024-09-02,Bawang Merah,Jawa Timur,36700.0
2024-09-03,Bawang Merah,Jawa Timur,36200.0
2024-09-04,Bawang Merah,Jawa Timur,36300.0
2024-09-05,Bawang Merah,Jawa Timur,34600.0
2024-09-06,Bawang Merah,Jawa Timur,34000.0
2024-09-07,Bawang Merah,Jawa Timur,33600.0
2024-09-08,Bawang Merah,Jawa Timur,35100.0
2024-09-09,Bawang Merah,Jawa Timur,34700.0
2024-09-10,Bawang Merah,Jawa Timur,34600.0
2024-09-11,Bawang Merah,Jawa Timur,35900.0
2024-09-12,Bawang Merah,Jawa Timur,34600.0
2024-09-13,Bawang Merah,Jawa Timur,33300.0
2024-09-14,Bawang Merah,Jawa Timur,33100.0
2024-09-15,Bawang Merah,Jawa Timur,34400.0
2024-09-16,Bawang Merah,Jawa Timur,35100.0
2024-09-17,Bawang Merah,Jawa Timur,35000.0
2024-09-18,Bawang Merah,Jawa Timur,36200.0
2024-09-19,Bawang Merah,Jawa Timur,35800.0
2024-09-20,Bawang Merah,Jawa Timur,34400.0
2024-09-21,Bawang Merah,Jawa Timur,33300.0
2024-09-22,Bawang Merah,Jawa Timur,32900.0
2024-09-23,Bawang Merah,Jawa Timur,34000.0
2024-09-24,Bawang Merah,Jawa Timur,35300.0
2024-09-25,Bawang Merah,Jawa Timur,36300.0
2024-09-26,Bawang Merah,Jawa Timur,34600.0
2024-09-27,Bawang Merah,Jawa Timur,35200.0
2024-09-28,Bawang Merah,Jawa Timur,33700.0
2024-09-29,Bawang Merah,Jawa Timur,34600.0
2024-09-30,Bawang Merah,Jawa Timur,35300.0
2024-10-01,Bawang Merah,Jawa Timur,32500.0
2024-10-02,Bawang Merah,Jawa Timur,34300.0
2024-10-03,Bawang Merah,Jawa Timur,35400.0
2024-10-04,Bawang Merah,Jawa Timur,34500.0
2024-10-05,Bawang Merah,Jawa Timur,32800.0
2024-10-06,Bawang Merah,Jawa Timur,31600.0
2024-10-07,Bawang Merah,Jawa Timur,33900.0
2024-10-08,Bawang Merah,Jawa Timur,34800.0
2024-10-09,Bawang Merah,Jawa Timur,34200.0
2024-10-10,Bawang Merah,Jawa Timur,35200.0
2024-10-11,Bawang Merah,Jawa Timur,35200.0
2024-10-12,Bawang Merah,Jawa Timur,35100.0
2024-10-13,Bawang Merah,Jawa Timur,32100.0
2024-10-14,Bawang Merah,Jawa Timur,33300.0
2024-10-15,Bawang Merah,Jawa Timur,34300.0
2024-10-16,Bawang Merah,Jawa Timur,35100.0
2024-10-17,Bawang Merah,Jawa Timur,34800.0
2024-10-18,Bawang Merah,Jawa Timur,34500.0
2024-10-19,Bawang Merah,Jawa Timur,33500.0
2024-10-20,Bawang Merah,Jawa Timur,33700.0
2024-10-21,Bawang Merah,Jawa Timur,33500.0
2024-10-22,Bawang Merah,Jawa Timur,35200.0
2024-10-23,Bawang Merah,Jawa Timur,33400.0
2024-10-24,Bawang Merah,Jawa Timur,34800.0
2024-10-25,Bawang Merah,Jawa Timur,33800.0
2024-10-26,Bawang Merah,Jawa Timur,33400.0
2024-10-27,Bawang Merah,Jawa Timur,33000.0
2024-10-28,Bawang Merah,Jawa Timur,32700.0
2024-10-29,Bawang Merah,Jawa Timur,33800.0
2024-10-30,Bawang Merah,Jawa Timur,34200.0
2024-10-31,Bawang Merah,Jawa Timur,31900.0
2024-11-01,Bawang Merah,Jawa Timur,33700.0
2024-11-02,Bawang Merah,Jawa Timur,34400.0
2024-11-03,Bawang Merah,Jawa Timur,34300.0
2024-11-04,Bawang Merah,Jawa Timur,33500.0
2024-11-05,Bawang Merah,Jawa Timur,34100.0
2024-11-06,Bawang Merah,Jawa Timur,33500.0
2024-11-07,Bawang Merah,Jawa Timur,33900.0
2024-11-08,Bawang Merah,Jawa Timur,35000.0
2024-11-09,Bawang Merah,Jawa Timur,34400.0
2024-11-10,Bawang Merah,Jawa Timur,34000.0
2024-11-11,Bawang Merah,Jawa Timur,33000.0
2024-11-12,Bawang Merah,Jawa Timur,34500.0
2024-11-13,Bawang Merah,Jawa Timur,32100.0
2024-11-14,Bawang Merah,Jawa Timur,33400.0
2024-11-15,Bawang Merah,Jawa Timur,33800.0
2024-11-16,Bawang Merah,Jawa Timur,33800.0
2024-11-17,Bawang Merah,Jawa Timur,33900.0
2024-11-18,Bawang Merah,Jawa Timur,33800.0
2024-11-19,Bawang Merah,Jawa Timur,33600.0
2024-11-20,Bawang Merah,Jawa Timur,34400.0
2024-11-21,Bawang Merah,Jawa Timur,32700.0
2024-11-22,Bawang Merah,Jawa Timur,32700.0
2024-11-23,Bawang Merah,Jawa Timur,33500.0
2024-11-24,Bawang Merah,Jawa Timur,33800.0
2024-11-25,Bawang Merah,Jawa Timur,32300.0
2024-11-26,Bawang Merah,Jawa Timur,34900.0
2024-11-27,Bawang Merah,Jawa Timur,35400.0
2024-11-28,Bawang Merah,Jawa Timur,34200.0
2024-11-29,Bawang Merah,Jawa Timur,36400.0
2024-11-30,Bawang Merah,Jawa Timur,33100.0
2024-12-01,Bawang Merah,Jawa Timur,33800.0
2024-12-02,Bawang Merah,Jawa Timur,34200.0
2024-12-03,Bawang Merah,Jawa Timur,34700.0
2024-12-04,Bawang Merah,Jawa Timur,34600.0
2024-12-05,Bawang Merah,Jawa Timur,33300.0
2024-12-06,Bawang Merah,Jawa Timur,34000.0
2024-12-07,Bawang Merah,Jawa Timur,34100.0
2024-12-08,Bawang Merah,Jawa Timur,35600.0
2024-12-09,Bawang Merah,Jawa Timur,36900.0
2024-12-10,Bawang Merah,Jawa Timur,36300.0
2024-12-11,Bawang Merah,Jawa Timur,34200.0
2024-12-12,Bawang Merah,Jawa Timur,34000.0
2024-12-13,Bawang Merah,Jawa Timur,34400.0
2024-12-14,Bawang Merah,Jawa Timur,36100.0
2024-12-15,Bawang Merah,Jawa Timur,34100.0
2024-12-16,Bawang Merah,Jawa Timur,33200.0
2024-12-17,Bawang Merah,Jawa Timur,34200.0
2024-12-18,Bawang Merah,Jawa Timur,35500.0
2024-12-19,Bawang Merah,Jawa Timur,35300.0
2024-12-20,Bawang Merah,Jawa Timur,33900.0
2024-12-21,Bawang Merah,Jawa Timur,34500.0
2024-12-22,Bawang Merah,Jawa Timur,31900.0
2024-12-23,Bawang Merah,Jawa Timur,34600.0
2024-12-24,Bawang Merah,Jawa Timur,35600.0
2024-12-25,Bawang Merah,Jawa Timur,34000.0
2024-12-26,Bawang Merah,Jawa Timur,33900.0
2024-12-27,Bawang Merah,Jawa Timur,32700.0
2024-12-28,Bawang Merah,Jawa Timur,36100.0
2024-12-29,Bawang Merah,Jawa Timur,33900.0
2024-12-30,Bawang Merah,Jawa Timur,34900.0
2024-12-31,Bawang Merah,Jawa Timur,35500.0
2025-01-01,Bawang Merah,Jawa Timur,36500.0
2025-01-02,Bawang Merah,Jawa Timur,34700.0
2025-01-03,Bawang Merah,Jawa Timur,33900.0
2025-01-04,Bawang Merah,Jawa Timur,34500.0
2025-01-05,Bawang Merah,Jawa Timur,35600.0
2025-01-06,Bawang Merah,Jawa Timur,34400.0
2025-01-07,Bawang Merah,Jawa Timur,34000.0
2025-01-08,Bawang Merah,Jawa Timur,33600.0
2025-01-09,Bawang Merah,Jawa Timur,33700.0
2025-01-10,Bawang Merah,Jawa Timur,35400.0
2025-01-11,Bawang Merah,Jawa Timur,34000.0
2025-01-12,Bawang Merah,Jawa Timur,33700.0
2025-01-13,Bawang Merah,Jawa Timur,33800.0
2025-01-14,Bawang Merah,Jawa Timur,35100.0
2025-01-15,Bawang Merah,Jawa Timur,34900.0
2025-01-16,Bawang Merah,Jawa Timur,34800.0
2025-01-17,Bawang Merah,Jawa Timur,36000.0
2025-01-18,Bawang Merah,Jawa Timur,36200.0
2025-01-19,Bawang Merah,Jawa Timur,32600.0
2025-01-20,Bawang Merah,Jawa Timur,35000.0
2025-01-21,Bawang Merah,Jawa Timur,34300.0
2025-01-22,Bawang Merah,Jawa Timur,34900.0
2025-01-23,Bawang Merah,Jawa Timur,35500.0
2025-01-24,Bawang Merah,Jawa Timur,34600.0
2025-01-25,Bawang Merah,Jawa Timur,35000.0
2025-01-26,Bawang Merah,Jawa Timur,35500.0
2025-01-27,Bawang Merah,Jawa Timur,35900.0
2025-01-28,Bawang Merah,Jawa Timur,35400.0
2025-01-29,Bawang Merah,Jawa Timur,35600.0
2025-01-30,Bawang Merah,Jawa Timur,34400.0
2025-01-31,Bawang Merah,Jawa Timur,34800.0
2025-02-01,Bawang Merah,Jawa Timur,37500.0
2025-02-02,Bawang Merah,Jawa Timur,34800.0
2025-02-03,Bawang Merah,Jawa Timur,34700.0
2025-02-04,Bawang Merah,Jawa Timur,36400.0
2025-02-05,Bawang Merah,Jawa Timur,36100.0
2025-02-06,Bawang Merah,Jawa Timur,35700.0
2025-02-07,Bawang Merah,Jawa Timur,37100.0
2025-02-08,Bawang Merah,Jawa Timur,35900.0
2025-02-09,Bawang Merah,Jawa Timur,34800.0
2025-02-10,Bawang Merah,Jawa Timur,35400.0
2025-02-11,Bawang Merah,Jawa Timur,35600.0
2025-02-12,Bawang Merah,Jawa Timur,37100.0
2025-02-13,Bawang Merah,Jawa Timur,35700.0
2025-02-14,Bawang Merah,Jawa Timur,33900.0
2025-02-15,Bawang Merah,Jawa Timur,35400.0
2025-02-16,Bawang Merah,Jawa Timur,33900.0
2025-02-17,Bawang Merah,Jawa Timur,38400.0
2025-02-18,Bawang Merah,Jawa Timur,35400.0
2025-02-19,Bawang Merah,Jawa Timur,36400.0
2025-02-20,Bawang Merah,Jawa Timur,36700.0
2025-02-21,Bawang Merah,Jawa Timur,35900.0
2025-02-22,Bawang Merah,Jawa Timur,35800.0
2025-02-23,Bawang Merah,Jawa Timur,36400.0
2025-02-24,Bawang Merah,Jawa Timur,37600.0
2025-02-25,Bawang Merah,Jawa Timur,37300.0
2025-02-26,Bawang Merah,Jawa Timur,37900.0
2025-02-27,Bawang Merah,Jawa Timur,35000.0
2025-02-28,Bawang Merah,Jawa Timur,36200.0
2025-03-01,Bawang Merah,Jawa Timur,35700.0
2025-03-02,Bawang Merah,Jawa Timur,36000.0
2025-03-03,Bawang Merah,Jawa Timur,37400.0
2025-03-04,Bawang Merah,Jawa Timur,36300.0
2025-03-05,Bawang Merah,Jawa Timur,36100.0
2025-03-06,Bawang Merah,Jawa Timur,37100.0
2025-03-07,Bawang Merah,Jawa Timur,34400.0
2025-03-08,Bawang Merah,Jawa Timur,35800.0
2025-03-09,Bawang Merah,Jawa Timur,36100.0
2025-03-10,Bawang Merah,Jawa Timur,35600.0
2025-03-11,Bawang Merah,Jawa Timur,38000.0
2025-03-12,Bawang Merah,Jawa Timur,35800.0
2025-03-13,Bawang Merah,Jawa Timur,36600.0
2025-03-14,Bawang Merah,Jawa Timur,36600.0
2025-03-15,Bawang Merah,Jawa Timur,37600.0
2025-03-16,Bawang Merah,Jawa Timur,36200.0
2025-03-17,Bawang Merah,Jawa Timur,37500.0
2025-03-18,Bawang Merah,Jawa Timur,38000.0
2025-03-19,Bawang Merah,Jawa Timur,37900.0
2025-03-20,Bawang Merah,Jawa Timur,36500.0
2025-03-21,Bawang Merah,Jawa Timur,36400.0
2025-03-22,Bawang Merah,Jawa Timur,38300.0
2025-03-23,Bawang Merah,Jawa Timur,38000.0
2025-03-24,Bawang Merah,Jawa Timur,40300.0
2025-03-25,Bawang Merah,Jawa Timur,40900.0
2025-03-26,Bawang Merah,Jawa Timur,40400.0
2025-03-27,Bawang Merah,Jawa Timur,39600.0
2025-03-28,Bawang Merah,Jawa Timur,41600.0
2025-03-29,Bawang Merah,Jawa Timur,40300.0
2025-03-30,Bawang Merah,Jawa Timur,41100.0
2025-03-31,Bawang Merah,Jawa Timur,41600.0
2025-04-01,Bawang Merah,Jawa Timur,37200.0
2025-04-02,Bawang Merah,Jawa Timur,38900.0
2025-04-03,Bawang Merah,Jawa Timur,37400.0
2025-04-04,Bawang Merah,Jawa Timur,36500.0
2025-04-05,Bawang Merah,Jawa Timur,34900.0
2025-04-06,Bawang Merah,Jawa Timur,37300.0
2025-04-07,Bawang Merah,Jawa Timur,36100.0
2025-04-08,Bawang Merah,Jawa Timur,37200.0
2025-04-09,Bawang Merah,Jawa Timur,36800.0
2025-04-10,Bawang Merah,Jawa Timur,37800.0
2025-04-11,Bawang Merah,Jawa Timur,36800.0
2025-04-12,Bawang Merah,Jawa Timur,36600.0
2025-04-13,Bawang Merah,Jawa Timur,37200.0
2025-04-14,Bawang Merah,Jawa Timur,39100.0
2025-04-15,Bawang Merah,Jawa Timur,38200.0
2025-04-16,Bawang Merah,Jawa Timur,37200.0
2025-04-17,Bawang Merah,Jawa Timur,37000.0
2025-04-18,Bawang Merah,Jawa Timur,36200.0
2025-04-19,Bawang Merah,Jawa Timur,35300.0
2025-04-20,Bawang Merah,Jawa Timur,35900.0
2025-04-21,Bawang Merah,Jawa Timur,36100.0
2025-04-22,Bawang Merah,Jawa Timur,38100.0
2025-04-23,Bawang Merah,Jawa Timur,36300.0
2025-04-24,Bawang Merah,Jawa Timur,38800.0
2025-04-25,Bawang Merah,Jawa Timur,38100.0
2025-04-26,Bawang Merah,Jawa Timur,37300.0
2025-04-27,Bawang Merah,Jawa Timur,37400.0
2025-04-28,Bawang Merah,Jawa Timur,37200.0
2025-04-29,Bawang Merah,Jawa Timur,38200.0
2025-04-30,Bawang Merah,Jawa Timur,39300.0
2025-05-01,Bawang Merah,Jawa Timur,37000.0
2025-05-02,Bawang Merah,Jawa Timur,35700.0
2025-05-03,Bawang Merah,Jawa Timur,37400.0
2025-05-04,Bawang Merah,Jawa Timur,37100.0
2025-05-05,Bawang Merah,Jawa Timur,35700.0
2025-05-06,Bawang Merah,Jawa Timur,36600.0
2025-05-07,Bawang Merah,Jawa Timur,36500.0
2025-05-08,Bawang Merah,Jawa Timur,36600.0
2025-05-09,Bawang Merah,Jawa Timur,36600.0
2025-05-10,Bawang Merah,Jawa Timur,36600.0
2025-05-11,Bawang Merah,Jawa Timur,36500.0
2025-05-12,Bawang Merah,Jawa Timur,36700.0
2025-05-13,Bawang Merah,Jawa Timur,37700.0
2025-05-14,Bawang Merah,Jawa Timur,38200.0
2025-05-15,Bawang Merah,Jawa Timur,37400.0
2025-05-16,Bawang Merah,Jawa Timur,38700.0
2025-05-17,Bawang Merah,Jawa Timur,37600.0
2025-05-18,Bawang Merah,Jawa Timur,35300.0
2025-05-19,Bawang Merah,Jawa Timur,37600.0
2025-05-20,Bawang Merah,Jawa Timur,37800.0
2025-05-21,Bawang Merah,Jawa Timur,36800.0
2025-05-22,Bawang Merah,Jawa Timur,35500.0
2025-05-23,Bawang Merah,Jawa Timur,36800.0
2025-05-24,Bawang Merah,Jawa Timur,37000.0
2025-05-25,Bawang Merah,Jawa Timur,36000.0
2025-05-26,Bawang Merah,Jawa Timur,36200.0
2025-05-27,Bawang Merah,Jawa Timur,38200.0
2025-05-28,Bawang Merah,Jawa Timur,38400.0
2025-05-29,Bawang Merah,Jawa Timur,38400.0
2025-05-30,Bawang Merah,Jawa Timur,38600.0
2025-05-31,Bawang Merah,Jawa Timur,37600.0
2025-06-01,Bawang Merah,Jawa Timur,38500.0
2025-06-02,Bawang Merah,Jawa Timur,40100.0
2025-06-03,Bawang Merah,Jawa Timur,39700.0
2025-06-04,Bawang Merah,Jawa Timur,38700.0
2025-06-05,Bawang Merah,Jawa Timur,40000.0
2025-06-06,Bawang Merah,Jawa Timur,39300.0
2025-06-07,Bawang Merah,Jawa Timur,35200.0
2025-06-08,Bawang Merah,Jawa Timur,35500.0
2025-06-09,Bawang Merah,Jawa Timur,33800.0
2025-06-10,Bawang Merah,Jawa Timur,36300.0
2025-06-11,Bawang Merah,Jawa Timur,34200.0
2025-06-12,Bawang Merah,Jawa Timur,36800.0
2025-06-13,Bawang Merah,Jawa Timur,34600.0
2025-06-14,Bawang Merah,Jawa Timur,32700.0
2025-06-15,Bawang Merah,Jawa Timur,33100.0
2025-06-16,Bawang Merah,Jawa Timur,35000.0
2025-06-17,Bawang Merah,Jawa Timur,34500.0
2025-06-18,Bawang Merah,Jawa Timur,34800.0
2025-06-19,Bawang Merah,Jawa Timur,36400.0
2025-06-20,Bawang Merah,Jawa Timur,33500.0
2025-06-21,Bawang Merah,Jawa Timur,34100.0
2025-06-22,Bawang Merah,Jawa Timur,35500.0
2025-06-23,Bawang Merah,Jawa Timur,34700.0
2025-06-24,Bawang Merah,Jawa Timur,32700.0
2025-06-25,Bawang Merah,Jawa Timur,35200.0
2025-06-26,Bawang Merah,Jawa Timur,33200.0
2025-06-27,Bawang Merah,Jawa Timur,35500.0
2025-06-28,Bawang Merah,Jawa Timur,33000.0
2025-06-29,Bawang Merah,Jawa Timur,37000.0
2025-06-30,Bawang Merah,Jawa Timur,35900.0
2025-07-01,Bawang Merah,Jawa Timur,33800.0
2025-07-02,Bawang Merah,Jawa Timur,34600.0
2025-07-03,Bawang Merah,Jawa Timur,35200.0
2025-07-04,Bawang Merah,Jawa Timur,35100.0
2025-07-05,Bawang Merah,Jawa Timur,34700.0
2025-07-06,Bawang Merah,Jawa Timur,35700.0
2025-07-07,Bawang Merah,Jawa Timur,34600.0
2025-07-08,Bawang Merah,Jawa Timur,34700.0
2025-07-09,Bawang Merah,Jawa Timur,34900.0
2025-07-10,Bawang Merah,Jawa Timur,35900.0
2025-07-11,Bawang Merah,Jawa Timur,34800.0
2025-07-12,Bawang Merah,Jawa Timur,34600.0
2025-07-13,Bawang Merah,Jawa Timur,35000.0
2025-07-14,Bawang Merah,Jawa Timur,32200.0
2025-07-15,Bawang Merah,Jawa Timur,34700.0
2025-07-16,Bawang Merah,Jawa Timur,35000.0
2025-07-17,Bawang Merah,Jawa Timur,36300.0
2025-07-18,Bawang Merah,Jawa Timur,32700.0
2025-07-19,Bawang Merah,Jawa Timur,35500.0
2025-07-20,Bawang Merah,Jawa Timur,33800.0
2025-07-21,Bawang Merah,Jawa Timur,34300.0
2025-07-22,Bawang Merah,Jawa Timur,36000.0
2025-07-23,Bawang Merah,Jawa Timur,34900.0
2025-07-24,Bawang Merah,Jawa Timur,34600.0
2025-07-25,Bawang Merah,Jawa Timur,34200.0
2025-07-26,Bawang Merah,Jawa Timur,33200.0
2025-07-27,Bawang Merah,Jawa Timur,33900.0
2025-07-28,Bawang Merah,Jawa Timur,33300.0
2025-07-29,Bawang Merah,Jawa Timur,34400.0
2025-07-30,Bawang Merah,Jawa Timur,32100.0
2025-07-31,Bawang Merah,Jawa Timur,34500.0
2025-08-01,Bawang Merah,Jawa Timur,33500.0
2025-08-02,Bawang Merah,Jawa Timur,32900.0
2025-08-03,Bawang Merah,Jawa Timur,33600.0
2025-08-04,Bawang Merah,Jawa Timur,32200.0
2025-08-05,Bawang Merah,Jawa Timur,35500.0
2025-08-06,Bawang Merah,Jawa Timur,33500.0
2025-08-07,Bawang Merah,Jawa Timur,33200.0
2025-08-08,Bawang Merah,Jawa Timur,31900.0
2025-08-09,Bawang Merah,Jawa Timur,32900.0
2025-08-10,Bawang Merah,Jawa Timur,34300.0
2025-08-11,Bawang Merah,Jawa Timur,34200.0
2025-08-12,Bawang Merah,Jawa Timur,34200.0
2025-08-13,Bawang Merah,Jawa Timur,33700.0
2025-08-14,Bawang Merah,Jawa Timur,32400.0
2025-08-15,Bawang Merah,Jawa Timur,31100.0
2025-08-16,Bawang Merah,Jawa Timur,32100.0
2025-08-17,Bawang Merah,Jawa Timur,32100.0
2025-08-18,Bawang Merah,Jawa Timur,33400.0
2025-08-19,Bawang Merah,Jawa Timur,32700.0
2025-08-20,Bawang Merah,Jawa Timur,34100.0
2025-08-21,Bawang Merah,Jawa Timur,33600.0
2025-08-22,Bawang Merah,Jawa Timur,31800.0
2025-08-23,Bawang Merah,Jawa Timur,30500.0
2025-08-24,Bawang Merah,Jawa Timur,33700.0
2025-08-25,Bawang Merah,Jawa Timur,33900.0
2025-08-26,Bawang Merah,Jawa Timur,31400.0
2025-08-27,Bawang Merah,Jawa Timur,34600.0
2025-08-28,Bawang Merah,Jawa Timur,33400.0
2025-08-29,Bawang Merah,Jawa Timur,32900.0
2025-08-30,Bawang Merah,Jawa Timur,34200.0
2025-08-31,Bawang Merah,Jawa Timur,34100.0
2025-09-01,Bawang Merah,Jawa Timur,33800.0
2025-09-02,Bawang Merah,Jawa Timur,34100.0
2025-09-03,Bawang Merah,Jawa Timur,34000.0
2025-09-04,Bawang Merah,Jawa Timur,32800.0
2025-09-05,Bawang Merah,Jawa Timur,32800.0
2025-09-06,Bawang Merah,Jawa Timur,32000.0
2025-09-07,Bawang Merah,Jawa Timur,32800.0
2025-09-08,Bawang Merah,Jawa Timur,33000.0
2025-09-09,Bawang Merah,Jawa Timur,33200.0
2025-09-10,Bawang Merah,Jawa Timur,34200.0
2025-09-11,Bawang Merah,Jawa Timur,33600.0
2025-09-12,Bawang Merah,Jawa Timur,34400.0
2025-09-13,Bawang Merah,Jawa Timur,32100.0
2025-09-14,Bawang Merah,Jawa Timur,33600.0
2025-09-15,Bawang Merah,Jawa Timur,34200.0
2025-09-16,Bawang Merah,Jawa Timur,34000.0
2025-09-17,Bawang Merah,Jawa Timur,34200.0
2025-09-18,Bawang Merah,Jawa Timur,32800.0
2025-09-19,Bawang Merah,Jawa Timur,34400.0
2025-09-20,Bawang Merah,Jawa Timur,34300.0
2025-09-21,Bawang Merah,Jawa Timur,34200.0
2025-09-22,Bawang Merah,Jawa Timur,35000.0
2025-09-23,Bawang Merah,Jawa Timur,34500.0
2025-09-24,Bawang Merah,Jawa Timur,34900.0
2025-09-25,Bawang Merah,Jawa Timur,34600.0
2025-09-26,Bawang Merah,Jawa Timur,34900.0
2025-09-27,Bawang Merah,Jawa Timur,32700.0
2025-09-28,Bawang Merah,Jawa Timur,33300.0
2025-09-29,Bawang Merah,Jawa Timur,36100.0
2025-09-30,Bawang Merah,Jawa Timur,32600.0
2025-10-01,Bawang Merah,Jawa Timur,34900.0
2025-10-02,Bawang Merah,Jawa Timur,36300.0
2025-10-03,Bawang Merah,Jawa Timur,34600.0
2025-10-04,Bawang Merah,Jawa Timur,34000.0
2025-10-05,Bawang Merah,Jawa Timur,34700.0
2025-10-06,Bawang Merah,Jawa Timur,34500.0
2025-10-07,Bawang Merah,Jawa Timur,35300.0
2025-10-08,Bawang Merah,Jawa Timur,34500.0
2025-10-09,Bawang Merah,Jawa Timur,36200.0
2025-10-10,Bawang Merah,Jawa Timur,36100.0
2025-10-11,Bawang Merah,Jawa Timur,34200.0
2025-10-12,Bawang Merah,Jawa Timur,32900.0
2025-10-13,Bawang Merah,Jawa Timur,33900.0
2025-10-14,Bawang Merah,Jawa Timur,34600.0
2025-10-15,Bawang Merah,Jawa Timur,35500.0
2025-10-16,Bawang Merah,Jawa Timur,33600.0
2025-10-17,Bawang Merah,Jawa Timur,33600.0
2025-10-18,Bawang Merah,Jawa Timur,34500.0
2025-10-19,Bawang Merah,Jawa Timur,35100.0
2025-10-20,Bawang Merah,Jawa Timur,33700.0
2025-10-21,Bawang Merah,Jawa Timur,33200.0
2025-10-22,Bawang Merah,Jawa Timur,38000.0
2025-10-23,Bawang Merah,Jawa Timur,35200.0
2025-10-24,Bawang Merah,Jawa Timur,33800.0
2025-10-25,Bawang Merah,Jawa Timur,34500.0
2025-10-26,Bawang Merah,Jawa Timur,33700.0
2025-10-27,Bawang Merah,Jawa Timur,35100.0
2025-10-28,Bawang Merah,Jawa Timur,34600.0
2025-10-29,Bawang Merah,Jawa Timur,34400.0
2025-10-30,Bawang Merah,Jawa Timur,34200.0
2025-10-31,Bawang Merah,Jawa Timur,32500.0
2025-11-01,Bawang Merah,Jawa Timur,35700.0
2025-11-02,Bawang Merah,Jawa Timur,33200.0
2025-11-03,Bawang Merah,Jawa Timur,32900.0
2025-11-04,Bawang Merah,Jawa Timur,34500.0
2025-11-05,Bawang Merah,Jawa Timur,33900.0
2025-11-06,Bawang Merah,Jawa Timur,34700.0
2025-11-07,Bawang Merah,Jawa Timur,35200.0
2025-11-08,Bawang Merah,Jawa Timur,35300.0
2025-11-09,Bawang Merah,Jawa Timur,35300.0
2025-11-10,Bawang Merah,Jawa Timur,34400.0
2025-11-11,Bawang Merah,Jawa Timur,35300.0
2025-11-12,Bawang Merah,Jawa Timur,35600.0
2025-11-13,Bawang Merah,Jawa Timur,33300.0
2025-11-14,Bawang Merah,Jawa Timur,35500.0
2025-11-15,Bawang Merah,Jawa Timur,33400.0
2025-11-16,Bawang Merah,Jawa Timur,37100.0
2025-11-17,Bawang Merah,Jawa Timur,35000.0
2025-11-18,Bawang Merah,Jawa Timur,35200.0
2025-11-19,Bawang Merah,Jawa Timur,34700.0
2025-11-20,Bawang Merah,Jawa Timur,34500.0
2025-11-21,Bawang Merah,Jawa Timur,37100.0
2025-11-22,Bawang Merah,Jawa Timur,35400.0
2025-11-23,Bawang Merah,Jawa Timur,32900.0
2025-11-24,Bawang Merah,Jawa Timur,36200.0
2025-11-25,Bawang Merah,Jawa Timur,35900.0
2025-11-26,Bawang Merah,Jawa Timur,34500.0
2025-11-27,Bawang Merah,Jawa Timur,35300.0
2025-11-28,Bawang Merah,Jawa Timur,34800.0
2025-11-29,Bawang Merah,Jawa Timur,36600.0
2025-11-30,Bawang Merah,Jawa Timur,33800.0
2025-12-01,Bawang Merah,Jawa Timur,35000.0
2025-12-02,Bawang Merah,Jawa Timur,34800.0
2025-12-03,Bawang Merah,Jawa Timur,33800.0
2025-12-04,Bawang Merah,Jawa Timur,37300.0
2025-12-05,Bawang Merah,Jawa Timur,33700.0
2025-12-06,Bawang Merah,Jawa Timur,34800.0
2025-12-07,Bawang Merah,Jawa Timur,33000.0
2025-12-08,Bawang Merah,Jawa Timur,34600.0
2025-12-09,Bawang Merah,Jawa Timur,36100.0
2025-12-10,Bawang Merah,Jawa Timur,34900.0
2025-12-11,Bawang Merah,Jawa Timur,36200.0
2025-12-12,Bawang Merah,Jawa Timur,34900.0
2025-12-13,Bawang Merah,Jawa Timur,36300.0
2025-12-14,Bawang Merah,Jawa Timur,36400.0
2025-12-15,Bawang Merah,Jawa Timur,34600.0
2025-12-16,Bawang Merah,Jawa Timur,35300.0
2025-12-17,Bawang Merah,Jawa Timur,35400.0
2025-12-18,Bawang Merah,Jawa Timur,35700.0
2025-12-19,Bawang Merah,Jawa Timur,34800.0
2025-12-20,Bawang Merah,Jawa Timur,34600.0
2025-12-21,Bawang Merah,Jawa Timur,34200.0
2025-12-22,Bawang Merah,Jawa Timur,34900.0
2025-12-23,Bawang Merah,Jawa Timur,36500.0
2025-12-24,Bawang Merah,Jawa Timur,35800.0
2025-12-25,Bawang Merah,Jawa Timur,35600.0
2025-12-26,Bawang Merah,Jawa Timur,35300.0
2025-12-27,Bawang Merah,Jawa Timur,34100.0
2025-12-28,Bawang Merah,Jawa Timur,34700.0
2025-12-29,Bawang Merah,Jawa Timur,33900.0
2025-12-30,Bawang Merah,Jawa Timur,36600.0
2025-12-31,Bawang Merah,Jawa Timur,32300.0
2026-01-01,Bawang Merah,Jawa Timur,35000.0
2026-01-02,Bawang Merah,Jawa Timur,35900.0
2026-01-03,Bawang Merah,Jawa Timur,33300.0
2026-01-04,Bawang Merah,Jawa Timur,34900.0
2026-01-05,Bawang Merah,Jawa Timur,34000.0
2026-01-06,Bawang Merah,Jawa Timur,34700.0
2026-01-07,Bawang Merah,Jawa Timur,36200.0
2026-01-08,Bawang Merah,Jawa Timur,35100.0
2026-01-09,Bawang Merah,Jawa Timur,32500.0
2026-01-10,Bawang Merah,Jawa Timur,33600.0
2026-01-11,Bawang Merah,Jawa Timur,35800.0
2026-01-12,Bawang Merah,Jawa Timur,35400.0
2026-01-13,Bawang Merah,Jawa Timur,37200.0
2026-01-14,Bawang Merah,Jawa Timur,37100.0
2026-01-15,Bawang Merah,Jawa Timur,34900.0
2026-01-16,Bawang Merah,Jawa Timur,37900.0
2026-01-17,Bawang Merah,Jawa Timur,34700.0
2026-01-18,Bawang Merah,Jawa Timur,33700.0
2026-01-19,Bawang Merah,Jawa Timur,34100.0
2026-01-20,Bawang Merah,Jawa Timur,33000.0
2026-01-21,Bawang Merah,Jawa Timur,37200.0
2026-01-22,Bawang Merah,Jawa Timur,37100.0
2026-01-23,Bawang Merah,Jawa Timur,34000.0
2026-01-24,Bawang Merah,Jawa Timur,34600.0
2026-01-25,Bawang Merah,Jawa Timur,34900.0
2026-01-26,Bawang Merah,Jawa Timur,34300.0
2026-01-27,Bawang Merah,Jawa Timur,33800.0
2026-01-28,Bawang Merah,Jawa Timur,35900.0
2026-01-29,Bawang Merah,Jawa Timur,35600.0
2026-01-30,Bawang Merah,Jawa Timur,35300.0
2026-01-31,Bawang Merah,Jawa Timur,35700.0
2026-02-01,Bawang Merah,Jawa Timur,37100.0
2026-02-02,Bawang Merah,Jawa Timur,35400.0
2026-02-03,Bawang Merah,Jawa Timur,36200.0
2026-02-04,Bawang Merah,Jawa Timur,36800.0
2026-02-05,Bawang Merah,Jawa Timur,36500.0
2026-02-06,Bawang Merah,Jawa Timur,34900.0
2026-02-07,Bawang Merah,Jawa Timur,35600.0
2026-02-08,Bawang Merah,Jawa Timur,36400.0
2026-02-09,Bawang Merah,Jawa Timur,34900.0
2026-02-10,Bawang Merah,Jawa Timur,37900.0
2026-02-11,Bawang Merah,Jawa Timur,38500.0
2026-02-12,Bawang Merah,Jawa Timur,36100.0
2026-02-13,Bawang Merah,Jawa Timur,37000.0
2026-02-14,Bawang Merah,Jawa Timur,37300.0
2026-02-15,Bawang Merah,Jawa Timur,36100.0
2026-02-16,Bawang Merah,Jawa Timur,37300.0
2026-02-17,Bawang Merah,Jawa Timur,37300.0
2026-02-18,Bawang Merah,Jawa Timur,35700.0
2026-02-19,Bawang Merah,Jawa Timur,37600.0
2026-02-20,Bawang Merah,Jawa Timur,35700.0
2026-02-21,Bawang Merah,Jawa Timur,37600.0
2026-02-22,Bawang Merah,Jawa Timur,36200.0
2026-02-23,Bawang Merah,Jawa Timur,37200.0
2026-02-24,Bawang Merah,Jawa Timur,39200.0
2026-02-25,Bawang Merah,Jawa Timur,38300.0
2026-02-26,Bawang Merah,Jawa Timur,36400.0
2026-02-27,Bawang Merah,Jawa Timur,36400.0
2026-02-28,Bawang Merah,Jawa Timur,36700.0
2026-03-01,Bawang Merah,Jawa Timur,37900.0
2026-03-02,Bawang Merah,Jawa Timur,38100.0
2026-03-03,Bawang Merah,Jawa Timur,37400.0
2026-03-04,Bawang Merah,Jawa Timur,37000.0
2026-03-05,Bawang Merah,Jawa Timur,38400.0
2026-03-06,Bawang Merah,Jawa Timur,37800.0
2026-03-07,Bawang Merah,Jawa Timur,40600.0
2026-03-08,Bawang Merah,Jawa Timur,38900.0
2026-03-09,Bawang Merah,Jawa Timur,41500.0
2026-03-10,Bawang Merah,Jawa Timur,38800.0
2026-03-11,Bawang Merah,Jawa Timur,39100.0
2026-03-12,Bawang Merah,Jawa Timur,39700.0
2026-03-13,Bawang Merah,Jawa Timur,42300.0
2026-03-14,Bawang Merah,Jawa Timur,43100.0
2026-03-15,Bawang Merah,Jawa Timur,40600.0
2026-03-16,Bawang Merah,Jawa Timur,41700.0
2026-03-17,Bawang Merah,Jawa Timur,41600.0
2026-03-18,Bawang Merah,Jawa Timur,41400.0
2026-03-19,Bawang Merah,Jawa Timur,44600.0
2026-03-20,Bawang Merah,Jawa Timur,44300.0
2026-03-21,Bawang Merah,Jawa Timur,38200.0
2026-03-22,Bawang Merah,Jawa Timur,36700.0
2026-03-23,Bawang Merah,Jawa Timur,40500.0
2026-03-24,Bawang Merah,Jawa Timur,38600.0
2026-03-25,Bawang Merah,Jawa Timur,40000.0
2026-03-26,Bawang Merah,Jawa Timur,37600.0
2026-03-27,Bawang Merah,Jawa Timur,38700.0
2026-03-28,Bawang Merah,Jawa Timur,39200.0
2026-03-29,Bawang Merah,Jawa Timur,39100.0
2026-03-30,Bawang Merah,Jawa Timur,39300.0
2026-03-31,Bawang Merah,Jawa Timur,40200.0
2026-04-01,Bawang Merah,Jawa Timur,38400.0
2026-04-02,Bawang Merah,Jawa Timur,39700.0
2026-04-03,Bawang Merah,Jawa Timur,39200.0
2026-04-04,Bawang Merah,Jawa Timur,38800.0
2026-04-05,Bawang Merah,Jawa Timur,38700.0
2026-04-06,Bawang Merah,Jawa Timur,37500.0
2026-04-07,Bawang Merah,Jawa Timur,37700.0
2026-04-08,Bawang Merah,Jawa Timur,36500.0
2026-04-09,Bawang Merah,Jawa Timur,39600.0
2026-04-10,Bawang Merah,Jawa Timur,39400.0
2026-04-11,Bawang Merah,Jawa Timur,39500.0
2026-04-12,Bawang Merah,Jawa Timur,39100.0
2026-04-13,Bawang Merah,Jawa Timur,36500.0
2026-04-14,Bawang Merah,Jawa Timur,38200.0
2026-04-15,Bawang Merah,Jawa Timur,39500.0
2026-04-16,Bawang Merah,Jawa Timur,39100.0
2026-04-17,Bawang Merah,Jawa Timur,38300.0
2026-04-18,Bawang Merah,Jawa Timur,38800.0
2026-04-19,Bawang Merah,Jawa Timur,38600.0
2026-04-20,Bawang Merah,Jawa Timur,39000.0
2026-04-21,Bawang Merah,Jawa Timur,38500.0
2026-04-22,Bawang Merah,Jawa Timur,40400.0
2026-04-23,Bawang Merah,Jawa Timur,38700.0
2026-04-24,Bawang Merah,Jawa Timur,37500.0
2026-04-25,Bawang Merah,Jawa Timur,37700.0
2026-04-26,Bawang Merah,Jawa Timur,38200.0
2026-04-27,Bawang Merah,Jawa Timur,39900.0
2026-04-28,Bawang Merah,Jawa Timur,39000.0
2026-04-29,Bawang Merah,Jawa Timur,38800.0
2026-04-30,Bawang Merah,Jawa Timur,37400.0
2026-05-01,Bawang Merah,Jawa Timur,39200.0
2026-05-02,Bawang Merah,Jawa Timur,37200.0
2026-05-03,Bawang Merah,Jawa Timur,37500.0
2026-05-04,Bawang Merah,Jawa Timur,39500.0
2026-05-05,Bawang Merah,Jawa Timur,38700.0
2026-05-06,Bawang Merah,Jawa Timur,36200.0
2026-05-07,Bawang Merah,Jawa Timur,36000.0
2026-05-08,Bawang Merah,Jawa Timur,37500.0
2026-05-09,Bawang Merah,Jawa Timur,36200.0
2026-05-10,Bawang Merah,Jawa Timur,38500.0
2026-05-11,Bawang Merah,Jawa Timur,37800.0
2026-05-12,Bawang Merah,Jawa Timur,38300.0
2026-05-13,Bawang Merah,Jawa Timur,37300.0
2026-05-14,Bawang Merah,Jawa Timur,39300.0
2026-05-15,Bawang Merah,Jawa Timur,40000.0
2026-05-16,Bawang Merah,Jawa Timur,36400.0
2026-05-17,Bawang Merah,Jawa Timur,37500.0
2026-05-18,Bawang Merah,Jawa Timur,37600.0
2026-05-19,Bawang Merah,Jawa Timur,37500.0
2026-05-20,Bawang Merah,Jawa Timur,36900.0
2026-05-21,Bawang Merah,Jawa Timur,36600.0
2026-05-22,Bawang Merah,Jawa Timur,36500.0
2026-05-23,Bawang Merah,Jawa Timur,37900.0
2026-05-24,Bawang Merah,Jawa Timur,36700.0
2026-05-25,Bawang Merah,Jawa Timur,34300.0
2026-05-26,Bawang Merah,Jawa Timur,38100.0
2026-05-27,Bawang Merah,Jawa Timur,37600.0
2026-05-28,Bawang Merah,Jawa Timur,38900.0
2026-05-29,Bawang Merah,Jawa Timur,37300.0
2026-05-30,Bawang Merah,Jawa Timur,34900.0
2026-05-31,Bawang Merah,Jawa Timur,34100.0
2026-06-01,Bawang Merah,Jawa Timur,36000.0
2026-06-02,Bawang Merah,Jawa Timur,36300.0
2026-06-03,Bawang Merah,Jawa Timur,37900.0
2026-06-04,Bawang Merah,Jawa Timur,36500.0
2026-06-05,Bawang Merah,Jawa Timur,37600.0
2026-06-06,Bawang Merah,Jawa Timur,34700.0
2026-06-07,Bawang Merah,Jawa Timur,37300.0
2026-06-08,Bawang Merah,Jawa Timur,37200.0
2026-06-09,Bawang Merah,Jawa Timur,34000.0
2026-06-10,Bawang Merah,Jawa Timur,37600.0
2026-06-11,Bawang Merah,Jawa Timur,35900.0
2026-06-12,Bawang Merah,Jawa Timur,36000.0
2026-06-13,Bawang Merah,Jawa Timur,34900.0
2026-06-14,Bawang Merah,Jawa Timur,37300.0
2026-06-15,Bawang Merah,Jawa Timur,35300.0
2026-06-16,Bawang Merah,Jawa Timur,37800.0
2026-06-17,Bawang Merah,Jawa Timur,37700.0
2026-06-18,Bawang Merah,Jawa Timur,35600.0
2026-06-19,Bawang Merah,Jawa Timur,38700.0
2026-06-20,Bawang Merah,Jawa Timur,36800.0
2026-06-21,Bawang Merah,Jawa Timur,37200.0
2026-06-22,Bawang Merah,Jawa Timur,35200.0
2026-06-23,Bawang Merah,Jawa Timur,39200.0
2026-06-24,Bawang Merah,Jawa Timur,35700.0
2026-06-25,Bawang Merah,Jawa Timur,38100.0
2026-06-26,Bawang Merah,Jawa Timur,35600.0
2026-06-27,Bawang Merah,Jawa Timur,35700.0
2026-06-28,Bawang Merah,Jawa Timur,37300.0
2026-06-29,Bawang Merah,Jawa Timur,37800.0
2026-06-30,Bawang Merah,Jawa Timur,35600.0
2026-07-01,Bawang Merah,Jawa Timur,38200.0
2026-07-02,Bawang Merah,Jawa Timur,37900.0
2026-07-03,Bawang Merah,Jawa Timur,35600.0
2026-07-04,Bawang Merah,Jawa Timur,38100.0
2026-07-05,Bawang Merah,Jawa Timur,34800.0
2026-07-06,Bawang Merah,Jawa Timur,35800.0
2026-07-07,Bawang Merah,Jawa Timur,37200.0
2026-07-08,Bawang Merah,Jawa Timur,35900.0
2026-07-09,Bawang Merah,Jawa Timur,36900.0
2026-07-10,Bawang Merah,Jawa Timur,36400.0
2026-07-11,Bawang Merah,Jawa Timur,35700.0
2026-07-12,Bawang Merah,Jawa Timur,36800.0
2026-07-13,Bawang Merah,Jawa Timur,36100.0
2026-07-14,Bawang Merah,Jawa Timur,36800.0
2026-07-15,Bawang Merah,Jawa Timur,37800.0
2026-07-16,Bawang Merah,Jawa Timur,37200.0
2026-07-17,Bawang Merah,Jawa Timur,37100.0
2026-07-18,Bawang Merah,Jawa Timur,34700.0
2026-07-19,Bawang Merah,Jawa Timur,36600.0
2026-07-20,Bawang Merah,Jawa Timur,35300.0
2026-07-21,Bawang Merah,Jawa Timur,35200.0
2026-07-22,Bawang Merah,Jawa Timur,36400.0
2026-07-23,Bawang Merah,Jawa Timur,35300.0
2026-07-24,Bawang Merah,Jawa Timur,36900.0
2026-07-25,Bawang Merah,Jawa Timur,36600.0
2026-07-26,Bawang Merah,Jawa Timur,33600.0
2026-07-27,Bawang Merah,Jawa Timur,34800.0
2026-07-28,Bawang Merah,Jawa Timur,34200.0
2026-07-29,Bawang Merah,Jawa Timur,35400.0
2026-07-30,Bawang Merah,Jawa Timur,35900.0
2026-07-31,Bawang Merah,Jawa Timur,34800.0
2026-08-01,Bawang Merah,Jawa Timur,34300.0
2026-08-02,Bawang Merah,Jawa Timur,36300.0
2026-08-03,Bawang Merah,Jawa Timur,32800.0
2026-08-04,Bawang Merah,Jawa Timur,36800.0
2026-08-05,Bawang Merah,Jawa Timur,34900.0
2026-08-06,Bawang Merah,Jawa Timur,35200.0
2026-08-07,Bawang Merah,Jawa Timur,34300.0
2026-08-08,Bawang Merah,Jawa Timur,36600.0
2026-08-09,Bawang Merah,Jawa Timur,33900.0
2026-08-10,Bawang Merah,Jawa Timur,35700.0
2026-08-11,Bawang Merah,Jawa Timur,36500.0
2026-08-12,Bawang Merah,Jawa Timur,34200.0
2026-08-13,Bawang Merah,Jawa Timur,34600.0
2026-08-14,Bawang Merah,Jawa Timur,34900.0
2026-08-15,Bawang Merah,Jawa Timur,34200.0
2026-08-16,Bawang Merah,Jawa Timur,34200.0
2026-08-17,Bawang Merah,Jawa Timur,35200.0
2026-08-18,Bawang Merah,Jawa Timur,36400.0
2026-08-19,Bawang Merah,Jawa Timur,35200.0
2026-08-20,Bawang Merah,Jawa Timur,36400.0
2026-08-21,Bawang Merah,Jawa Timur,33900.0
2026-08-22,Bawang Merah,Jawa Timur,33600.0
2026-08-23,Bawang Merah,Jawa Timur,37000.0
2026-08-24,Bawang Merah,Jawa Timur,34500.0
2026-08-25,Bawang Merah,Jawa Timur,34100.0
2026-08-26,Bawang Merah,Jawa Timur,33600.0
2026-08-27,Bawang Merah,Jawa Timur,36200.0
2026-08-28,Bawang Merah,Jawa Timur,34300.0
2026-08-29,Bawang Merah,Jawa Timur,34300.0
2026-08-30,Bawang Merah,Jawa Timur,34200.0
2026-08-31,Bawang Merah,Jawa Timur,35900.0
2026-09-01,Bawang Merah,Jawa Timur,34800.0
2026-09-02,Bawang Merah,Jawa Timur,37400.0
2026-09-03,Bawang Merah,Jawa Timur,35000.0
2026-09-04,Bawang Merah,Jawa Timur,35800.0
2026-09-05,Bawang Merah,Jawa Timur,35500.0
2026-09-06,Bawang Merah,Jawa Timur,34800.0
2026-09-07,Bawang Merah,Jawa Timur,34600.0
2026-09-08,Bawang Merah,Jawa Timur,35600.0
2026-09-09,Bawang Merah,Jawa Timur,35700.0
2026-09-10,Bawang Merah,Jawa Timur,34300.0
2026-09-11,Bawang Merah,Jawa Timur,34900.0
2026-09-12,Bawang Merah,Jawa Timur,35700.0
2026-09-13,Bawang Merah,Jawa Timur,36800.0
2026-09-14,Bawang Merah,Jawa Timur,35900.0
2026-09-15,Bawang Merah,Jawa Timur,37000.0
2026-09-16,Bawang Merah,Jawa Timur,34400.0
2026-09-17,Bawang Merah,Jawa Timur,35800.0
2026-09-18,Bawang Merah,Jawa Timur,36000.0
2026-09-19,Bawang Merah,Jawa Timur,33600.0
2026-09-20,Bawang Merah,Jawa Timur,33900.0
2026-09-21,Bawang Merah,Jawa Timur,36400.0
2026-09-22,Bawang Merah,Jawa Timur,33900.0
2026-09-23,Bawang Merah,Jawa Timur,33500.0
2026-09-24,Bawang Merah,Jawa Timur,36100.0
2026-09-25,Bawang Merah,Jawa Timur,35500.0
2026-09-26,Bawang Merah,Jawa Timur,34400.0
2026-09-27,Bawang Merah,Jawa Timur,33800.0
2026-09-28,Bawang Merah,Jawa Timur,33600.0
2026-09-29,Bawang Merah,Jawa Timur,34600.0
2026-09-30,Bawang Merah,Jawa Timur,36100.0
2024-01-01,Bawang Merah,Sumatera Utara,38400.0
2024-01-02,Bawang Merah,Sumatera Utara,36300.0
2024-01-03,Bawang Merah,Sumatera Utara,39700.0
2024-01-04,Bawang Merah,Sumatera Utara,35900.0
2024-01-05,Bawang Merah,Sumatera Utara,38000.0
2024-01-06,Bawang Merah,Sumatera Utara,35900.0
2024-01-07,Bawang Merah,Sumatera Utara,35900.0
2024-01-08,Bawang Merah,Sumatera Utara,36500.0
2024-01-09,Bawang Merah,Sumatera Utara,37600.0
2024-01-10,Bawang Merah,Sumatera Utara,38300.0
2024-01-11,Bawang Merah,Sumatera Utara,38000.0
2024-01-12,Bawang Merah,Sumatera Utara,36000.0
2024-01-13,Bawang Merah,Sumatera Utara,35900.0
2024-01-14,Bawang Merah,Sumatera Utara,36400.0
2024-01-15,Bawang Merah,Sumatera Utara,37600.0
2024-01-16,Bawang Merah,Sumatera Utara,37700.0
2024-01-17,Bawang Merah,Sumatera Utara,36700.0
2024-01-18,Bawang Merah,Sumatera Utara,38100.0
2024-01-19,Bawang Merah,Sumatera Utara,39800.0
2024-01-20,Bawang Merah,Sumatera Utara,36500.0
2024-01-21,Bawang Merah,Sumatera Utara,36600.0
2024-01-22,Bawang Merah,Sumatera Utara,38000.0
2024-01-23,Bawang Merah,Sumatera Utara,37100.0
2024-01-24,Bawang Merah,Sumatera Utara,38600.0
2024-01-25,Bawang Merah,Sumatera Utara,36500.0
2024-01-26,Bawang Merah,Sumatera Utara,39100.0
2024-01-27,Bawang Merah,Sumatera Utara,36900.0
2024-01-28,Bawang Merah,Sumatera Utara,36000.0
2024-01-29,Bawang Merah,Sumatera Utara,36300.0
2024-01-30,Bawang Merah,Sumatera Utara,36400.0
2024-01-31,Bawang Merah,Sumatera Utara,38500.0
2024-02-01,Bawang Merah,Sumatera Utara,35200.0
2024-02-02,Bawang Merah,Sumatera Utara,35800.0
2024-02-03,Bawang Merah,Sumatera Utara,35800.0
2024-02-04,Bawang Merah,Sumatera Utara,36600.0
2024-02-05,Bawang Merah,Sumatera Utara,36800.0
2024-02-06,Bawang Merah,Sumatera Utara,35700.0
2024-02-07,Bawang Merah,Sumatera Utara,37100.0
2024-02-08,Bawang Merah,Sumatera Utara,37400.0
2024-02-09,Bawang Merah,Sumatera Utara,36300.0
2024-02-10,Bawang Merah,Sumatera Utara,37900.0
2024-02-11,Bawang Merah,Sumatera Utara,38000.0
2024-02-12,Bawang Merah,Sumatera Utara,37300.0
2024-02-13,Bawang Merah,Sumatera Utara,37800.0
2024-02-14,Bawang Merah,Sumatera Utara,35200.0
2024-02-15,Bawang Merah,Sumatera Utara,37300.0
2024-02-16,Bawang Merah,Sumatera Utara,38600.0
2024-02-17,Bawang Merah,Sumatera Utara,36800.0
2024-02-18,Bawang Merah,Sumatera Utara,36600.0
2024-02-19,Bawang Merah,Sumatera Utara,40300.0
2024-02-20,Bawang Merah,Sumatera Utara,40400.0
2024-02-21,Bawang Merah,Sumatera Utara,39000.0
2024-02-22,Bawang Merah,Sumatera Utara,39500.0
2024-02-23,Bawang Merah,Sumatera Utara,35300.0
2024-02-24,Bawang Merah,Sumatera Utara,36600.0
2024-02-25,Bawang Merah,Sumatera Utara,37000.0
2024-02-26,Bawang Merah,Sumatera Utara,37500.0
2024-02-27,Bawang Merah,Sumatera Utara,37400.0
2024-02-28,Bawang Merah,Sumatera Utara,35000.0
2024-02-29,Bawang Merah,Sumatera Utara,38600.0
2024-03-01,Bawang Merah,Sumatera Utara,38300.0
2024-03-02,Bawang Merah,Sumatera Utara,39300.0
2024-03-03,Bawang Merah,Sumatera Utara,36800.0
2024-03-04,Bawang Merah,Sumatera Utara,37100.0
2024-03-05,Bawang Merah,Sumatera Utara,35300.0
2024-03-06,Bawang Merah,Sumatera Utara,38100.0
2024-03-07,Bawang Merah,Sumatera Utara,39400.0
2024-03-08,Bawang Merah,Sumatera Utara,37300.0
2024-03-09,Bawang Merah,Sumatera Utara,40300.0
2024-03-10,Bawang Merah,Sumatera Utara,37400.0
2024-03-11,Bawang Merah,Sumatera Utara,38100.0
2024-03-12,Bawang Merah,Sumatera Utara,36400.0
2024-03-13,Bawang Merah,Sumatera Utara,38400.0
2024-03-14,Bawang Merah,Sumatera Utara,35500.0
2024-03-15,Bawang Merah,Sumatera Utara,38400.0
2024-03-16,Bawang Merah,Sumatera Utara,38500.0
2024-03-17,Bawang Merah,Sumatera Utara,39200.0
2024-03-18,Bawang Merah,Sumatera Utara,36900.0
2024-03-19,Bawang Merah,Sumatera Utara,38600.0
2024-03-20,Bawang Merah,Sumatera Utara,39400.0
2024-03-21,Bawang Merah,Sumatera Utara,39100.0
2024-03-22,Bawang Merah,Sumatera Utara,37100.0
2024-03-23,Bawang Merah,Sumatera Utara,34900.0
2024-03-24,Bawang Merah,Sumatera Utara,38200.0
2024-03-25,Bawang Merah,Sumatera Utara,37800.0
2024-03-26,Bawang Merah,Sumatera Utara,37500.0
2024-03-27,Bawang Merah,Sumatera Utara,39000.0
2024-03-28,Bawang Merah,Sumatera Utara,38200.0
2024-03-29,Bawang Merah,Sumatera Utara,37100.0
2024-03-30,Bawang Merah,Sumatera Utara,36500.0
2024-03-31,Bawang Merah,Sumatera Utara,38000.0
2024-04-01,Bawang Merah,Sumatera Utara,42900.0
2024-04-02,Bawang Merah,Sumatera Utara,41400.0
2024-04-03,Bawang Merah,Sumatera Utara,41400.0
2024-04-04,Bawang Merah,Sumatera Utara,41000.0
2024-04-05,Bawang Merah,Sumatera Utara,41000.0
2024-04-06,Bawang Merah,Sumatera Utara,42800.0
2024-04-07,Bawang Merah,Sumatera Utara,41500.0
2024-04-08,Bawang Merah,Sumatera Utara,43300.0
2024-04-09,Bawang Merah,Sumatera Utara,43100.0
2024-04-10,Bawang Merah,Sumatera Utara,46100.0
2024-04-11,Bawang Merah,Sumatera Utara,38500.0
2024-04-12,Bawang Merah,Sumatera Utara,38200.0
2024-04-13,Bawang Merah,Sumatera Utara,36200.0
2024-04-14,Bawang Merah,Sumatera Utara,38300.0
2024-04-15,Bawang Merah,Sumatera Utara,36800.0
2024-04-16,Bawang Merah,Sumatera Utara,37500.0
2024-04-17,Bawang Merah,Sumatera Utara,39200.0
2024-04-18,Bawang Merah,Sumatera Utara,36000.0
2024-04-19,Bawang Merah,Sumatera Utara,36800.0
2024-04-20,Bawang Merah,Sumatera Utara,36900.0
2024-04-21,Bawang Merah,Sumatera Utara,37300.0
2024-04-22,Bawang Merah,Sumatera Utara,36300.0
2024-04-23,Bawang Merah,Sumatera Utara,39600.0
2024-04-24,Bawang Merah,Sumatera Utara,36000.0
2024-04-25,Bawang Merah,Sumatera Utara,39100.0
2024-04-26,Bawang Merah,Sumatera Utara,38500.0
2024-04-27,Bawang Merah,Sumatera Utara,39100.0
2024-04-28,Bawang Merah,Sumatera Utara,35100.0
2024-04-29,Bawang Merah,Sumatera Utara,36400.0
2024-04-30,Bawang Merah,Sumatera Utara,39400.0
2024-05-01,Bawang Merah,Sumatera Utara,35200.0
2024-05-02,Bawang Merah,Sumatera Utara,35300.0
2024-05-03,Bawang Merah,Sumatera Utara,36100.0
2024-05-04,Bawang Merah,Sumatera Utara,36600.0
2024-05-05,Bawang Merah,Sumatera Utara,38200.0
2024-05-06,Bawang Merah,Sumatera Utara,36700.0
2024-05-07,Bawang Merah,Sumatera Utara,36500.0
2024-05-08,Bawang Merah,Sumatera Utara,37700.0
2024-05-09,Bawang Merah,Sumatera Utara,37700.0
2024-05-10,Bawang Merah,Sumatera Utara,37100.0
2024-05-11,Bawang Merah,Sumatera Utara,35900.0
2024-05-12,Bawang Merah,Sumatera Utara,33900.0
2024-05-13,Bawang Merah,Sumatera Utara,35500.0
2024-05-14,Bawang Merah,Sumatera Utara,38400.0
2024-05-15,Bawang Merah,Sumatera Utara,37000.0
2024-05-16,Bawang Merah,Sumatera Utara,36200.0
2024-05-17,Bawang Merah,Sumatera Utara,37600.0
2024-05-18,Bawang Merah,Sumatera Utara,35000.0
2024-05-19,Bawang Merah,Sumatera Utara,36300.0
2024-05-20,Bawang Merah,Sumatera Utara,37100.0
2024-05-21,Bawang Merah,Sumatera Utara,36800.0
2024-05-22,Bawang Merah,Sumatera Utara,37300.0
2024-05-23,Bawang Merah,Sumatera Utara,36900.0
2024-05-24,Bawang Merah,Sumatera Utara,35200.0
2024-05-25,Bawang Merah,Sumatera Utara,36900.0
2024-05-26,Bawang Merah,Sumatera Utara,35300.0
2024-05-27,Bawang Merah,Sumatera Utara,37300.0
2024-05-28,Bawang Merah,Sumatera Utara,39400.0
2024-05-29,Bawang Merah,Sumatera Utara,37500.0
2024-05-30,Bawang Merah,Sumatera Utara,36400.0
2024-05-31,Bawang Merah,Sumatera Utara,37200.0
2024-06-01,Bawang Merah,Sumatera Utara,36300.0
2024-06-02,Bawang Merah,Sumatera Utara,38100.0
2024-06-03,Bawang Merah,Sumatera Utara,37600.0
2024-06-04,Bawang Merah,Sumatera Utara,40700.0
2024-06-05,Bawang Merah,Sumatera Utara,40400.0
2024-06-06,Bawang Merah,Sumatera Utara,38900.0
2024-06-07,Bawang Merah,Sumatera Utara,40000.0
2024-06-08,Bawang Merah,Sumatera Utara,39000.0
2024-06-09,Bawang Merah,Sumatera Utara,40000.0
2024-06-10,Bawang Merah,Sumatera Utara,40400.0
2024-06-11,Bawang Merah,Sumatera Utara,42300.0
2024-06-12,Bawang Merah,Sumatera Utara,43400.0
2024-06-13,Bawang Merah,Sumatera Utara,42800.0
2024-06-14,Bawang Merah,Sumatera Utara,43000.0
2024-06-15,Bawang Merah,Sumatera Utara,43200.0
2024-06-16,Bawang Merah,Sumatera Utara,43200.0
2024-06-17,Bawang Merah,Sumatera Utara,42000.0
2024-06-18,Bawang Merah,Sumatera Utara,39800.0
2024-06-19,Bawang Merah,Sumatera Utara,40000.0
2024-06-20,Bawang Merah,Sumatera Utara,37400.0
2024-06-21,Bawang Merah,Sumatera Utara,36800.0
2024-06-22,Bawang Merah,Sumatera Utara,37600.0
2024-06-23,Bawang Merah,Sumatera Utara,37700.0
2024-06-24,Bawang Merah,Sumatera Utara,37200.0
2024-06-25,Bawang Merah,Sumatera Utara,36600.0
2024-06-26,Bawang Merah,Sumatera Utara,38400.0
2024-06-27,Bawang Merah,Sumatera Utara,38400.0
2024-06-28,Bawang Merah,Sumatera Utara,38600.0
2024-06-29,Bawang Merah,Sumatera Utara,38000.0
2024-06-30,Bawang Merah,Sumatera Utara,37500.0
2024-07-01,Bawang Merah,Sumatera Utara,39300.0
2024-07-02,Bawang Merah,Sumatera Utara,38600.0
2024-07-03,Bawang Merah,Sumatera Utara,38100.0
2024-07-04,Bawang Merah,Sumatera Utara,38100.0
2024-07-05,Bawang Merah,Sumatera Utara,36000.0
2024-07-06,Bawang Merah,Sumatera Utara,37300.0
2024-07-07,Bawang Merah,Sumatera Utara,38300.0
2024-07-08,Bawang Merah,Sumatera Utara,38100.0
2024-07-09,Bawang Merah,Sumatera Utara,39700.0
2024-07-10,Bawang Merah,Sumatera Utara,37800.0
2024-07-11,Bawang Merah,Sumatera Utara,38500.0
2024-07-12,Bawang Merah,Sumatera Utara,38500.0
2024-07-13,Bawang Merah,Sumatera Utara,39900.0
2024-07-14,Bawang Merah,Sumatera Utara,37500.0
2024-07-15,Bawang Merah,Sumatera Utara,36600.0
2024-07-16,Bawang Merah,Sumatera Utara,39100.0
2024-07-17,Bawang Merah,Sumatera Utara,40100.0
2024-07-18,Bawang Merah,Sumatera Utara,37200.0
2024-07-19,Bawang Merah,Sumatera Utara,38000.0
2024-07-20,Bawang Merah,Sumatera Utara,38400.0
2024-07-21,Bawang Merah,Sumatera Utara,38400.0
2024-07-22,Bawang Merah,Sumatera Utara,37500.0
2024-07-23,Bawang Merah,Sumatera Utara,36900.0
2024-07-24,Bawang Merah,Sumatera Utara,37900.0
2024-07-25,Bawang Merah,Sumatera Utara,38300.0
2024-07-26,Bawang Merah,Sumatera Utara,38700.0
2024-07-27,Bawang Merah,Sumatera Utara,38000.0
2024-07-28,Bawang Merah,Sumatera Utara,37100.0
2024-07-29,Bawang Merah,Sumatera Utara,38400.0
2024-07-30,Bawang Merah,Sumatera Utara,39000.0
2024-07-31,Bawang Merah,Sumatera Utara,38500.0
2024-08-01,Bawang Merah,Sumatera Utara,37100.0
2024-08-02,Bawang Merah,Sumatera Utara,37500.0
2024-08-03,Bawang Merah,Sumatera Utara,38100.0
2024-08-04,Bawang Merah,Sumatera Utara,35400.0
2024-08-05,Bawang Merah,Sumatera Utara,34600.0
2024-08-06,Bawang Merah,Sumatera Utara,38800.0
2024-08-07,Bawang Merah,Sumatera Utara,37800.0
2024-08-08,Bawang Merah,Sumatera Utara,37700.0
2024-08-09,Bawang Merah,Sumatera Utara,35400.0
2024-08-10,Bawang Merah,Sumatera Utara,37200.0
2024-08-11,Bawang Merah,Sumatera Utara,36900.0
2024-08-12,Bawang Merah,Sumatera Utara,34900.0
2024-08-13,Bawang Merah,Sumatera Utara,38300.0
2024-08-14,Bawang Merah,Sumatera Utara,36900.0
2024-08-15,Bawang Merah,Sumatera Utara,36400.0
2024-08-16,Bawang Merah,Sumatera Utara,36300.0
2024-08-17,Bawang Merah,Sumatera Utara,34400.0
2024-08-18,Bawang Merah,Sumatera Utara,37100.0
2024-08-19,Bawang Merah,Sumatera Utara,37200.0
2024-08-20,Bawang Merah,Sumatera Utara,36900.0
2024-08-21,Bawang Merah,Sumatera Utara,38400.0
2024-08-22,Bawang Merah,Sumatera Utara,35000.0
2024-08-23,Bawang Merah,Sumatera Utara,35600.0
2024-08-24,Bawang Merah,Sumatera Utara,35000.0
2024-08-25,Bawang Merah,Sumatera Utara,35700.0
2024-08-26,Bawang Merah,Sumatera Utara,36000.0
2024-08-27,Bawang Merah,Sumatera Utara,36700.0
2024-08-28,Bawang Merah,Sumatera Utara,35500.0
2024-08-29,Bawang Merah,Sumatera Utara,34900.0
2024-08-30,Bawang Merah,Sumatera Utara,37400.0
2024-08-31,Bawang Merah,Sumatera Utara,37900.0
2024-09-01,Bawang Merah,Sumatera Utara,35600.0
2024-09-02,Bawang Merah,Sumatera Utara,34800.0
2024-09-03,Bawang Merah,Sumatera Utara,37500.0
2024-09-04,Bawang Merah,Sumatera Utara,34500.0
2024-09-05,Bawang Merah,Sumatera Utara,35000.0
2024-09-06,Bawang Merah,Sumatera Utara,34300.0
2024-09-07,Bawang Merah,Sumatera Utara,33600.0
2024-09-08,Bawang Merah,Sumatera Utara,34600.0
2024-09-09,Bawang Merah,Sumatera Utara,34400.0
2024-09-10,Bawang Merah,Sumatera Utara,35400.0
2024-09-11,Bawang Merah,Sumatera Utara,35400.0
2024-09-12,Bawang Merah,Sumatera Utara,34300.0
2024-09-13,Bawang Merah,Sumatera Utara,34400.0
2024-09-14,Bawang Merah,Sumatera Utara,34400.0
2024-09-15,Bawang Merah,Sumatera Utara,35500.0
2024-09-16,Bawang Merah,Sumatera Utara,34700.0
2024-09-17,Bawang Merah,Sumatera Utara,36100.0
2024-09-18,Bawang Merah,Sumatera Utara,36000.0
2024-09-19,Bawang Merah,Sumatera Utara,36100.0
2024-09-20,Bawang Merah,Sumatera Utara,36800.0
2024-09-21,Bawang Merah,Sumatera Utara,33800.0
2024-09-22,Bawang Merah,Sumatera Utara,34500.0
2024-09-23,Bawang Merah,Sumatera Utara,37100.0
2024-09-24,Bawang Merah,Sumatera Utara,35000.0
2024-09-25,Bawang Merah,Sumatera Utara,32300.0
2024-09-26,Bawang Merah,Sumatera Utara,35100.0
2024-09-27,Bawang Merah,Sumatera Utara,35000.0
2024-09-28,Bawang Merah,Sumatera Utara,31800.0
2024-09-29,Bawang Merah,Sumatera Utara,36300.0
2024-09-30,Bawang Merah,Sumatera Utara,34200.0
2024-10-01,Bawang Merah,Sumatera Utara,35300.0
2024-10-02,Bawang Merah,Sumatera Utara,34600.0
2024-10-03,Bawang Merah,Sumatera Utara,33000.0
2024-10-04,Bawang Merah,Sumatera Utara,33000.0
2024-10-05,Bawang Merah,Sumatera Utara,32900.0
2024-10-06,Bawang Merah,Sumatera Utara,35100.0
2024-10-07,Bawang Merah,Sumatera Utara,34300.0
2024-10-08,Bawang Merah,Sumatera Utara,34000.0
2024-10-09,Bawang Merah,Sumatera Utara,33800.0
2024-10-10,Bawang Merah,Sumatera Utara,36100.0
2024-10-11,Bawang Merah,Sumatera Utara,36000.0
2024-10-12,Bawang Merah,Sumatera Utara,35600.0
2024-10-13,Bawang Merah,Sumatera Utara,34900.0
2024-10-14,Bawang Merah,Sumatera Utara,35100.0
2024-10-15,Bawang Merah,Sumatera Utara,33600.0
2024-10-16,Bawang Merah,Sumatera Utara,34500.0
2024-10-17,Bawang Merah,Sumatera Utara,33800.0
2024-10-18,Bawang Merah,Sumatera Utara,32100.0
2024-10-19,Bawang Merah,Sumatera Utara,35000.0
2024-10-20,Bawang Merah,Sumatera Utara,33100.0
2024-10-21,Bawang Merah,Sumatera Utara,35600.0
2024-10-22,Bawang Merah,Sumatera Utara,35400.0
2024-10-23,Bawang Merah,Sumatera Utara,35100.0
2024-10-24,Bawang Merah,Sumatera Utara,34900.0
2024-10-25,Bawang Merah,Sumatera Utara,33200.0
2024-10-26,Bawang Merah,Sumatera Utara,35500.0
2024-10-27,Bawang Merah,Sumatera Utara,33400.0
2024-10-28,Bawang Merah,Sumatera Utara,34000.0
2024-10-29,Bawang Merah,Sumatera Utara,33200.0
2024-10-30,Bawang Merah,Sumatera Utara,33100.0
2024-10-31,Bawang Merah,Sumatera Utara,34200.0
2024-11-01,Bawang Merah,Sumatera Utara,33600.0
2024-11-02,Bawang Merah,Sumatera Utara,32600.0
2024-11-03,Bawang Merah,Sumatera Utara,31900.0
2024-11-04,Bawang Merah,Sumatera Utara,32300.0
2024-11-05,Bawang Merah,Sumatera Utara,35100.0
2024-11-06,Bawang Merah,Sumatera Utara,33000.0
2024-11-07,Bawang Merah,Sumatera Utara,33300.0
2024-11-08,Bawang Merah,Sumatera Utara,35000.0
2024-11-09,Bawang Merah,Sumatera Utara,32100.0
2024-11-10,Bawang Merah,Sumatera Utara,32400.0
2024-11-11,Bawang Merah,Sumatera Utara,32700.0
2024-11-12,Bawang Merah,Sumatera Utara,35700.0
2024-11-13,Bawang Merah,Sumatera Utara,36400.0
2024-11-14,Bawang Merah,Sumatera Utara,35000.0
2024-11-15,Bawang Merah,Sumatera Utara,34600.0
2024-11-16,Bawang Merah,Sumatera Utara,33000.0
2024-11-17,Bawang Merah,Sumatera Utara,35900.0
2024-11-18,Bawang Merah,Sumatera Utara,34100.0
2024-11-19,Bawang Merah,Sumatera Utara,34900.0
2024-11-20,Bawang Merah,Sumatera Utara,34000.0
2024-11-21,Bawang Merah,Sumatera Utara,33800.0
2024-11-22,Bawang Merah,Sumatera Utara,35500.0
2024-11-23,Bawang Merah,Sumatera Utara,34200.0
2024-11-24,Bawang Merah,Sumatera Utara,35300.0
2024-11-25,Bawang Merah,Sumatera Utara,34400.0
2024-11-26,Bawang Merah,Sumatera Utara,33400.0
2024-11-27,Bawang Merah,Sumatera Utara,33900.0
2024-11-28,Bawang Merah,Sumatera Utara,34600.0
2024-11-29,Bawang Merah,Sumatera Utara,33500.0
2024-11-30,Bawang Merah,Sumatera Utara,32800.0
2024-12-01,Bawang Merah,Sumatera Utara,35300.0
2024-12-02,Bawang Merah,Sumatera Utara,33900.0
2024-12-03,Bawang Merah,Sumatera Utara,35000.0
2024-12-04,Bawang Merah,Sumatera Utara,35100.0
2024-12-05,Bawang Merah,Sumatera Utara,33900.0
2024-12-06,Bawang Merah,Sumatera Utara,35900.0
2024-12-07,Bawang Merah,Sumatera Utara,33000.0
2024-12-08,Bawang Merah,Sumatera Utara,34400.0
2024-12-09,Bawang Merah,Sumatera Utara,35000.0
2024-12-10,Bawang Merah,Sumatera Utara,35000.0
2024-12-11,Bawang Merah,Sumatera Utara,33700.0
2024-12-12,Bawang Merah,Sumatera Utara,36000.0
2024-12-13,Bawang Merah,Sumatera Utara,35600.0
2024-12-14,Bawang Merah,Sumatera Utara,33800.0
2024-12-15,Bawang Merah,Sumatera Utara,35600.0
2024-12-16,Bawang Merah,Sumatera Utara,35600.0
2024-12-17,Bawang Merah,Sumatera Utara,34100.0
2024-12-18,Bawang Merah,Sumatera Utara,34600.0
2024-12-19,Bawang Merah,Sumatera Utara,36700.0
2024-12-20,Bawang Merah,Sumatera Utara,35400.0
2024-12-21,Bawang Merah,Sumatera Utara,34500.0
2024-12-22,Bawang Merah,Sumatera Utara,34100.0
2024-12-23,Bawang Merah,Sumatera Utara,34800.0
2024-12-24,Bawang Merah,Sumatera Utara,35100.0
2024-12-25,Bawang Merah,Sumatera Utara,34700.0
2024-12-26,Bawang Merah,Sumatera Utara,33600.0
2024-12-27,Bawang Merah,Sumatera Utara,36600.0
2024-12-28,Bawang Merah,Sumatera Utara,36400.0
2024-12-29,Bawang Merah,Sumatera Utara,33900.0
2024-12-30,Bawang Merah,Sumatera Utara,35800.0
2024-12-31,Bawang Merah,Sumatera Utara,34800.0
2025-01-01,Bawang Merah,Sumatera Utara,35700.0
2025-01-02,Bawang Merah,Sumatera Utara,35400.0
2025-01-03,Bawang Merah,Sumatera Utara,35000.0
2025-01-04,Bawang Merah,Sumatera Utara,37800.0
2025-01-05,Bawang Merah,Sumatera Utara,35100.0
2025-01-06,Bawang Merah,Sumatera Utara,35000.0
2025-01-07,Bawang Merah,Sumatera Utara,35300.0
2025-01-08,Bawang Merah,Sumatera Utara,37500.0
2025-01-09,Bawang Merah,Sumatera Utara,34000.0
2025-01-10,Bawang Merah,Sumatera Utara,34700.0
2025-01-11,Bawang Merah,Sumatera Utara,37000.0
2025-01-12,Bawang Merah,Sumatera Utara,36000.0
2025-01-13,Bawang Merah,Sumatera Utara,36300.0
2025-01-14,Bawang Merah,Sumatera Utara,39100.0
2025-01-15,Bawang Merah,Sumatera Utara,37100.0
2025-01-16,Bawang Merah,Sumatera Utara,35700.0
2025-01-17,Bawang Merah,Sumatera Utara,36200.0
2025-01-18,Bawang Merah,Sumatera Utara,35100.0
2025-01-19,Bawang Merah,Sumatera Utara,37900.0
2025-01-20,Bawang Merah,Sumatera Utara,37500.0
2025-01-21,Bawang Merah,Sumatera Utara,38400.0
2025-01-22,Bawang Merah,Sumatera Utara,38300.0
2025-01-23,Bawang Merah,Sumatera Utara,36400.0
2025-01-24,Bawang Merah,Sumatera Utara,35600.0
2025-01-25,Bawang Merah,Sumatera Utara,36800.0
2025-01-26,Bawang Merah,Sumatera Utara,36000.0
2025-01-27,Bawang Merah,Sumatera Utara,37500.0
2025-01-28,Bawang Merah,Sumatera Utara,39100.0
2025-01-29,Bawang Merah,Sumatera Utara,37800.0
2025-01-30,Bawang Merah,Sumatera Utara,38300.0
2025-01-31,Bawang Merah,Sumatera Utara,37700.0
2025-02-01,Bawang Merah,Sumatera Utara,38500.0
2025-02-02,Bawang Merah,Sumatera Utara,36800.0
2025-02-03,Bawang Merah,Sumatera Utara,35400.0
2025-02-04,Bawang Merah,Sumatera Utara,38600.0
2025-02-05,Bawang Merah,Sumatera Utara,39400.0
2025-02-06,Bawang Merah,Sumatera Utara,38700.0
2025-02-07,Bawang Merah,Sumatera Utara,37200.0
2025-02-08,Bawang Merah,Sumatera Utara,36500.0
2025-02-09,Bawang Merah,Sumatera Utara,38700.0
2025-02-10,Bawang Merah,Sumatera Utara,38800.0
2025-02-11,Bawang Merah,Sumatera Utara,38700.0
2025-02-12,Bawang Merah,Sumatera Utara,41000.0
2025-02-13,Bawang Merah,Sumatera Utara,37400.0
2025-02-14,Bawang Merah,Sumatera Utara,40400.0
2025-02-15,Bawang Merah,Sumatera Utara,38000.0
2025-02-16,Bawang Merah,Sumatera Utara,36100.0
2025-02-17,Bawang Merah,Sumatera Utara,38600.0
2025-02-18,Bawang Merah,Sumatera Utara,40100.0
2025-02-19,Bawang Merah,Sumatera Utara,38600.0
2025-02-20,Bawang Merah,Sumatera Utara,37100.0
2025-02-21,Bawang Merah,Sumatera Utara,38500.0
2025-02-22,Bawang Merah,Sumatera Utara,37700.0
2025-02-23,Bawang Merah,Sumatera Utara,39200.0
2025-02-24,Bawang Merah,Sumatera Utara,39800.0
2025-02-25,Bawang Merah,Sumatera Utara,37900.0
2025-02-26,Bawang Merah,Sumatera Utara,38200.0
2025-02-27,Bawang Merah,Sumatera Utara,39700.0
2025-02-28,Bawang Merah,Sumatera Utara,37500.0
2025-03-01,Bawang Merah,Sumatera Utara,37000.0
2025-03-02,Bawang Merah,Sumatera Utara,36700.0
2025-03-03,Bawang Merah,Sumatera Utara,39300.0
2025-03-04,Bawang Merah,Sumatera Utara,39600.0
2025-03-05,Bawang Merah,Sumatera Utara,38500.0
2025-03-06,Bawang Merah,Sumatera Utara,39000.0
2025-03-07,Bawang Merah,Sumatera Utara,40500.0
2025-03-08,Bawang Merah,Sumatera Utara,37300.0
2025-03-09,Bawang Merah,Sumatera Utara,36000.0
2025-03-10,Bawang Merah,Sumatera Utara,39000.0
2025-03-11,Bawang Merah,Sumatera Utara,38700.0
2025-03-12,Bawang Merah,Sumatera Utara,38400.0
2025-03-13,Bawang Merah,Sumatera Utara,39900.0
2025-03-14,Bawang Merah,Sumatera Utara,40000.0
2025-03-15,Bawang Merah,Sumatera Utara,36200.0
2025-03-16,Bawang Merah,Sumatera Utara,38100.0
2025-03-17,Bawang Merah,Sumatera Utara,42100.0
2025-03-18,Bawang Merah,Sumatera Utara,41100.0
2025-03-19,Bawang Merah,Sumatera Utara,41900.0
2025-03-20,Bawang Merah,Sumatera Utara,42500.0
2025-03-21,Bawang Merah,Sumatera Utara,41200.0
2025-03-22,Bawang Merah,Sumatera Utara,42400.0
2025-03-23,Bawang Merah,Sumatera Utara,42800.0
2025-03-24,Bawang Merah,Sumatera Utara,43400.0
2025-03-25,Bawang Merah,Sumatera Utara,43300.0
2025-03-26,Bawang Merah,Sumatera Utara,44600.0
2025-03-27,Bawang Merah,Sumatera Utara,44100.0
2025-03-28,Bawang Merah,Sumatera Utara,44800.0
2025-03-29,Bawang Merah,Sumatera Utara,43400.0
2025-03-30,Bawang Merah,Sumatera Utara,44400.0
2025-03-31,Bawang Merah,Sumatera Utara,46100.0
2025-04-01,Bawang Merah,Sumatera Utara,39500.0
2025-04-02,Bawang Merah,Sumatera Utara,40300.0
2025-04-03,Bawang Merah,Sumatera Utara,40600.0
2025-04-04,Bawang Merah,Sumatera Utara,40900.0
2025-04-05,Bawang Merah,Sumatera Utara,41400.0
2025-04-06,Bawang Merah,Sumatera Utara,39600.0
2025-04-07,Bawang Merah,Sumatera Utara,41700.0
2025-04-08,Bawang Merah,Sumatera Utara,41400.0
2025-04-09,Bawang Merah,Sumatera Utara,40900.0
2025-04-10,Bawang Merah,Sumatera Utara,40400.0
2025-04-11,Bawang Merah,Sumatera Utara,40200.0
2025-04-12,Bawang Merah,Sumatera Utara,41000.0
2025-04-13,Bawang Merah,Sumatera Utara,40900.0
2025-04-14,Bawang Merah,Sumatera Utara,41500.0
2025-04-15,Bawang Merah,Sumatera Utara,40500.0
2025-04-16,Bawang Merah,Sumatera Utara,41300.0
2025-04-17,Bawang Merah,Sumatera Utara,42200.0
2025-04-18,Bawang Merah,Sumatera Utara,39200.0
2025-04-19,Bawang Merah,Sumatera Utara,39300.0
2025-04-20,Bawang Merah,Sumatera Utara,40100.0
2025-04-21,Bawang Merah,Sumatera Utara,41600.0
2025-04-22,Bawang Merah,Sumatera Utara,41700.0
2025-04-23,Bawang Merah,Sumatera Utara,40400.0
2025-04-24,Bawang Merah,Sumatera Utara,38700.0
2025-04-25,Bawang Merah,Sumatera Utara,40300.0
2025-04-26,Bawang Merah,Sumatera Utara,38300.0
2025-04-27,Bawang Merah,Sumatera Utara,37700.0
2025-04-28,Bawang Merah,Sumatera Utara,38200.0
2025-04-29,Bawang Merah,Sumatera Utara,40200.0
2025-04-30,Bawang Merah,Sumatera Utara,41500.0
2025-05-01,Bawang Merah,Sumatera Utara,39600.0
2025-05-02,Bawang Merah,Sumatera Utara,39500.0
2025-05-03,Bawang Merah,Sumatera Utara,40300.0
2025-05-04,Bawang Merah,Sumatera Utara,37100.0
2025-05-05,Bawang Merah,Sumatera Utara,39500.0
2025-05-06,Bawang Merah,Sumatera Utara,39200.0
2025-05-07,Bawang Merah,Sumatera Utara,39500.0
2025-05-08,Bawang Merah,Sumatera Utara,38000.0
2025-05-09,Bawang Merah,Sumatera Utara,37400.0
2025-05-10,Bawang Merah,Sumatera Utara,38200.0
2025-05-11,Bawang Merah,Sumatera Utara,40100.0
2025-05-12,Bawang Merah,Sumatera Utara,39600.0
2025-05-13,Bawang Merah,Sumatera Utara,37800.0
2025-05-14,Bawang Merah,Sumatera Utara,36800.0
2025-05-15,Bawang Merah,Sumatera Utara,35700.0
2025-05-16,Bawang Merah,Sumatera Utara,38900.0
2025-05-17,Bawang Merah,Sumatera Utara,36000.0
2025-05-18,Bawang Merah,Sumatera Utara,36400.0
2025-05-19,Bawang Merah,Sumatera Utara,38900.0
2025-05-20,Bawang Merah,Sumatera Utara,35800.0
2025-05-21,Bawang Merah,Sumatera Utara,39400.0
2025-05-22,Bawang Merah,Sumatera Utara,37300.0
2025-05-23,Bawang Merah,Sumatera Utara,35600.0
2025-05-24,Bawang Merah,Sumatera Utara,36700.0
2025-05-25,Bawang Merah,Sumatera Utara,36300.0
2025-05-26,Bawang Merah,Sumatera Utara,38600.0
2025-05-27,Bawang Merah,Sumatera Utara,38100.0
2025-05-28,Bawang Merah,Sumatera Utara,37100.0
2025-05-29,Bawang Merah,Sumatera Utara,39400.0
2025-05-30,Bawang Merah,Sumatera Utara,38200.0
2025-05-31,Bawang Merah,Sumatera Utara,40200.0
2025-06-01,Bawang Merah,Sumatera Utara,39100.0
2025-06-02,Bawang Merah,Sumatera Utara,40600.0
2025-06-03,Bawang Merah,Sumatera Utara,42000.0
2025-06-04,Bawang Merah,Sumatera Utara,42000.0
2025-06-05,Bawang Merah,Sumatera Utara,42800.0
2025-06-06,Bawang Merah,Sumatera Utara,43300.0
2025-06-07,Bawang Merah,Sumatera Utara,34900.0
2025-06-08,Bawang Merah,Sumatera Utara,36000.0
2025-06-09,Bawang Merah,Sumatera Utara,32600.0
2025-06-10,Bawang Merah,Sumatera Utara,37000.0
2025-06-11,Bawang Merah,Sumatera Utara,36500.0
2025-06-12,Bawang Merah,Sumatera Utara,35300.0
2025-06-13,Bawang Merah,Sumatera Utara,36300.0
2025-06-14,Bawang Merah,Sumatera Utara,36900.0
2025-06-15,Bawang Merah,Sumatera Utara,35000.0
2025-06-16,Bawang Merah,Sumatera Utara,34600.0
2025-06-17,Bawang Merah,Sumatera Utara,36400.0
2025-06-18,Bawang Merah,Sumatera Utara,34700.0
2025-06-19,Bawang Merah,Sumatera Utara,35500.0
2025-06-20,Bawang Merah,Sumatera Utara,37400.0
2025-06-21,Bawang Merah,Sumatera Utara,35500.0
2025-06-22,Bawang Merah,Sumatera Utara,33500.0
2025-06-23,Bawang Merah,Sumatera Utara,33600.0
2025-06-24,Bawang Merah,Sumatera Utara,36100.0
2025-06-25,Bawang Merah,Sumatera Utara,36900.0
2025-06-26,Bawang Merah,Sumatera Utara,34100.0
2025-06-27,Bawang Merah,Sumatera Utara,36400.0
2025-06-28,Bawang Merah,Sumatera Utara,37000.0
2025-06-29,Bawang Merah,Sumatera Utara,37700.0
2025-06-30,Bawang Merah,Sumatera Utara,36200.0
2025-07-01,Bawang Merah,Sumatera Utara,36800.0
2025-07-02,Bawang Merah,Sumatera Utara,33800.0
2025-07-03,Bawang Merah,Sumatera Utara,38300.0
2025-07-04,Bawang Merah,Sumatera Utara,34800.0
2025-07-05,Bawang Merah,Sumatera Utara,34100.0
2025-07-06,Bawang Merah,Sumatera Utara,35100.0
2025-07-07,Bawang Merah,Sumatera Utara,37500.0
2025-07-08,Bawang Merah,Sumatera Utara,38400.0
2025-07-09,Bawang Merah,Sumatera Utara,36200.0
2025-07-10,Bawang Merah,Sumatera Utara,36900.0
2025-07-11,Bawang Merah,Sumatera Utara,35600.0
2025-07-12,Bawang Merah,Sumatera Utara,34500.0
2025-07-13,Bawang Merah,Sumatera Utara,37400.0
2025-07-14,Bawang Merah,Sumatera Utara,35400.0
2025-07-15,Bawang Merah,Sumatera Utara,38000.0
2025-07-16,Bawang Merah,Sumatera Utara,37700.0
2025-07-17,Bawang Merah,Sumatera Utara,36700.0
2025-07-18,Bawang Merah,Sumatera Utara,37700.0
2025-07-19,Bawang Merah,Sumatera Utara,38300.0
2025-07-20,Bawang Merah,Sumatera Utara,35600.0
2025-07-21,Bawang Merah,Sumatera Utara,35200.0
2025-07-22,Bawang Merah,Sumatera Utara,34000.0
2025-07-23,Bawang Merah,Sumatera Utara,38800.0
2025-07-24,Bawang Merah,Sumatera Utara,35600.0
2025-07-25,Bawang Merah,Sumatera Utara,37000.0
2025-07-26,Bawang Merah,Sumatera Utara,34300.0
2025-07-27,Bawang Merah,Sumatera Utara,36900.0
2025-07-28,Bawang Merah,Sumatera Utara,34600.0
2025-07-29,Bawang Merah,Sumatera Utara,34400.0
2025-07-30,Bawang Merah,Sumatera Utara,35900.0
2025-07-31,Bawang Merah,Sumatera Utara,35300.0
2025-08-01,Bawang Merah,Sumatera Utara,36100.0
2025-08-02,Bawang Merah,Sumatera Utara,34900.0
2025-08-03,Bawang Merah,Sumatera Utara,35800.0
2025-08-04,Bawang Merah,Sumatera Utara,35100.0
2025-08-05,Bawang Merah,Sumatera Utara,34800.0
2025-08-06,Bawang Merah,Sumatera Utara,35100.0
2025-08-07,Bawang Merah,Sumatera Utara,37900.0
2025-08-08,Bawang Merah,Sumatera Utara,35500.0
2025-08-09,Bawang Merah,Sumatera Utara,32700.0
2025-08-10,Bawang Merah,Sumatera Utara,34300.0
2025-08-11,Bawang Merah,Sumatera Utara,34900.0
2025-08-12,Bawang Merah,Sumatera Utara,37100.0
2025-08-13,Bawang Merah,Sumatera Utara,36300.0
2025-08-14,Bawang Merah,Sumatera Utara,33900.0
2025-08-15,Bawang Merah,Sumatera Utara,37400.0
2025-08-16,Bawang Merah,Sumatera Utara,34500.0
2025-08-17,Bawang Merah,Sumatera Utara,36000.0
2025-08-18,Bawang Merah,Sumatera Utara,33500.0
2025-08-19,Bawang Merah,Sumatera Utara,32200.0
2025-08-20,Bawang Merah,Sumatera Utara,33300.0
2025-08-21,Bawang Merah,Sumatera Utara,31000.0
2025-08-22,Bawang Merah,Sumatera Utara,36600.0
2025-08-23,Bawang Merah,Sumatera Utara,34400.0
2025-08-24,Bawang Merah,Sumatera Utara,33100.0
2025-08-25,Bawang Merah,Sumatera Utara,34900.0
2025-08-26,Bawang Merah,Sumatera Utara,34900.0
2025-08-27,Bawang Merah,Sumatera Utara,35500.0
2025-08-28,Bawang Merah,Sumatera Utara,36100.0
2025-08-29,Bawang Merah,Sumatera Utara,34200.0
2025-08-30,Bawang Merah,Sumatera Utara,33100.0
2025-08-31,Bawang Merah,Sumatera Utara,35200.0
2025-09-01,Bawang Merah,Sumatera Utara,35600.0
2025-09-02,Bawang Merah,Sumatera Utara,35000.0
2025-09-03,Bawang Merah,Sumatera Utara,37400.0
2025-09-04,Bawang Merah,Sumatera Utara,34200.0
2025-09-05,Bawang Merah,Sumatera Utara,33100.0
2025-09-06,Bawang Merah,Sumatera Utara,34200.0
2025-09-07,Bawang Merah,Sumatera Utara,33000.0
2025-09-08,Bawang Merah,Sumatera Utara,34500.0
2025-09-09,Bawang Merah,Sumatera Utara,33100.0
2025-09-10,Bawang Merah,Sumatera Utara,33600.0
2025-09-11,Bawang Merah,Sumatera Utara,35900.0
2025-09-12,Bawang Merah,Sumatera Utara,33000.0
2025-09-13,Bawang Merah,Sumatera Utara,32400.0
2025-09-14,Bawang Merah,Sumatera Utara,34700.0
2025-09-15,Bawang Merah,Sumatera Utara,32900.0
2025-09-16,Bawang Merah,Sumatera Utara,33700.0
2025-09-17,Bawang Merah,Sumatera Utara,35200.0
2025-09-18,Bawang Merah,Sumatera Utara,35300.0
2025-09-19,Bawang Merah,Sumatera Utara,35400.0
2025-09-20,Bawang Merah,Sumatera Utara,33100.0
2025-09-21,Bawang Merah,Sumatera Utara,34600.0
2025-09-22,Bawang Merah,Sumatera Utara,33800.0
2025-09-23,Bawang Merah,Sumatera Utara,33700.0
2025-09-24,Bawang Merah,Sumatera Utara,35700.0
2025-09-25,Bawang Merah,Sumatera Utara,33700.0
2025-09-26,Bawang Merah,Sumatera Utara,34200.0
2025-09-27,Bawang Merah,Sumatera Utara,33900.0
2025-09-28,Bawang Merah,Sumatera Utara,32600.0
2025-09-29,Bawang Merah,Sumatera Utara,35000.0
2025-09-30,Bawang Merah,Sumatera Utara,35000.0
2025-10-01,Bawang Merah,Sumatera Utara,32000.0
2025-10-02,Bawang Merah,Sumatera Utara,34400.0
2025-10-03,Bawang Merah,Sumatera Utara,33000.0
2025-10-04,Bawang Merah,Sumatera Utara,34800.0
2025-10-05,Bawang Merah,Sumatera Utara,32100.0
2025-10-06,Bawang Merah,Sumatera Utara,33400.0
2025-10-07,Bawang Merah,Sumatera Utara,34700.0
2025-10-08,Bawang Merah,Sumatera Utara,34200.0
2025-10-09,Bawang Merah,Sumatera Utara,34700.0
2025-10-10,Bawang Merah,Sumatera Utara,31800.0
2025-10-11,Bawang Merah,Sumatera Utara,34900.0
2025-10-12,Bawang Merah,Sumatera Utara,33900.0
2025-10-13,Bawang Merah,Sumatera Utara,35200.0
2025-10-14,Bawang Merah,Sumatera Utara,35000.0
2025-10-15,Bawang Merah,Sumatera Utara,34000.0
2025-10-16,Bawang Merah,Sumatera Utara,32500.0
2025-10-17,Bawang Merah,Sumatera Utara,32900.0
2025-10-18,Bawang Merah,Sumatera Utara,35200.0
2025-10-19,Bawang Merah,Sumatera Utara,35000.0
2025-10-20,Bawang Merah,Sumatera Utara,32900.0
2025-10-21,Bawang Merah,Sumatera Utara,30900.0
2025-10-22,Bawang Merah,Sumatera Utara,34000.0
2025-10-23,Bawang Merah,Sumatera Utara,33800.0
2025-10-24,Bawang Merah,Sumatera Utara,33400.0
2025-10-25,Bawang Merah,Sumatera Utara,34000.0
2025-10-26,Bawang Merah,Sumatera Utara,34500.0
2025-10-27,Bawang Merah,Sumatera Utara,34800.0
2025-10-28,Bawang Merah,Sumatera Utara,34700.0
2025-10-29,Bawang Merah,Sumatera Utara,31900.0
2025-10-30,Bawang Merah,Sumatera Utara,33300.0
2025-10-31,Bawang Merah,Sumatera Utara,35800.0
2025-11-01,Bawang Merah,Sumatera Utara,33100.0
2025-11-02,Bawang Merah,Sumatera Utara,33000.0
2025-11-03,Bawang Merah,Sumatera Utara,33400.0
2025-11-04,Bawang Merah,Sumatera Utara,33700.0
2025-11-05,Bawang Merah,Sumatera Utara,30900.0
2025-11-06,Bawang Merah,Sumatera Utara,33400.0
2025-11-07,Bawang Merah,Sumatera Utara,33400.0
2025-11-08,Bawang Merah,Sumatera Utara,34700.0
2025-11-09,Bawang Merah,Sumatera Utara,33500.0
2025-11-10,Bawang Merah,Sumatera Utara,31400.0
2025-11-11,Bawang Merah,Sumatera Utara,33800.0
2025-11-12,Bawang Merah,Sumatera Utara,32600.0
2025-11-13,Bawang Merah,Sumatera Utara,32000.0
2025-11-14,Bawang Merah,Sumatera Utara,32200.0
2025-11-15,Bawang Merah,Sumatera Utara,33500.0
2025-11-16,Bawang Merah,Sumatera Utara,34500.0
2025-11-17,Bawang Merah,Sumatera Utara,34200.0
2025-11-18,Bawang Merah,Sumatera Utara,34800.0
2025-11-19,Bawang Merah,Sumatera Utara,34800.0
2025-11-20,Bawang Merah,Sumatera Utara,34200.0
2025-11-21,Bawang Merah,Sumatera Utara,34700.0
2025-11-22,Bawang Merah,Sumatera Utara,31100.0
2025-11-23,Bawang Merah,Sumatera Utara,34100.0
2025-11-24,Bawang Merah,Sumatera Utara,33100.0
2025-11-25,Bawang Merah,Sumatera Utara,35900.0
2025-11-26,Bawang Merah,Sumatera Utara,34400.0
2025-11-27,Bawang Merah,Sumatera Utara,34400.0
2025-11-28,Bawang Merah,Sumatera Utara,32600.0
2025-11-29,Bawang Merah,Sumatera Utara,35200.0
2025-11-30,Bawang Merah,Sumatera Utara,35000.0
2025-12-01,Bawang Merah,Sumatera Utara,35300.0
2025-12-02,Bawang Merah,Sumatera Utara,34000.0
2025-12-03,Bawang Merah,Sumatera Utara,34400.0
2025-12-04,Bawang Merah,Sumatera Utara,35300.0
2025-12-05,Bawang Merah,Sumatera Utara,34200.0
2025-12-06,Bawang Merah,Sumatera Utara,35400.0
2025-12-07,Bawang Merah,Sumatera Utara,32500.0
2025-12-08,Bawang Merah,Sumatera Utara,34600.0
2025-12-09,Bawang Merah,Sumatera Utara,37500.0
2025-12-10,Bawang Merah,Sumatera Utara,36000.0
2025-12-11,Bawang Merah,Sumatera Utara,35400.0
2025-12-12,Bawang Merah,Sumatera Utara,37100.0
2025-12-13,Bawang Merah,Sumatera Utara,31900.0
2025-12-14,Bawang Merah,Sumatera Utara,33800.0
2025-12-15,Bawang Merah,Sumatera Utara,34800.0
2025-12-16,Bawang Merah,Sumatera Utara,36400.0
2025-12-17,Bawang Merah,Sumatera Utara,36800.0
2025-12-18,Bawang Merah,Sumatera Utara,34600.0
2025-12-19,Bawang Merah,Sumatera Utara,36300.0
2025-12-20,Bawang Merah,Sumatera Utara,34600.0
2025-12-21,Bawang Merah,Sumatera Utara,36500.0
2025-12-22,Bawang Merah,Sumatera Utara,34200.0
2025-12-23,Bawang Merah,Sumatera Utara,35500.0
2025-12-24,Bawang Merah,Sumatera Utara,35100.0
2025-12-25,Bawang Merah,Sumatera Utara,36800.0
2025-12-26,Bawang Merah,Sumatera Utara,34700.0
2025-12-27,Bawang Merah,Sumatera Utara,34900.0
2025-12-28,Bawang Merah,Sumatera Utara,35700.0
2025-12-29,Bawang Merah,Sumatera Utara,35900.0
2025-12-30,Bawang Merah,Sumatera Utara,36400.0
2025-12-31,Bawang Merah,Sumatera Utara,35900.0
2026-01-01,Bawang Merah,Sumatera Utara,34800.0
2026-01-02,Bawang Merah,Sumatera Utara,34300.0
2026-01-03,Bawang Merah,Sumatera Utara,34600.0
2026-01-04,Bawang Merah,Sumatera Utara,34900.0
2026-01-05,Bawang Merah,Sumatera Utara,34800.0
2026-01-06,Bawang Merah,Sumatera Utara,35200.0
2026-01-07,Bawang Merah,Sumatera Utara,33500.0
2026-01-08,Bawang Merah,Sumatera Utara,35800.0
2026-01-09,Bawang Merah,Sumatera Utara,35200.0
2026-01-10,Bawang Merah,Sumatera Utara,35800.0
2026-01-11,Bawang Merah,Sumatera Utara,34800.0
2026-01-12,Bawang Merah,Sumatera Utara,33100.0
2026-01-13,Bawang Merah,Sumatera Utara,34900.0
2026-01-14,Bawang Merah,Sumatera Utara,35100.0
2026-01-15,Bawang Merah,Sumatera Utara,36200.0
2026-01-16,Bawang Merah,Sumatera Utara,32400.0
2026-01-17,Bawang Merah,Sumatera Utara,34700.0
2026-01-18,Bawang Merah,Sumatera Utara,35500.0
2026-01-19,Bawang Merah,Sumatera Utara,34400.0
2026-01-20,Bawang Merah,Sumatera Utara,35300.0
2026-01-21,Bawang Merah,Sumatera Utara,34800.0
2026-01-22,Bawang Merah,Sumatera Utara,34500.0
2026-01-23,Bawang Merah,Sumatera Utara,34500.0
2026-01-24,Bawang Merah,Sumatera Utara,34000.0
2026-01-25,Bawang Merah,Sumatera Utara,35900.0
2026-01-26,Bawang Merah,Sumatera Utara,34800.0
2026-01-27,Bawang Merah,Sumatera Utara,34600.0
2026-01-28,Bawang Merah,Sumatera Utara,38100.0
2026-01-29,Bawang Merah,Sumatera Utara,37100.0
2026-01-30,Bawang Merah,Sumatera Utara,33400.0
2026-01-31,Bawang Merah,Sumatera Utara,34700.0
2026-02-01,Bawang Merah,Sumatera Utara,36100.0
2026-02-02,Bawang Merah,Sumatera Utara,36300.0
2026-02-03,Bawang Merah,Sumatera Utara,34700.0
2026-02-04,Bawang Merah,Sumatera Utara,37700.0
2026-02-05,Bawang Merah,Sumatera Utara,37000.0
2026-02-06,Bawang Merah,Sumatera Utara,36200.0
2026-02-07,Bawang Merah,Sumatera Utara,37400.0
2026-02-08,Bawang Merah,Sumatera Utara,36400.0
2026-02-09,Bawang Merah,Sumatera Utara,36700.0
2026-02-10,Bawang Merah,Sumatera Utara,38600.0
2026-02-11,Bawang Merah,Sumatera Utara,38100.0
2026-02-12,Bawang Merah,Sumatera Utara,35300.0
2026-02-13,Bawang Merah,Sumatera Utara,36800.0
2026-02-14,Bawang Merah,Sumatera Utara,35300.0
2026-02-15,Bawang Merah,Sumatera Utara,36800.0
2026-02-16,Bawang Merah,Sumatera Utara,37400.0
2026-02-17,Bawang Merah,Sumatera Utara,35500.0
2026-02-18,Bawang Merah,Sumatera Utara,37100.0
2026-02-19,Bawang Merah,Sumatera Utara,37400.0
2026-02-20,Bawang Merah,Sumatera Utara,36100.0
2026-02-21,Bawang Merah,Sumatera Utara,36700.0
2026-02-22,Bawang Merah,Sumatera Utara,38100.0
2026-02-23,Bawang Merah,Sumatera Utara,37600.0
2026-02-24,Bawang Merah,Sumatera Utara,38300.0
2026-02-25,Bawang Merah,Sumatera Utara,39800.0
2026-02-26,Bawang Merah,Sumatera Utara,38700.0
2026-02-27,Bawang Merah,Sumatera Utara,38200.0
2026-02-28,Bawang Merah,Sumatera Utara,37000.0
2026-03-01,Bawang Merah,Sumatera Utara,39300.0
2026-03-02,Bawang Merah,Sumatera Utara,39000.0
2026-03-03,Bawang Merah,Sumatera Utara,40300.0
2026-03-04,Bawang Merah,Sumatera Utara,38700.0
2026-03-05,Bawang Merah,Sumatera Utara,36100.0
2026-03-06,Bawang Merah,Sumatera Utara,36000.0
2026-03-07,Bawang Merah,Sumatera Utara,39100.0
2026-03-08,Bawang Merah,Sumatera Utara,38400.0
2026-03-09,Bawang Merah,Sumatera Utara,40700.0
2026-03-10,Bawang Merah,Sumatera Utara,41000.0
2026-03-11,Bawang Merah,Sumatera Utara,41600.0
2026-03-12,Bawang Merah,Sumatera Utara,42100.0
2026-03-13,Bawang Merah,Sumatera Utara,41200.0
2026-03-14,Bawang Merah,Sumatera Utara,42100.0
2026-03-15,Bawang Merah,Sumatera Utara,41900.0
2026-03-16,Bawang Merah,Sumatera Utara,42900.0
2026-03-17,Bawang Merah,Sumatera Utara,43700.0
2026-03-18,Bawang Merah,Sumatera Utara,44400.0
2026-03-19,Bawang Merah,Sumatera Utara,46100.0
2026-03-20,Bawang Merah,Sumatera Utara,44900.0
2026-03-21,Bawang Merah,Sumatera Utara,39800.0
2026-03-22,Bawang Merah,Sumatera Utara,40600.0
2026-03-23,Bawang Merah,Sumatera Utara,40000.0
2026-03-24,Bawang Merah,Sumatera Utara,39900.0
2026-03-25,Bawang Merah,Sumatera Utara,39900.0
2026-03-26,Bawang Merah,Sumatera Utara,40200.0
2026-03-27,Bawang Merah,Sumatera Utara,38800.0
2026-03-28,Bawang Merah,Sumatera Utara,39700.0
2026-03-29,Bawang Merah,Sumatera Utara,39300.0
2026-03-30,Bawang Merah,Sumatera Utara,38500.0
2026-03-31,Bawang Merah,Sumatera Utara,40300.0
2026-04-01,Bawang Merah,Sumatera Utara,39200.0
2026-04-02,Bawang Merah,Sumatera Utara,38700.0
2026-04-03,Bawang Merah,Sumatera Utara,38100.0
2026-04-04,Bawang Merah,Sumatera Utara,38600.0
2026-04-05,Bawang Merah,Sumatera Utara,39700.0
2026-04-06,Bawang Merah,Sumatera Utara,40200.0
2026-04-07,Bawang Merah,Sumatera Utara,39900.0
2026-04-08,Bawang Merah,Sumatera Utara,40400.0
2026-04-09,Bawang Merah,Sumatera Utara,41300.0
2026-04-10,Bawang Merah,Sumatera Utara,39400.0
2026-04-11,Bawang Merah,Sumatera Utara,38000.0
2026-04-12,Bawang Merah,Sumatera Utara,41100.0
2026-04-13,Bawang Merah,Sumatera Utara,39000.0
2026-04-14,Bawang Merah,Sumatera Utara,39000.0
2026-04-15,Bawang Merah,Sumatera Utara,37500.0
2026-04-16,Bawang Merah,Sumatera Utara,40600.0
2026-04-17,Bawang Merah,Sumatera Utara,37500.0
2026-04-18,Bawang Merah,Sumatera Utara,38200.0
2026-04-19,Bawang Merah,Sumatera Utara,39700.0
2026-04-20,Bawang Merah,Sumatera Utara,40300.0
2026-04-21,Bawang Merah,Sumatera Utara,38900.0
2026-04-22,Bawang Merah,Sumatera Utara,39800.0
2026-04-23,Bawang Merah,Sumatera Utara,38800.0
2026-04-24,Bawang Merah,Sumatera Utara,38600.0
2026-04-25,Bawang Merah,Sumatera Utara,39200.0
2026-04-26,Bawang Merah,Sumatera Utara,38600.0
2026-04-27,Bawang Merah,Sumatera Utara,39200.0
2026-04-28,Bawang Merah,Sumatera Utara,38100.0
2026-04-29,Bawang Merah,Sumatera Utara,41400.0
2026-04-30,Bawang Merah,Sumatera Utara,40200.0
2026-05-01,Bawang Merah,Sumatera Utara,40200.0
2026-05-02,Bawang Merah,Sumatera Utara,40400.0
2026-05-03,Bawang Merah,Sumatera Utara,37800.0
2026-05-04,Bawang Merah,Sumatera Utara,38700.0
2026-05-05,Bawang Merah,Sumatera Utara,37100.0
2026-05-06,Bawang Merah,Sumatera Utara,43200.0
2026-05-07,Bawang Merah,Sumatera Utara,38900.0
2026-05-08,Bawang Merah,Sumatera Utara,39900.0
2026-05-09,Bawang Merah,Sumatera Utara,36800.0
2026-05-10,Bawang Merah,Sumatera Utara,39600.0
2026-05-11,Bawang Merah,Sumatera Utara,40800.0
2026-05-12,Bawang Merah,Sumatera Utara,39000.0
2026-05-13,Bawang Merah,Sumatera Utara,38100.0
2026-05-14,Bawang Merah,Sumatera Utara,39100.0
2026-05-15,Bawang Merah,Sumatera Utara,36100.0
2026-05-16,Bawang Merah,Sumatera Utara,38400.0
2026-05-17,Bawang Merah,Sumatera Utara,39500.0
2026-05-18,Bawang Merah,Sumatera Utara,38700.0
2026-05-19,Bawang Merah,Sumatera Utara,38600.0
2026-05-20,Bawang Merah,Sumatera Utara,39500.0
2026-05-21,Bawang Merah,Sumatera Utara,39300.0
2026-05-22,Bawang Merah,Sumatera Utara,36200.0
2026-05-23,Bawang Merah,Sumatera Utara,38200.0
2026-05-24,Bawang Merah,Sumatera Utara,41100.0
2026-05-25,Bawang Merah,Sumatera Utara,37000.0
2026-05-26,Bawang Merah,Sumatera Utara,38600.0
2026-05-27,Bawang Merah,Sumatera Utara,41200.0
2026-05-28,Bawang Merah,Sumatera Utara,39800.0
2026-05-29,Bawang Merah,Sumatera Utara,37300.0
2026-05-30,Bawang Merah,Sumatera Utara,37900.0
2026-05-31,Bawang Merah,Sumatera Utara,37900.0
2026-06-01,Bawang Merah,Sumatera Utara,37200.0
2026-06-02,Bawang Merah,Sumatera Utara,38500.0
2026-06-03,Bawang Merah,Sumatera Utara,38400.0
2026-06-04,Bawang Merah,Sumatera Utara,38600.0
2026-06-05,Bawang Merah,Sumatera Utara,37400.0
2026-06-06,Bawang Merah,Sumatera Utara,36600.0
2026-06-07,Bawang Merah,Sumatera Utara,38000.0
2026-06-08,Bawang Merah,Sumatera Utara,40600.0
2026-06-09,Bawang Merah,Sumatera Utara,39000.0
2026-06-10,Bawang Merah,Sumatera Utara,38500.0
2026-06-11,Bawang Merah,Sumatera Utara,39500.0
2026-06-12,Bawang Merah,Sumatera Utara,38200.0
2026-06-13,Bawang Merah,Sumatera Utara,40500.0
2026-06-14,Bawang Merah,Sumatera Utara,38400.0
2026-06-15,Bawang Merah,Sumatera Utara,39400.0
2026-06-16,Bawang Merah,Sumatera Utara,38100.0
2026-06-17,Bawang Merah,Sumatera Utara,39800.0
2026-06-18,Bawang Merah,Sumatera Utara,39200.0
2026-06-19,Bawang Merah,Sumatera Utara,38200.0
2026-06-20,Bawang Merah,Sumatera Utara,37500.0
2026-06-21,Bawang Merah,Sumatera Utara,37100.0
2026-06-22,Bawang Merah,Sumatera Utara,38500.0
2026-06-23,Bawang Merah,Sumatera Utara,39100.0
2026-06-24,Bawang Merah,Sumatera Utara,38500.0
2026-06-25,Bawang Merah,Sumatera Utara,38700.0
2026-06-26,Bawang Merah,Sumatera Utara,38100.0
2026-06-27,Bawang Merah,Sumatera Utara,37900.0
2026-06-28,Bawang Merah,Sumatera Utara,37800.0
2026-06-29,Bawang Merah,Sumatera Utara,38600.0
2026-06-30,Bawang Merah,Sumatera Utara,41900.0
2026-07-01,Bawang Merah,Sumatera Utara,39200.0
2026-07-02,Bawang Merah,Sumatera Utara,39800.0
2026-07-03,Bawang Merah,Sumatera Utara,39200.0
2026-07-04,Bawang Merah,Sumatera Utara,38100.0
2026-07-05,Bawang Merah,Sumatera Utara,40100.0
2026-07-06,Bawang Merah,Sumatera Utara,38500.0
2026-07-07,Bawang Merah,Sumatera Utara,40100.0
2026-07-08,Bawang Merah,Sumatera Utara,38700.0
2026-07-09,Bawang Merah,Sumatera Utara,37400.0
2026-07-10,Bawang Merah,Sumatera Utara,38500.0
2026-07-11,Bawang Merah,Sumatera Utara,36800.0
2026-07-12,Bawang Merah,Sumatera Utara,38700.0
2026-07-13,Bawang Merah,Sumatera Utara,36800.0
2026-07-14,Bawang Merah,Sumatera Utara,38200.0
2026-07-15,Bawang Merah,Sumatera Utara,36800.0
2026-07-16,Bawang Merah,Sumatera Utara,41400.0
2026-07-17,Bawang Merah,Sumatera Utara,35900.0
2026-07-18,Bawang Merah,Sumatera Utara,37500.0
2026-07-19,Bawang Merah,Sumatera Utara,38700.0
2026-07-20,Bawang Merah,Sumatera Utara,38900.0
2026-07-21,Bawang Merah,Sumatera Utara,39100.0
2026-07-22,Bawang Merah,Sumatera Utara,37700.0
2026-07-23,Bawang Merah,Sumatera Utara,39400.0
2026-07-24,Bawang Merah,Sumatera Utara,38600.0
2026-07-25,Bawang Merah,Sumatera Utara,37700.0
2026-07-26,Bawang Merah,Sumatera Utara,37700.0
2026-07-27,Bawang Merah,Sumatera Utara,37500.0
2026-07-28,Bawang Merah,Sumatera Utara,37100.0
2026-07-29,Bawang Merah,Sumatera Utara,39800.0
2026-07-30,Bawang Merah,Sumatera Utara,39700.0
2026-07-31,Bawang Merah,Sumatera Utara,36600.0
2026-08-01,Bawang Merah,Sumatera Utara,37200.0
2026-08-02,Bawang Merah,Sumatera Utara,37300.0
2026-08-03,Bawang Merah,Sumatera Utara,37900.0
2026-08-04,Bawang Merah,Sumatera Utara,38300.0
2026-08-05,Bawang Merah,Sumatera Utara,39500.0
2026-08-06,Bawang Merah,Sumatera Utara,37200.0
2026-08-07,Bawang Merah,Sumatera Utara,36800.0
2026-08-08,Bawang Merah,Sumatera Utara,39100.0
2026-08-09,Bawang Merah,Sumatera Utara,37400.0
2026-08-10,Bawang Merah,Sumatera Utara,36500.0
2026-08-11,Bawang Merah,Sumatera Utara,37600.0
2026-08-12,Bawang Merah,Sumatera Utara,38000.0
2026-08-13,Bawang Merah,Sumatera Utara,40000.0
2026-08-14,Bawang Merah,Sumatera Utara,38700.0
2026-08-15,Bawang Merah,Sumatera Utara,38600.0
2026-08-16,Bawang Merah,Sumatera Utara,38400.0
2026-08-17,Bawang Merah,Sumatera Utara,39000.0
2026-08-18,Bawang Merah,Sumatera Utara,37400.0
2026-08-19,Bawang Merah,Sumatera Utara,38400.0
2026-08-20,Bawang Merah,Sumatera Utara,37400.0
2026-08-21,Bawang Merah,Sumatera Utara,37900.0
2026-08-22,Bawang Merah,Sumatera Utara,38600.0
2026-08-23,Bawang Merah,Sumatera Utara,37800.0
2026-08-24,Bawang Merah,Sumatera Utara,39500.0
2026-08-25,Bawang Merah,Sumatera Utara,36900.0
2026-08-26,Bawang Merah,Sumatera Utara,39100.0
2026-08-27,Bawang Merah,Sumatera Utara,37100.0
2026-08-28,Bawang Merah,Sumatera Utara,38400.0
2026-08-29,Bawang Merah,Sumatera Utara,38700.0
2026-08-30,Bawang Merah,Sumatera Utara,37600.0
2026-08-31,Bawang Merah,Sumatera Utara,38900.0
2026-09-01,Bawang Merah,Sumatera Utara,37400.0
2026-09-02,Bawang Merah,Sumatera Utara,36800.0
2026-09-03,Bawang Merah,Sumatera Utara,39200.0
2026-09-04,Bawang Merah,Sumatera Utara,40200.0
2026-09-05,Bawang Merah,Sumatera Utara,36800.0
2026-09-06,Bawang Merah,Sumatera Utara,39400.0
2026-09-07,Bawang Merah,Sumatera Utara,38300.0
2026-09-08,Bawang Merah,Sumatera Utara,37200.0
2026-09-09,Bawang Merah,Sumatera Utara,37400.0
2026-09-10,Bawang Merah,Sumatera Utara,38400.0
2026-09-11,Bawang Merah,Sumatera Utara,37600.0
2026-09-12,Bawang Merah,Sumatera Utara,36500.0
2026-09-13,Bawang Merah,Sumatera Utara,36000.0
2026-09-14,Bawang Merah,Sumatera Utara,37000.0
2026-09-15,Bawang Merah,Sumatera Utara,38600.0
2026-09-16,Bawang Merah,Sumatera Utara,38200.0
2026-09-17,Bawang Merah,Sumatera Utara,37600.0
2026-09-18,Bawang Merah,Sumatera Utara,38100.0
2026-09-19,Bawang Merah,Sumatera Utara,38600.0
2026-09-20,Bawang Merah,Sumatera Utara,37800.0
2026-09-21,Bawang Merah,Sumatera Utara,37600.0
2026-09-22,Bawang Merah,Sumatera Utara,39000.0
2026-09-23,Bawang Merah,Sumatera Utara,36900.0
2026-09-24,Bawang Merah,Sumatera Utara,37700.0
2026-09-25,Bawang Merah,Sumatera Utara,37300.0
2026-09-26,Bawang Merah,Sumatera Utara,35800.0
2026-09-27,Bawang Merah,Sumatera Utara,36800.0
2026-09-28,Bawang Merah,Sumatera Utara,35400.0
2026-09-29,Bawang Merah,Sumatera Utara,40500.0
2026-09-30,Bawang Merah,Sumatera Utara,37000.0
2024-01-01,Beras,DKI Jakarta,14100.0
2024-01-02,Beras,DKI Jakarta,14100.0
2024-01-03,Beras,DKI Jakarta,14300.0
2024-01-04,Beras,DKI Jakarta,14000.0
2024-01-05,Beras,DKI Jakarta,13800.0
2024-01-06,Beras,DKI Jakarta,14000.0
2024-01-07,Beras,DKI Jakarta,13900.0
2024-01-08,Beras,DKI Jakarta,13900.0
2024-01-09,Beras,DKI Jakarta,14100.0
2024-01-10,Beras,DKI Jakarta,14300.0
2024-01-11,Beras,DKI Jakarta,14200.0
2024-01-12,Beras,DKI Jakarta,14200.0
2024-01-13,Beras,DKI Jakarta,14100.0
2024-01-14,Beras,DKI Jakarta,14100.0
2024-01-15,Beras,DKI Jakarta,14200.0
2024-01-16,Beras,DKI Jakarta,14300.0
2024-01-17,Beras,DKI Jakarta,14400.0
2024-01-18,Beras,DKI Jakarta,14200.0
2024-01-19,Beras,DKI Jakarta,14300.0
2024-01-20,Beras,DKI Jakarta,14200.0
2024-01-21,Beras,DKI Jakarta,14100.0
2024-01-22,Beras,DKI Jakarta,14400.0
2024-01-23,Beras,DKI Jakarta,14400.0
2024-01-24,Beras,DKI Jakarta,14400.0
2024-01-25,Beras,DKI Jakarta,14200.0
2024-01-26,Beras,DKI Jakarta,14000.0
2024-01-27,Beras,DKI Jakarta,14200.0
2024-01-28,Beras,DKI Jakarta,14300.0
2024-01-29,Beras,DKI Jakarta,14200.0
2024-01-30,Beras,DKI Jakarta,14600.0
2024-01-31,Beras,DKI Jakarta,14600.0
2024-02-01,Beras,DKI Jakarta,14300.0
2024-02-02,Beras,DKI Jakarta,14300.0
2024-02-03,Beras,DKI Jakarta,14500.0
2024-02-04,Beras,DKI Jakarta,14100.0
2024-02-05,Beras,DKI Jakarta,14500.0
2024-02-06,Beras,DKI Jakarta,14500.0
2024-02-07,Beras,DKI Jakarta,14600.0
2024-02-08,Beras,DKI Jakarta,14600.0
2024-02-09,Beras,DKI Jakarta,14300.0
2024-02-10,Beras,DKI Jakarta,14400.0
2024-02-11,Beras,DKI Jakarta,14600.0
2024-02-12,Beras,DKI Jakarta,14400.0
2024-02-13,Beras,DKI Jakarta,14600.0
2024-02-14,Beras,DKI Jakarta,14500.0
2024-02-15,Beras,DKI Jakarta,14500.0
2024-02-16,Beras,DKI Jakarta,14400.0
2024-02-17,Beras,DKI Jakarta,14400.0
2024-02-18,Beras,DKI Jakarta,14500.0
2024-02-19,Beras,DKI Jakarta,14400.0
2024-02-20,Beras,DKI Jakarta,14800.0
2024-02-21,Beras,DKI Jakarta,14800.0
2024-02-22,Beras,DKI Jakarta,14600.0
2024-02-23,Beras,DKI Jakarta,14400.0
2024-02-24,Beras,DKI Jakarta,14300.0
2024-02-25,Beras,DKI Jakarta,14300.0
2024-02-26,Beras,DKI Jakarta,14600.0
2024-02-27,Beras,DKI Jakarta,14500.0
2024-02-28,Beras,DKI Jakarta,14700.0
2024-02-29,Beras,DKI Jakarta,14500.0
2024-03-01,Beras,DKI Jakarta,14600.0
2024-03-02,Beras,DKI Jakarta,14400.0
2024-03-03,Beras,DKI Jakarta,14500.0
2024-03-04,Beras,DKI Jakarta,14700.0
2024-03-05,Beras,DKI Jakarta,14800.0
2024-03-06,Beras,DKI Jakarta,14800.0
2024-03-07,Beras,DKI Jakarta,14600.0
2024-03-08,Beras,DKI Jakarta,14400.0
2024-03-09,Beras,DKI Jakarta,14300.0
2024-03-10,Beras,DKI Jakarta,14200.0
2024-03-11,Beras,DKI Jakarta,14500.0
2024-03-12,Beras,DKI Jakarta,14700.0
2024-03-13,Beras,DKI Jakarta,14700.0
2024-03-14,Beras,DKI Jakarta,14700.0
2024-03-15,Beras,DKI Jakarta,14700.0
2024-03-16,Beras,DKI Jakarta,14500.0
2024-03-17,Beras,DKI Jakarta,14400.0
2024-03-18,Beras,DKI Jakarta,14700.0
2024-03-19,Beras,DKI Jakarta,14700.0
2024-03-20,Beras,DKI Jakarta,14800.0
2024-03-21,Beras,DKI Jakarta,14900.0
2024-03-22,Beras,DKI Jakarta,14600.0
2024-03-23,Beras,DKI Jakarta,14800.0
2024-03-24,Beras,DKI Jakarta,14800.0
2024-03-25,Beras,DKI Jakarta,14700.0
2024-03-26,Beras,DKI Jakarta,14700.0
2024-03-27,Beras,DKI Jakarta,14900.0
2024-03-28,Beras,DKI Jakarta,15100.0
2024-03-29,Beras,DKI Jakarta,15000.0
2024-03-30,Beras,DKI Jakarta,15200.0
2024-03-31,Beras,DKI Jakarta,15400.0
2024-04-01,Beras,DKI Jakarta,15500.0
2024-04-02,Beras,DKI Jakarta,15800.0
2024-04-03,Beras,DKI Jakarta,16200.0
2024-04-04,Beras,DKI Jakarta,16200.0
2024-04-05,Beras,DKI Jakarta,16100.0
2024-04-06,Beras,DKI Jakarta,16200.0
2024-04-07,Beras,DKI Jakarta,16400.0
2024-04-08,Beras,DKI Jakarta,16500.0
2024-04-09,Beras,DKI Jakarta,17000.0
2024-04-10,Beras,DKI Jakarta,17100.0
2024-04-11,Beras,DKI Jakarta,14500.0
2024-04-12,Beras,DKI Jakarta,14700.0
2024-04-13,Beras,DKI Jakarta,14600.0
2024-04-14,Beras,DKI Jakarta,14800.0
2024-04-15,Beras,DKI Jakarta,14700.0
2024-04-16,Beras,DKI Jakarta,14700.0
2024-04-17,Beras,DKI Jakarta,15000.0
2024-04-18,Beras,DKI Jakarta,14700.0
2024-04-19,Beras,DKI Jakarta,14600.0
2024-04-20,Beras,DKI Jakarta,14600.0
2024-04-21,Beras,DKI Jakarta,14500.0
2024-04-22,Beras,DKI Jakarta,14500.0
2024-04-23,Beras,DKI Jakarta,15000.0
2024-04-24,Beras,DKI Jakarta,14900.0
2024-04-25,Beras,DKI Jakarta,14700.0
2024-04-26,Beras,DKI Jakarta,14600.0
2024-04-27,Beras,DKI Jakarta,14600.0
2024-04-28,Beras,DKI Jakarta,14700.0
2024-04-29,Beras,DKI Jakarta,14600.0
2024-04-30,Beras,DKI Jakarta,14800.0
2024-05-01,Beras,DKI Jakarta,14700.0
2024-05-02,Beras,DKI Jakarta,14700.0
2024-05-03,Beras,DKI Jakarta,14600.0
2024-05-04,Beras,DKI Jakarta,14500.0
2024-05-05,Beras,DKI Jakarta,14600.0
2024-05-06,Beras,DKI Jakarta,14700.0
2024-05-07,Beras,DKI Jakarta,14600.0
2024-05-08,Beras,DKI Jakarta,14600.0
2024-05-09,Beras,DKI Jakarta,14700.0
2024-05-10,Beras,DKI Jakarta,14800.0
2024-05-11,Beras,DKI Jakarta,14400.0
2024-05-12,Beras,DKI Jakarta,14500.0
2024-05-13,Beras,DKI Jakarta,14600.0
2024-05-14,Beras,DKI Jakarta,14700.0
2024-05-15,Beras,DKI Jakarta,14800.0
2024-05-16,Beras,DKI Jakarta,14800.0
2024-05-17,Beras,DKI Jakarta,14500.0
2024-05-18,Beras,DKI Jakarta,14300.0
2024-05-19,Beras,DKI Jakarta,14800.0
2024-05-20,Beras,DKI Jakarta,14600.0
2024-05-21,Beras,DKI Jakarta,14600.0
2024-05-22,Beras,DKI Jakarta,14800.0
2024-05-23,Beras,DKI Jakarta,14500.0
2024-05-24,Beras,DKI Jakarta,14600.0
2024-05-25,Beras,DKI Jakarta,14300.0
2024-05-26,Beras,DKI Jakarta,14600.0
2024-05-27,Beras,DKI Jakarta,14600.0
2024-05-28,Beras,DKI Jakarta,14800.0
2024-05-29,Beras,DKI Jakarta,14900.0
2024-05-30,Beras,DKI Jakarta,14500.0
2024-05-31,Beras,DKI Jakarta,14600.0
2024-06-01,Beras,DKI Jakarta,14200.0
2024-06-02,Beras,DKI Jakarta,14300.0
2024-06-03,Beras,DKI Jakarta,14400.0
2024-06-04,Beras,DKI Jakarta,14800.0
2024-06-05,Beras,DKI Jakarta,15000.0
2024-06-06,Beras,DKI Jakarta,15000.0
2024-06-07,Beras,DKI Jakarta,15100.0
2024-06-08,Beras,DKI Jakarta,15200.0
2024-06-09,Beras,DKI Jakarta,15300.0
2024-06-10,Beras,DKI Jakarta,15700.0
2024-06-11,Beras,DKI Jakarta,16000.0
2024-06-12,Beras,DKI Jakarta,16000.0
2024-06-13,Beras,DKI Jakarta,16000.0
2024-06-14,Beras,DKI Jakarta,16100.0
2024-06-15,Beras,DKI Jakarta,16000.0
2024-06-16,Beras,DKI Jakarta,16200.0
2024-06-17,Beras,DKI Jakarta,16700.0
2024-06-18,Beras,DKI Jakarta,14500.0
2024-06-19,Beras,DKI Jakarta,14400.0
2024-06-20,Beras,DKI Jakarta,14300.0
2024-06-21,Beras,DKI Jakarta,14300.0
2024-06-22,Beras,DKI Jakarta,14300.0
2024-06-23,Beras,DKI Jakarta,14400.0
2024-06-24,Beras,DKI Jakarta,14400.0
2024-06-25,Beras,DKI Jakarta,14700.0
2024-06-26,Beras,DKI Jakarta,14500.0
2024-06-27,Beras,DKI Jakarta,14400.0
2024-06-28,Beras,DKI Jakarta,14000.0
2024-06-29,Beras,DKI Jakarta,14100.0
2024-06-30,Beras,DKI Jakarta,14300.0
2024-07-01,Beras,DKI Jakarta,14400.0
2024-07-02,Beras,DKI Jakarta,14200.0
2024-07-03,Beras,DKI Jakarta,14400.0
2024-07-04,Beras,DKI Jakarta,14400.0
2024-07-05,Beras,DKI Jakarta,14100.0
2024-07-06,Beras,DKI Jakarta,13800.0
2024-07-07,Beras,DKI Jakarta,14100.0
2024-07-08,Beras,DKI Jakarta,14200.0
2024-07-09,Beras,DKI Jakarta,14200.0
2024-07-10,Beras,DKI Jakarta,14300.0
2024-07-11,Beras,DKI Jakarta,14100.0
2024-07-12,Beras,DKI Jakarta,13800.0
2024-07-13,Beras,DKI Jakarta,14100.0
2024-07-14,Beras,DKI Jakarta,14000.0
2024-07-15,Beras,DKI Jakarta,14300.0
2024-07-16,Beras,DKI Jakarta,14300.0
2024-07-17,Beras,DKI Jakarta,14200.0
2024-07-18,Beras,DKI Jakarta,14200.0
2024-07-19,Beras,DKI Jakarta,14100.0
2024-07-20,Beras,DKI Jakarta,14100.0
2024-07-21,Beras,DKI Jakarta,14000.0
2024-07-22,Beras,DKI Jakarta,14200.0
2024-07-23,Beras,DKI Jakarta,14200.0
2024-07-24,Beras,DKI Jakarta,14100.0
2024-07-25,Beras,DKI Jakarta,14100.0
2024-07-26,Beras,DKI Jakarta,14000.0
2024-07-27,Beras,DKI Jakarta,13800.0
2024-07-28,Beras,DKI Jakarta,13800.0
2024-07-29,Beras,DKI Jakarta,14100.0
2024-07-30,Beras,DKI Jakarta,14100.0
2024-07-31,Beras,DKI Jakarta,14100.0
2024-08-01,Beras,DKI Jakarta,14000.0
2024-08-02,Beras,DKI Jakarta,14100.0
2024-08-03,Beras,DKI Jakarta,14000.0
2024-08-04,Beras,DKI Jakarta,13700.0
2024-08-05,Beras,DKI Jakarta,13900.0
2024-08-06,Beras,DKI Jakarta,14100.0
2024-08-07,Beras,DKI Jakarta,14100.0
2024-08-08,Beras,DKI Jakarta,14000.0
2024-08-09,Beras,DKI Jakarta,13700.0
2024-08-10,Beras,DKI Jakarta,13700.0
2024-08-11,Beras,DKI Jakarta,13800.0
2024-08-12,Beras,DKI Jakarta,13900.0
2024-08-13,Beras,DKI Jakarta,14200.0
2024-08-14,Beras,DKI Jakarta,14000.0
2024-08-15,Beras,DKI Jakarta,13800.0
2024-08-16,Beras,DKI Jakarta,13800.0
2024-08-17,Beras,DKI Jakarta,13900.0
2024-08-18,Beras,DKI Jakarta,13600.0
2024-08-19,Beras,DKI Jakarta,14000.0
2024-08-20,Beras,DKI Jakarta,13900.0
2024-08-21,Beras,DKI Jakarta,13900.0
2024-08-22,Beras,DKI Jakarta,13700.0
2024-08-23,Beras,DKI Jakarta,13800.0
2024-08-24,Beras,DKI Jakarta,13600.0
2024-08-25,Beras,DKI Jakarta,13700.0
2024-08-26,Beras,DKI Jakarta,13700.0
2024-08-27,Beras,DKI Jakarta,13900.0
2024-08-28,Beras,DKI Jakarta,13900.0
2024-08-29,Beras,DKI Jakarta,13900.0
2024-08-30,Beras,DKI Jakarta,13700.0
2024-08-31,Beras,DKI Jakarta,13500.0
2024-09-01,Beras,DKI Jakarta,14000.0
2024-09-02,Beras,DKI Jakarta,13700.0
2024-09-03,Beras,DKI Jakarta,14000.0
2024-09-04,Beras,DKI Jakarta,13800.0
2024-09-05,Beras,DKI Jakarta,13700.0
2024-09-06,Beras,DKI Jakarta,13800.0
2024-09-07,Beras,DKI Jakarta,13700.0
2024-09-08,Beras,DKI Jakarta,13800.0
2024-09-09,Beras,DKI Jakarta,13800.0
2024-09-10,Beras,DKI Jakarta,13900.0
2024-09-11,Beras,DKI Jakarta,13800.0
2024-09-12,Beras,DKI Jakarta,14000.0
2024-09-13,Beras,DKI Jakarta,13900.0
2024-09-14,Beras,DKI Jakarta,13600.0
2024-09-15,Beras,DKI Jakarta,13700.0
2024-09-16,Beras,DKI Jakarta,13800.0
2024-09-17,Beras,DKI Jakarta,13900.0
2024-09-18,Beras,DKI Jakarta,14100.0
2024-09-19,Beras,DKI Jakarta,14000.0
2024-09-20,Beras,DKI Jakarta,13800.0
2024-09-21,Beras,DKI Jakarta,13700.0
2024-09-22,Beras,DKI Jakarta,13900.0
2024-09-23,Beras,DKI Jakarta,13900.0
2024-09-24,Beras,DKI Jakarta,14000.0
2024-09-25,Beras,DKI Jakarta,13800.0
2024-09-26,Beras,DKI Jakarta,13900.0
2024-09-27,Beras,DKI Jakarta,13900.0
2024-09-28,Beras,DKI Jakarta,13400.0
2024-09-29,Beras,DKI Jakarta,13800.0
2024-09-30,Beras,DKI Jakarta,13800.0
2024-10-01,Beras,DKI Jakarta,14000.0
2024-10-02,Beras,DKI Jakarta,13900.0
2024-10-03,Beras,DKI Jakarta,13900.0
2024-10-04,Beras,DKI Jakarta,14000.0
2024-10-05,Beras,DKI Jakarta,13700.0
2024-10-06,Beras,DKI Jakarta,13900.0
2024-10-07,Beras,DKI Jakarta,13800.0
2024-10-08,Beras,DKI Jakarta,14100.0
2024-10-09,Beras,DKI Jakarta,14000.0
2024-10-10,Beras,DKI Jakarta,14000.0
2024-10-11,Beras,DKI Jakarta,13800.0
2024-10-12,Beras,DKI Jakarta,13800.0
2024-10-13,Beras,DKI Jakarta,13500.0
2024-10-14,Beras,DKI Jakarta,13800.0
2024-10-15,Beras,DKI Jakarta,14000.0
2024-10-16,Beras,DKI Jakarta,13800.0
2024-10-17,Beras,DKI Jakarta,13900.0
2024-10-18,Beras,DKI Jakarta,13800.0
2024-10-19,Beras,DKI Jakarta,13600.0
2024-10-20,Beras,DKI Jakarta,13700.0
2024-10-21,Beras,DKI Jakarta,13900.0
2024-10-22,Beras,DKI Jakarta,14100.0
2024-10-23,Beras,DKI Jakarta,14000.0
2024-10-24,Beras,DKI Jakarta,13900.0
2024-10-25,Beras,DKI Jakarta,13800.0
2024-10-26,Beras,DKI Jakarta,13600.0
2024-10-27,Beras,DKI Jakarta,13800.0
2024-10-28,Beras,DKI Jakarta,14000.0
2024-10-29,Beras,DKI Jakarta,14100.0
2024-10-30,Beras,DKI Jakarta,14000.0
2024-10-31,Beras,DKI Jakarta,13900.0
2024-11-01,Beras,DKI Jakarta,13900.0
2024-11-02,Beras,DKI Jakarta,13900.0
2024-11-03,Beras,DKI Jakarta,13800.0
2024-11-04,Beras,DKI Jakarta,14000.0
2024-11-05,Beras,DKI Jakarta,14200.0
2024-11-06,Beras,DKI Jakarta,14000.0
2024-11-07,Beras,DKI Jakarta,14000.0
2024-11-08,Beras,DKI Jakarta,14100.0
2024-11-09,Beras,DKI Jakarta,13800.0
2024-11-10,Beras,DKI Jakarta,13800.0
2024-11-11,Beras,DKI Jakarta,14000.0
2024-11-12,Beras,DKI Jakarta,14000.0
2024-11-13,Beras,DKI Jakarta,14200.0
2024-11-14,Beras,DKI Jakarta,14000.0
2024-11-15,Beras,DKI Jakarta,14000.0
2024-11-16,Beras,DKI Jakarta,13900.0
2024-11-17,Beras,DKI Jakarta,13800.0
2024-11-18,Beras,DKI Jakarta,14100.0
2024-11-19,Beras,DKI Jakarta,14300.0
2024-11-20,Beras,DKI Jakarta,14300.0
2024-11-21,Beras,DKI Jakarta,14100.0
2024-11-22,Beras,DKI Jakarta,14000.0
2024-11-23,Beras,DKI Jakarta,14100.0
2024-11-24,Beras,DKI Jakarta,14200.0
2024-11-25,Beras,DKI Jakarta,14200.0
2024-11-26,Beras,DKI Jakarta,14300.0
2024-11-27,Beras,DKI Jakarta,14300.0
2024-11-28,Beras,DKI Jakarta,14100.0
2024-11-29,Beras,DKI Jakarta,14300.0
2024-11-30,Beras,DKI Jakarta,14200.0
2024-12-01,Beras,DKI Jakarta,14200.0
2024-12-02,Beras,DKI Jakarta,14200.0
2024-12-03,Beras,DKI Jakarta,14500.0
2024-12-04,Beras,DKI Jakarta,14500.0
2024-12-05,Beras,DKI Jakarta,14500.0
2024-12-06,Beras,DKI Jakarta,14300.0
2024-12-07,Beras,DKI Jakarta,14200.0
2024-12-08,Beras,DKI Jakarta,14000.0
2024-12-09,Beras,DKI Jakarta,14300.0
2024-12-10,Beras,DKI Jakarta,14400.0
2024-12-11,Beras,DKI Jakarta,14500.0
2024-12-12,Beras,DKI Jakarta,14500.0
2024-12-13,Beras,DKI Jakarta,14200.0
2024-12-14,Beras,DKI Jakarta,14400.0
2024-12-15,Beras,DKI Jakarta,14000.0
2024-12-16,Beras,DKI Jakarta,14300.0
2024-12-17,Beras,DKI Jakarta,14300.0
2024-12-18,Beras,DKI Jakarta,14300.0
2024-12-19,Beras,DKI Jakarta,14400.0
2024-12-20,Beras,DKI Jakarta,14100.0
2024-12-21,Beras,DKI Jakarta,14200.0
2024-12-22,Beras,DKI Jakarta,14300.0
2024-12-23,Beras,DKI Jakarta,14500.0
2024-12-24,Beras,DKI Jakarta,14300.0
2024-12-25,Beras,DKI Jakarta,14700.0
2024-12-26,Beras,DKI Jakarta,14500.0
2024-12-27,Beras,DKI Jakarta,14500.0
2024-12-28,Beras,DKI Jakarta,14300.0
2024-12-29,Beras,DKI Jakarta,14300.0
2024-12-30,Beras,DKI Jakarta,14500.0
2024-12-31,Beras,DKI Jakarta,14600.0
2025-01-01,Beras,DKI Jakarta,14800.0
2025-01-02,Beras,DKI Jakarta,14800.0
2025-01-03,Beras,DKI Jakarta,14500.0
2025-01-04,Beras,DKI Jakarta,14600.0
2025-01-05,Beras,DKI Jakarta,14400.0
2025-01-06,Beras,DKI Jakarta,14700.0
2025-01-07,Beras,DKI Jakarta,14900.0
2025-01-08,Beras,DKI Jakarta,14600.0
2025-01-09,Beras,DKI Jakarta,14700.0
2025-01-10,Beras,DKI Jakarta,14700.0
2025-01-11,Beras,DKI Jakarta,14200.0
2025-01-12,Beras,DKI Jakarta,14700.0
2025-01-13,Beras,DKI Jakarta,14800.0
2025-01-14,Beras,DKI Jakarta,14900.0
2025-01-15,Beras,DKI Jakarta,14800.0
2025-01-16,Beras,DKI Jakarta,14600.0
2025-01-17,Beras,DKI Jakarta,14800.0
2025-01-18,Beras,DKI Jakarta,14600.0
2025-01-19,Beras,DKI Jakarta,14700.0
2025-01-20,Beras,DKI Jakarta,14900.0
2025-01-21,Beras,DKI Jakarta,15000.0
2025-01-22,Beras,DKI Jakarta,15200.0
2025-01-23,Beras,DKI Jakarta,14900.0
2025-01-24,Beras,DKI Jakarta,14700.0
2025-01-25,Beras,DKI Jakarta,14700.0
2025-01-26,Beras,DKI Jakarta,14800.0
2025-01-27,Beras,DKI Jakarta,15000.0
2025-01-28,Beras,DKI Jakarta,14800.0
2025-01-29,Beras,DKI Jakarta,15000.0
2025-01-30,Beras,DKI Jakarta,15100.0
2025-01-31,Beras,DKI Jakarta,14800.0
2025-02-01,Beras,DKI Jakarta,14800.0
2025-02-02,Beras,DKI Jakarta,14800.0
2025-02-03,Beras,DKI Jakarta,15000.0
2025-02-04,Beras,DKI Jakarta,14900.0
2025-02-05,Beras,DKI Jakarta,15000.0
2025-02-06,Beras,DKI Jakarta,15000.0
2025-02-07,Beras,DKI Jakarta,14700.0
2025-02-08,Beras,DKI Jakarta,14700.0
2025-02-09,Beras,DKI Jakarta,14800.0
2025-02-10,Beras,DKI Jakarta,15100.0
2025-02-11,Beras,DKI Jakarta,15100.0
2025-02-12,Beras,DKI Jakarta,15200.0
2025-02-13,Beras,DKI Jakarta,15200.0
2025-02-14,Beras,DKI Jakarta,14800.0
2025-02-15,Beras,DKI Jakarta,14800.0
2025-02-16,Beras,DKI Jakarta,15200.0
2025-02-17,Beras,DKI Jakarta,15000.0
2025-02-18,Beras,DKI Jakarta,15300.0
2025-02-19,Beras,DKI Jakarta,15300.0
2025-02-20,Beras,DKI Jakarta,14900.0
2025-02-21,Beras,DKI Jakarta,15000.0
2025-02-22,Beras,DKI Jakarta,14900.0
2025-02-23,Beras,DKI Jakarta,15000.0
2025-02-24,Beras,DKI Jakarta,15000.0
2025-02-25,Beras,DKI Jakarta,15100.0
2025-02-26,Beras,DKI Jakarta,15100.0
2025-02-27,Beras,DKI Jakarta,15100.0
2025-02-28,Beras,DKI Jakarta,15100.0
2025-03-01,Beras,DKI Jakarta,15100.0
2025-03-02,Beras,DKI Jakarta,15100.0
2025-03-03,Beras,DKI Jakarta,15200.0
2025-03-04,Beras,DKI Jakarta,15100.0
2025-03-05,Beras,DKI Jakarta,15200.0
2025-03-06,Beras,DKI Jakarta,15200.0
2025-03-07,Beras,DKI Jakarta,15000.0
2025-03-08,Beras,DKI Jakarta,15000.0
2025-03-09,Beras,DKI Jakarta,15100.0
2025-03-10,Beras,DKI Jakarta,15200.0
2025-03-11,Beras,DKI Jakarta,15400.0
2025-03-12,Beras,DKI Jakarta,15200.0
2025-03-13,Beras,DKI Jakarta,15400.0
2025-03-14,Beras,DKI Jakarta,15100.0
2025-03-15,Beras,DKI Jakarta,15000.0
2025-03-16,Beras,DKI Jakarta,15200.0
2025-03-17,Beras,DKI Jakarta,15400.0
2025-03-18,Beras,DKI Jakarta,15600.0
2025-03-19,Beras,DKI Jakarta,15800.0
2025-03-20,Beras,DKI Jakarta,15900.0
2025-03-21,Beras,DKI Jakarta,15900.0
2025-03-22,Beras,DKI Jakarta,15800.0
2025-03-23,Beras,DKI Jakarta,16000.0
2025-03-24,Beras,DKI Jakarta,16400.0
2025-03-25,Beras,DKI Jakarta,16800.0
2025-03-26,Beras,DKI Jakarta,17000.0
2025-03-27,Beras,DKI Jakarta,17100.0
2025-03-28,Beras,DKI Jakarta,17000.0
2025-03-29,Beras,DKI Jakarta,17200.0
2025-03-30,Beras,DKI Jakarta,17300.0
2025-03-31,Beras,DKI Jakarta,17900.0
2025-04-01,Beras,DKI Jakarta,15500.0
2025-04-02,Beras,DKI Jakarta,15800.0
2025-04-03,Beras,DKI Jakarta,15500.0
2025-04-04,Beras,DKI Jakarta,15300.0
2025-04-05,Beras,DKI Jakarta,15100.0
2025-04-06,Beras,DKI Jakarta,15100.0
2025-04-07,Beras,DKI Jakarta,15300.0
2025-04-08,Beras,DKI Jakarta,15400.0
2025-04-09,Beras,DKI Jakarta,15600.0
2025-04-10,Beras,DKI Jakarta,15400.0
2025-04-11,Beras,DKI Jakarta,15300.0
2025-04-12,Beras,DKI Jakarta,15400.0
2025-04-13,Beras,DKI Jakarta,15300.0
2025-04-14,Beras,DKI Jakarta,15700.0
2025-04-15,Beras,DKI Jakarta,15400.0
2025-04-16,Beras,DKI Jakarta,15500.0
2025-04-17,Beras,DKI Jakarta,15400.0
2025-04-18,Beras,DKI Jakarta,15400.0
2025-04-19,Beras,DKI Jakarta,15000.0
2025-04-20,Beras,DKI Jakarta,15100.0
2025-04-21,Beras,DKI Jakarta,15400.0
2025-04-22,Beras,DKI Jakarta,15700.0
2025-04-23,Beras,DKI Jakarta,15600.0
2025-04-24,Beras,DKI Jakarta,15300.0
2025-04-25,Beras,DKI Jakarta,15200.0
2025-04-26,Beras,DKI Jakarta,15400.0
2025-04-27,Beras,DKI Jakarta,15200.0
2025-04-28,Beras,DKI Jakarta,15200.0
2025-04-29,Beras,DKI Jakarta,15600.0
2025-04-30,Beras,DKI Jakarta,15600.0
2025-05-01,Beras,DKI Jakarta,15600.0
2025-05-02,Beras,DKI Jakarta,15200.0
2025-05-03,Beras,DKI Jakarta,15000.0
2025-05-04,Beras,DKI Jakarta,15200.0
2025-05-05,Beras,DKI Jakarta,15400.0
2025-05-06,Beras,DKI Jakarta,15500.0
2025-05-07,Beras,DKI Jakarta,15700.0
2025-05-08,Beras,DKI Jakarta,15200.0
2025-05-09,Beras,DKI Jakarta,15400.0
2025-05-10,Beras,DKI Jakarta,15100.0
2025-05-11,Beras,DKI Jakarta,15300.0
2025-05-12,Beras,DKI Jakarta,15300.0
2025-05-13,Beras,DKI Jakarta,15400.0
2025-05-14,Beras,DKI Jakarta,15400.0
2025-05-15,Beras,DKI Jakarta,15200.0
2025-05-16,Beras,DKI Jakarta,15200.0
2025-05-17,Beras,DKI Jakarta,15100.0
2025-05-18,Beras,DKI Jakarta,15300.0
2025-05-19,Beras,DKI Jakarta,15400.0
2025-05-20,Beras,DKI Jakarta,15600.0
2025-05-21,Beras,DKI Jakarta,15500.0
2025-05-22,Beras,DKI Jakarta,15400.0
2025-05-23,Beras,DKI Jakarta,15300.0
2025-05-24,Beras,DKI Jakarta,15200.0
2025-05-25,Beras,DKI Jakarta,15200.0
2025-05-26,Beras,DKI Jakarta,15700.0
2025-05-27,Beras,DKI Jakarta,15800.0
2025-05-28,Beras,DKI Jakarta,16400.0
2025-05-29,Beras,DKI Jakarta,16400.0
2025-05-30,Beras,DKI Jakarta,16500.0
2025-05-31,Beras,DKI Jakarta,16300.0
2025-06-01,Beras,DKI Jakarta,16600.0
2025-06-02,Beras,DKI Jakarta,16700.0
2025-06-03,Beras,DKI Jakarta,17200.0
2025-06-04,Beras,DKI Jakarta,17100.0
2025-06-05,Beras,DKI Jakarta,17000.0
2025-06-06,Beras,DKI Jakarta,17200.0
2025-06-07,Beras,DKI Jakarta,14800.0
2025-06-08,Beras,DKI Jakarta,15200.0
2025-06-09,Beras,DKI Jakarta,15300.0
2025-06-10,Beras,DKI Jakarta,15100.0
2025-06-11,Beras,DKI Jakarta,15400.0
2025-06-12,Beras,DKI Jakarta,15200.0
2025-06-13,Beras,DKI Jakarta,14800.0
2025-06-14,Beras,DKI Jakarta,14800.0
2025-06-15,Beras,DKI Jakarta,14800.0
2025-06-16,Beras,DKI Jakarta,15100.0
2025-06-17,Beras,DKI Jakarta,14900.0
2025-06-18,Beras,DKI Jakarta,15100.0
2025-06-19,Beras,DKI Jakarta,14900.0
2025-06-20,Beras,DKI Jakarta,14900.0
2025-06-21,Beras,DKI Jakarta,14700.0
2025-06-22,Beras,DKI Jakarta,14700.0
2025-06-23,Beras,DKI Jakarta,14800.0
2025-06-24,Beras,DKI Jakarta,15100.0
2025-06-25,Beras,DKI Jakarta,14900.0
2025-06-26,Beras,DKI Jakarta,14700.0
2025-06-27,Beras,DKI Jakarta,14700.0
2025-06-28,Beras,DKI Jakarta,14600.0
2025-06-29,Beras,DKI Jakarta,14500.0
2025-06-30,Beras,DKI Jakarta,15000.0
2025-07-01,Beras,DKI Jakarta,14800.0
2025-07-02,Beras,DKI Jakarta,14800.0
2025-07-03,Beras,DKI Jakarta,14800.0
2025-07-04,Beras,DKI Jakarta,14800.0
2025-07-05,Beras,DKI Jakarta,14400.0
2025-07-06,Beras,DKI Jakarta,14600.0
2025-07-07,Beras,DKI Jakarta,14900.0
2025-07-08,Beras,DKI Jakarta,14900.0
2025-07-09,Beras,DKI Jakarta,14700.0
2025-07-10,Beras,DKI Jakarta,14700.0
2025-07-11,Beras,DKI Jakarta,14600.0
2025-07-12,Beras,DKI Jakarta,14700.0
2025-07-13,Beras,DKI Jakarta,14600.0
2025-07-14,Beras,DKI Jakarta,14800.0
2025-07-15,Beras,DKI Jakarta,14700.0
2025-07-16,Beras,DKI Jakarta,14700.0
2025-07-17,Beras,DKI Jakarta,14700.0
2025-07-18,Beras,DKI Jakarta,14800.0
2025-07-19,Beras,DKI Jakarta,14500.0
2025-07-20,Beras,DKI Jakarta,14600.0
2025-07-21,Beras,DKI Jakarta,14700.0
2025-07-22,Beras,DKI Jakarta,14900.0
2025-07-23,Beras,DKI Jakarta,14700.0
2025-07-24,Beras,DKI Jakarta,14700.0
2025-07-25,Beras,DKI Jakarta,14400.0
2025-07-26,Beras,DKI Jakarta,14600.0
2025-07-27,Beras,DKI Jakarta,14400.0
2025-07-28,Beras,DKI Jakarta,14500.0
2025-07-29,Beras,DKI Jakarta,14700.0
2025-07-30,Beras,DKI Jakarta,14700.0
2025-07-31,Beras,DKI Jakarta,14600.0
2025-08-01,Beras,DKI Jakarta,14500.0
2025-08-02,Beras,DKI Jakarta,14300.0
2025-08-03,Beras,DKI Jakarta,14600.0
2025-08-04,Beras,DKI Jakarta,14600.0
2025-08-05,Beras,DKI Jakarta,14800.0
2025-08-06,Beras,DKI Jakarta,14600.0
2025-08-07,Beras,DKI Jakarta,14600.0
2025-08-08,Beras,DKI Jakarta,14400.0
2025-08-09,Beras,DKI Jakarta,14500.0
2025-08-10,Beras,DKI Jakarta,14500.0
2025-08-11,Beras,DKI Jakarta,14500.0
2025-08-12,Beras,DKI Jakarta,14400.0
2025-08-13,Beras,DKI Jakarta,14800.0
2025-08-14,Beras,DKI Jakarta,14600.0
2025-08-15,Beras,DKI Jakarta,14300.0
2025-08-16,Beras,DKI Jakarta,14300.0
2025-08-17,Beras,DKI Jakarta,14100.0
2025-08-18,Beras,DKI Jakarta,14500.0
2025-08-19,Beras,DKI Jakarta,14400.0
2025-08-20,Beras,DKI Jakarta,14500.0
2025-08-21,Beras,DKI Jakarta,14500.0
2025-08-22,Beras,DKI Jakarta,14500.0
2025-08-23,Beras,DKI Jakarta,14300.0
2025-08-24,Beras,DKI Jakarta,14400.0
2025-08-25,Beras,DKI Jakarta,14400.0
2025-08-26,Beras,DKI Jakarta,14500.0
2025-08-27,Beras,DKI Jakarta,14600.0
2025-08-28,Beras,DKI Jakarta,14400.0
2025-08-29,Beras,DKI Jakarta,14200.0
2025-08-30,Beras,DKI Jakarta,14200.0
2025-08-31,Beras,DKI Jakarta,14300.0
2025-09-01,Beras,DKI Jakarta,14400.0
2025-09-02,Beras,DKI Jakarta,14500.0
2025-09-03,Beras,DKI Jakarta,14500.0
2025-09-04,Beras,DKI Jakarta,14300.0
2025-09-05,Beras,DKI Jakarta,14300.0
2025-09-06,Beras,DKI Jakarta,14200.0
2025-09-07,Beras,DKI Jakarta,14200.0
2025-09-08,Beras,DKI Jakarta,14400.0
2025-09-09,Beras,DKI Jakarta,14500.0
2025-09-10,Beras,DKI Jakarta,14400.0
2025-09-11,Beras,DKI Jakarta,14300.0
2025-09-12,Beras,DKI Jakarta,14500.0
2025-09-13,Beras,DKI Jakarta,14000.0
2025-09-14,Beras,DKI Jakarta,14100.0
2025-09-15,Beras,DKI Jakarta,14400.0
2025-09-16,Beras,DKI Jakarta,14500.0
2025-09-17,Beras,DKI Jakarta,14500.0
2025-09-18,Beras,DKI Jakarta,14300.0
2025-09-19,Beras,DKI Jakarta,14300.0
2025-09-20,Beras,DKI Jakarta,14200.0
2025-09-21,Beras,DKI Jakarta,14100.0
2025-09-22,Beras,DKI Jakarta,14300.0
2025-09-23,Beras,DKI Jakarta,14500.0
2025-09-24,Beras,DKI Jakarta,14400.0
2025-09-25,Beras,DKI Jakarta,14300.0
2025-09-26,Beras,DKI Jakarta,14300.0
2025-09-27,Beras,DKI Jakarta,14200.0
2025-09-28,Beras,DKI Jakarta,14300.0
2025-09-29,Beras,DKI Jakarta,14100.0
2025-09-30,Beras,DKI Jakarta,14500.0
2025-10-01,Beras,DKI Jakarta,14500.0
2025-10-02,Beras,DKI Jakarta,14300.0
2025-10-03,Beras,DKI Jakarta,14300.0
2025-10-04,Beras,DKI Jakarta,14300.0
2025-10-05,Beras,DKI Jakarta,14100.0
2025-10-06,Beras,DKI Jakarta,14400.0
2025-10-07,Beras,DKI Jakarta,14500.0
2025-10-08,Beras,DKI Jakarta,14400.0
2025-10-09,Beras,DKI Jakarta,14400.0
2025-10-10,Beras,DKI Jakarta,14300.0
2025-10-11,Beras,DKI Jakarta,14100.0
2025-10-12,Beras,DKI Jakarta,14200.0
2025-10-13,Beras,DKI Jakarta,14400.0
2025-10-14,Beras,DKI Jakarta,14600.0
2025-10-15,Beras,DKI Jakarta,14600.0
2025-10-16,Beras,DKI Jakarta,14400.0
2025-10-17,Beras,DKI Jakarta,14400.0
2025-10-18,Beras,DKI Jakarta,14100.0
2025-10-19,Beras,DKI Jakarta,14100.0
2025-10-20,Beras,DKI Jakarta,14400.0
2025-10-21,Beras,DKI Jakarta,14700.0
2025-10-22,Beras,DKI Jakarta,14600.0
2025-10-23,Beras,DKI Jakarta,14500.0
2025-10-24,Beras,DKI Jakarta,14300.0
2025-10-25,Beras,DKI Jakarta,14200.0
2025-10-26,Beras,DKI Jakarta,14300.0
2025-10-27,Beras,DKI Jakarta,14300.0
2025-10-28,Beras,DKI Jakarta,14500.0
2025-10-29,Beras,DKI Jakarta,14600.0
2025-10-30,Beras,DKI Jakarta,14400.0
2025-10-31,Beras,DKI Jakarta,14300.0
2025-11-01,Beras,DKI Jakarta,14400.0
2025-11-02,Beras,DKI Jakarta,14400.0
2025-11-03,Beras,DKI Jakarta,14500.0
2025-11-04,Beras,DKI Jakarta,14600.0
2025-11-05,Beras,DKI Jakarta,14900.0
2025-11-06,Beras,DKI Jakarta,14500.0
2025-11-07,Beras,DKI Jakarta,14500.0
2025-11-08,Beras,DKI Jakarta,14400.0
2025-11-09,Beras,DKI Jakarta,14500.0
2025-11-10,Beras,DKI Jakarta,14600.0
2025-11-11,Beras,DKI Jakarta,14600.0
2025-11-12,Beras,DKI Jakarta,14700.0
2025-11-13,Beras,DKI Jakarta,14800.0
2025-11-14,Beras,DKI Jakarta,14700.0
2025-11-15,Beras,DKI Jakarta,14500.0
2025-11-16,Beras,DKI Jakarta,14600.0
2025-11-17,Beras,DKI Jakarta,14900.0
2025-11-18,Beras,DKI Jakarta,14900.0
2025-11-19,Beras,DKI Jakarta,14800.0
2025-11-20,Beras,DKI Jakarta,14700.0
2025-11-21,Beras,DKI Jakarta,14700.0
2025-11-22,Beras,DKI Jakarta,14400.0
2025-11-23,Beras,DKI Jakarta,14700.0
2025-11-24,Beras,DKI Jakarta,14700.0
2025-11-25,Beras,DKI Jakarta,14900.0
2025-11-26,Beras,DKI Jakarta,14900.0
2025-11-27,Beras,DKI Jakarta,14800.0
2025-11-28,Beras,DKI Jakarta,14900.0
2025-11-29,Beras,DKI Jakarta,14600.0
2025-11-30,Beras,DKI Jakarta,14600.0
2025-12-01,Beras,DKI Jakarta,14800.0
2025-12-02,Beras,DKI Jakarta,15000.0
2025-12-03,Beras,DKI Jakarta,14900.0
2025-12-04,Beras,DKI Jakarta,14900.0
2025-12-05,Beras,DKI Jakarta,14700.0
2025-12-06,Beras,DKI Jakarta,14800.0
2025-12-07,Beras,DKI Jakarta,14700.0
2025-12-08,Beras,DKI Jakarta,14700.0
2025-12-09,Beras,DKI Jakarta,14800.0
2025-12-10,Beras,DKI Jakarta,14900.0
2025-12-11,Beras,DKI Jakarta,15100.0
2025-12-12,Beras,DKI Jakarta,14900.0
2025-12-13,Beras,DKI Jakarta,14900.0
2025-12-14,Beras,DKI Jakarta,14900.0
2025-12-15,Beras,DKI Jakarta,15000.0
2025-12-16,Beras,DKI Jakarta,15100.0
2025-12-17,Beras,DKI Jakarta,15200.0
2025-12-18,Beras,DKI Jakarta,15100.0
2025-12-19,Beras,DKI Jakarta,15100.0
2025-12-20,Beras,DKI Jakarta,15000.0
2025-12-21,Beras,DKI Jakarta,14900.0
2025-12-22,Beras,DKI Jakarta,15000.0
2025-12-23,Beras,DKI Jakarta,15100.0
2025-12-24,Beras,DKI Jakarta,15300.0
2025-12-25,Beras,DKI Jakarta,15100.0
2025-12-26,Beras,DKI Jakarta,14900.0
2025-12-27,Beras,DKI Jakarta,15000.0
2025-12-28,Beras,DKI Jakarta,15000.0
2025-12-29,Beras,DKI Jakarta,15100.0
2025-12-30,Beras,DKI Jakarta,15500.0
2025-12-31,Beras,DKI Jakarta,15400.0
2026-01-01,Beras,DKI Jakarta,15200.0
2026-01-02,Beras,DKI Jakarta,15000.0
2026-01-03,Beras,DKI Jakarta,15000.0
2026-01-04,Beras,DKI Jakarta,15200.0
2026-01-05,Beras,DKI Jakarta,15100.0
2026-01-06,Beras,DKI Jakarta,15600.0
2026-01-07,Beras,DKI Jakarta,15400.0
2026-01-08,Beras,DKI Jakarta,15300.0
2026-01-09,Beras,DKI Jakarta,15100.0
2026-01-10,Beras,DKI Jakarta,15200.0
2026-01-11,Beras,DKI Jakarta,15000.0
2026-01-12,Beras,DKI Jakarta,15500.0
2026-01-13,Beras,DKI Jakarta,15600.0
2026-01-14,Beras,DKI Jakarta,15600.0
2026-01-15,Beras,DKI Jakarta,15300.0
2026-01-16,Beras,DKI Jakarta,15300.0
2026-01-17,Beras,DKI Jakarta,15400.0
2026-01-18,Beras,DKI Jakarta,15300.0
2026-01-19,Beras,DKI Jakarta,15300.0
2026-01-20,Beras,DKI Jakarta,15500.0
2026-01-21,Beras,DKI Jakarta,15500.0
2026-01-22,Beras,DKI Jakarta,15400.0
2026-01-23,Beras,DKI Jakarta,15500.0
2026-01-24,Beras,DKI Jakarta,15000.0
2026-01-25,Beras,DKI Jakarta,15300.0
2026-01-26,Beras,DKI Jakarta,15300.0
2026-01-27,Beras,DKI Jakarta,15400.0
2026-01-28,Beras,DKI Jakarta,15400.0
2026-01-29,Beras,DKI Jakarta,15500.0
2026-01-30,Beras,DKI Jakarta,15600.0
2026-01-31,Beras,DKI Jakarta,15400.0
2026-02-01,Beras,DKI Jakarta,15200.0
2026-02-02,Beras,DKI Jakarta,15600.0
2026-02-03,Beras,DKI Jakarta,15800.0
2026-02-04,Beras,DKI Jakarta,15700.0
2026-02-05,Beras,DKI Jakarta,15800.0
2026-02-06,Beras,DKI Jakarta,15600.0
2026-02-07,Beras,DKI Jakarta,15500.0
2026-02-08,Beras,DKI Jakarta,15300.0
2026-02-09,Beras,DKI Jakarta,15700.0
2026-02-10,Beras,DKI Jakarta,15700.0
2026-02-11,Beras,DKI Jakarta,15800.0
2026-02-12,Beras,DKI Jakarta,15600.0
2026-02-13,Beras,DKI Jakarta,15600.0
2026-02-14,Beras,DKI Jakarta,15400.0
2026-02-15,Beras,DKI Jakarta,15200.0
2026-02-16,Beras,DKI Jakarta,15800.0
2026-02-17,Beras,DKI Jakarta,15600.0
2026-02-18,Beras,DKI Jakarta,15800.0
2026-02-19,Beras,DKI Jakarta,15800.0
2026-02-20,Beras,DKI Jakarta,15600.0
2026-02-21,Beras,DKI Jakarta,15400.0
2026-02-22,Beras,DKI Jakarta,15500.0
2026-02-23,Beras,DKI Jakarta,15700.0
2026-02-24,Beras,DKI Jakarta,15800.0
2026-02-25,Beras,DKI Jakarta,16000.0
2026-02-26,Beras,DKI Jakarta,15800.0
2026-02-27,Beras,DKI Jakarta,15600.0
2026-02-28,Beras,DKI Jakarta,15400.0
2026-03-01,Beras,DKI Jakarta,15600.0
2026-03-02,Beras,DKI Jakarta,15800.0
2026-03-03,Beras,DKI Jakarta,15800.0
2026-03-04,Beras,DKI Jakarta,15900.0
2026-03-05,Beras,DKI Jakarta,15800.0
2026-03-06,Beras,DKI Jakarta,15700.0
2026-03-07,Beras,DKI Jakarta,15800.0
2026-03-08,Beras,DKI Jakarta,16000.0
2026-03-09,Beras,DKI Jakarta,16200.0
2026-03-10,Beras,DKI Jakarta,16400.0
2026-03-11,Beras,DKI Jakarta,16600.0
2026-03-12,Beras,DKI Jakarta,16800.0
2026-03-13,Beras,DKI Jakarta,17100.0
2026-03-14,Beras,DKI Jakarta,16800.0
2026-03-15,Beras,DKI Jakarta,17100.0
2026-03-16,Beras,DKI Jakarta,17400.0
2026-03-17,Beras,DKI Jakarta,17600.0
2026-03-18,Beras,DKI Jakarta,17800.0
2026-03-19,Beras,DKI Jakarta,17700.0
2026-03-20,Beras,DKI Jakarta,18100.0
2026-03-21,Beras,DKI Jakarta,15300.0
2026-03-22,Beras,DKI Jakarta,15500.0
2026-03-23,Beras,DKI Jakarta,15500.0
2026-03-24,Beras,DKI Jakarta,15700.0
2026-03-25,Beras,DKI Jakarta,16000.0
2026-03-26,Beras,DKI Jakarta,15800.0
2026-03-27,Beras,DKI Jakarta,15500.0
2026-03-28,Beras,DKI Jakarta,15500.0
2026-03-29,Beras,DKI Jakarta,15500.0
2026-03-30,Beras,DKI Jakarta,15700.0
2026-03-31,Beras,DKI Jakarta,15800.0
2026-04-01,Beras,DKI Jakarta,16100.0
2026-04-02,Beras,DKI Jakarta,15500.0
2026-04-03,Beras,DKI Jakarta,15600.0
2026-04-04,Beras,DKI Jakarta,15500.0
2026-04-05,Beras,DKI Jakarta,15700.0
2026-04-06,Beras,DKI Jakarta,15700.0
2026-04-07,Beras,DKI Jakarta,15800.0
2026-04-08,Beras,DKI Jakarta,15800.0
2026-04-09,Beras,DKI Jakarta,15600.0
2026-04-10,Beras,DKI Jakarta,15700.0
2026-04-11,Beras,DKI Jakarta,15600.0
2026-04-12,Beras,DKI Jakarta,15600.0
2026-04-13,Beras,DKI Jakarta,15800.0
2026-04-14,Beras,DKI Jakarta,15800.0
2026-04-15,Beras,DKI Jakarta,15900.0
2026-04-16,Beras,DKI Jakarta,15700.0
2026-04-17,Beras,DKI Jakarta,15500.0
2026-04-18,Beras,DKI Jakarta,15400.0
2026-04-19,Beras,DKI Jakarta,15500.0
2026-04-20,Beras,DKI Jakarta,15500.0
2026-04-21,Beras,DKI Jakarta,15900.0
2026-04-22,Beras,DKI Jakarta,15800.0
2026-04-23,Beras,DKI Jakarta,15600.0
2026-04-24,Beras,DKI Jakarta,15500.0
2026-04-25,Beras,DKI Jakarta,15700.0
2026-04-26,Beras,DKI Jakarta,15300.0
2026-04-27,Beras,DKI Jakarta,15400.0
2026-04-28,Beras,DKI Jakarta,15500.0
2026-04-29,Beras,DKI Jakarta,15700.0
2026-04-30,Beras,DKI Jakarta,15700.0
2026-05-01,Beras,DKI Jakarta,15500.0
2026-05-02,Beras,DKI Jakarta,15300.0
2026-05-03,Beras,DKI Jakarta,15400.0
2026-05-04,Beras,DKI Jakarta,15500.0
2026-05-05,Beras,DKI Jakarta,15700.0
2026-05-06,Beras,DKI Jakarta,15800.0
2026-05-07,Beras,DKI Jakarta,15600.0
2026-05-08,Beras,DKI Jakarta,15500.0
2026-05-09,Beras,DKI Jakarta,15400.0
2026-05-10,Beras,DKI Jakarta,15400.0
2026-05-11,Beras,DKI Jakarta,15500.0
2026-05-12,Beras,DKI Jakarta,15500.0
2026-05-13,Beras,DKI Jakarta,15500.0
2026-05-14,Beras,DKI Jakarta,15400.0
2026-05-15,Beras,DKI Jakarta,15500.0
2026-05-16,Beras,DKI Jakarta,15300.0
2026-05-17,Beras,DKI Jakarta,15400.0
2026-05-18,Beras,DKI Jakarta,15300.0
2026-05-19,Beras,DKI Jakarta,15700.0
2026-05-20,Beras,DKI Jakarta,15500.0
2026-05-21,Beras,DKI Jakarta,15400.0
2026-05-22,Beras,DKI Jakarta,15300.0
2026-05-23,Beras,DKI Jakarta,15500.0
2026-05-24,Beras,DKI Jakarta,15200.0
2026-05-25,Beras,DKI Jakarta,15400.0
2026-05-26,Beras,DKI Jakarta,15500.0
2026-05-27,Beras,DKI Jakarta,15500.0
2026-05-28,Beras,DKI Jakarta,15400.0
2026-05-29,Beras,DKI Jakarta,15300.0
2026-05-30,Beras,DKI Jakarta,15300.0
2026-05-31,Beras,DKI Jakarta,15300.0
2026-06-01,Beras,DKI Jakarta,15200.0
2026-06-02,Beras,DKI Jakarta,15400.0
2026-06-03,Beras,DKI Jakarta,15400.0
2026-06-04,Beras,DKI Jakarta,15400.0
2026-06-05,Beras,DKI Jakarta,15400.0
2026-06-06,Beras,DKI Jakarta,15100.0
2026-06-07,Beras,DKI Jakarta,15200.0
2026-06-08,Beras,DKI Jakarta,15500.0
2026-06-09,Beras,DKI Jakarta,15500.0
2026-06-10,Beras,DKI Jakarta,15500.0
2026-06-11,Beras,DKI Jakarta,15500.0
2026-06-12,Beras,DKI Jakarta,15200.0
2026-06-13,Beras,DKI Jakarta,14800.0
2026-06-14,Beras,DKI Jakarta,15200.0
2026-06-15,Beras,DKI Jakarta,15000.0
2026-06-16,Beras,DKI Jakarta,15300.0
2026-06-17,Beras,DKI Jakarta,15100.0
2026-06-18,Beras,DKI Jakarta,15100.0
2026-06-19,Beras,DKI Jakarta,15000.0
2026-06-20,Beras,DKI Jakarta,14800.0
2026-06-21,Beras,DKI Jakarta,14900.0
2026-06-22,Beras,DKI Jakarta,15100.0
2026-06-23,Beras,DKI Jakarta,15100.0
2026-06-24,Beras,DKI Jakarta,15200.0
2026-06-25,Beras,DKI Jakarta,15000.0
2026-06-26,Beras,DKI Jakarta,14900.0
2026-06-27,Beras,DKI Jakarta,14900.0
2026-06-28,Beras,DKI Jakarta,14800.0
2026-06-29,Beras,DKI Jakarta,14800.0
2026-06-30,Beras,DKI Jakarta,15200.0
2026-07-01,Beras,DKI Jakarta,15300.0
2026-07-02,Beras,DKI Jakarta,15100.0
2026-07-03,Beras,DKI Jakarta,14900.0
2026-07-04,Beras,DKI Jakarta,14900.0
2026-07-05,Beras,DKI Jakarta,14900.0
2026-07-06,Beras,DKI Jakarta,15000.0
2026-07-07,Beras,DKI Jakarta,14800.0
2026-07-08,Beras,DKI Jakarta,15000.0
2026-07-09,Beras,DKI Jakarta,14900.0
2026-07-10,Beras,DKI Jakarta,14900.0
2026-07-11,Beras,DKI Jakarta,14800.0
2026-07-12,Beras,DKI Jakarta,14900.0
2026-07-13,Beras,DKI Jakarta,15000.0
2026-07-14,Beras,DKI Jakarta,14900.0
2026-07-15,Beras,DKI Jakarta,15200.0
2026-07-16,Beras,DKI Jakarta,15100.0
2026-07-17,Beras,DKI Jakarta,14700.0
2026-07-18,Beras,DKI Jakarta,14800.0
2026-07-19,Beras,DKI Jakarta,14700.0
2026-07-20,Beras,DKI Jakarta,14900.0
2026-07-21,Beras,DKI Jakarta,15100.0
2026-07-22,Beras,DKI Jakarta,15200.0
2026-07-23,Beras,DKI Jakarta,15000.0
2026-07-24,Beras,DKI Jakarta,14800.0
2026-07-25,Beras,DKI Jakarta,14600.0
2026-07-26,Beras,DKI Jakarta,14700.0
2026-07-27,Beras,DKI Jakarta,14900.0
2026-07-28,Beras,DKI Jakarta,14800.0
2026-07-29,Beras,DKI Jakarta,14700.0
2026-07-30,Beras,DKI Jakarta,14600.0
2026-07-31,Beras,DKI Jakarta,14700.0
2026-08-01,Beras,DKI Jakarta,14600.0
2026-08-02,Beras,DKI Jakarta,14600.0
2026-08-03,Beras,DKI Jakarta,14800.0
2026-08-04,Beras,DKI Jakarta,14800.0
2026-08-05,Beras,DKI Jakarta,14800.0
2026-08-06,Beras,DKI Jakarta,14700.0
2026-08-07,Beras,DKI Jakarta,14500.0
2026-08-08,Beras,DKI Jakarta,14500.0
2026-08-09,Beras,DKI Jakarta,14600.0
2026-08-10,Beras,DKI Jakarta,14500.0
2026-08-11,Beras,DKI Jakarta,14800.0
2026-08-12,Beras,DKI Jakarta,14800.0
2026-08-13,Beras,DKI Jakarta,14700.0
2026-08-14,Beras,DKI Jakarta,14600.0
2026-08-15,Beras,DKI Jakarta,14500.0
2026-08-16,Beras,DKI Jakarta,14500.0
2026-08-17,Beras,DKI Jakarta,14600.0
2026-08-18,Beras,DKI Jakarta,14600.0
2026-08-19,Beras,DKI Jakarta,14700.0
2026-08-20,Beras,DKI Jakarta,14600.0
2026-08-21,Beras,DKI Jakarta,14400.0
2026-08-22,Beras,DKI Jakarta,14300.0
2026-08-23,Beras,DKI Jakarta,14400.0
2026-08-24,Beras,DKI Jakarta,14500.0
2026-08-25,Beras,DKI Jakarta,14600.0
2026-08-26,Beras,DKI Jakarta,14600.0
2026-08-27,Beras,DKI Jakarta,14300.0
2026-08-28,Beras,DKI Jakarta,14400.0
2026-08-29,Beras,DKI Jakarta,14300.0
2026-08-30,Beras,DKI Jakarta,14400.0
2026-08-31,Beras,DKI Jakarta,14400.0
2026-09-01,Beras,DKI Jakarta,14400.0
2026-09-02,Beras,DKI Jakarta,14600.0
2026-09-03,Beras,DKI Jakarta,14400.0
2026-09-04,Beras,DKI Jakarta,14300.0
2026-09-05,Beras,DKI Jakarta,14200.0
2026-09-06,Beras,DKI Jakarta,14200.0
2026-09-07,Beras,DKI Jakarta,14300.0
2026-09-08,Beras,DKI Jakarta,14300.0
2026-09-09,Beras,DKI Jakarta,14500.0
2026-09-10,Beras,DKI Jakarta,14300.0
2026-09-11,Beras,DKI Jakarta,14300.0
2026-09-12,Beras,DKI Jakarta,14200.0
2026-09-13,Beras,DKI Jakarta,14200.0
2026-09-14,Beras,DKI Jakarta,14200.0
2026-09-15,Beras,DKI Jakarta,14700.0
2026-09-16,Beras,DKI Jakarta,14400.0
2026-09-17,Beras,DKI Jakarta,14500.0
2026-09-18,Beras,DKI Jakarta,14500.0
2026-09-19,Beras,DKI Jakarta,14300.0
2026-09-20,Beras,DKI Jakarta,14200.0
2026-09-21,Beras,DKI Jakarta,14300.0
2026-09-22,Beras,DKI Jakarta,14300.0
2026-09-23,Beras,DKI Jakarta,14600.0
2026-09-24,Beras,DKI Jakarta,14500.0
2026-09-25,Beras,DKI Jakarta,14200.0
2026-09-26,Beras,DKI Jakarta,14100.0
2026-09-27,Beras,DKI Jakarta,14100.0
2026-09-28,Beras,DKI Jakarta,14500.0
2026-09-29,Beras,DKI Jakarta,14500.0
2026-09-30,Beras,DKI Jakarta,14500.0
2024-01-01,Beras,Jawa Barat,13600.0
2024-01-02,Beras,Jawa Barat,13600.0
2024-01-03,Beras,Jawa Barat,13700.0
2024-01-04,Beras,Jawa Barat,13600.0
2024-01-05,Beras,Jawa Barat,13500.0
2024-01-06,Beras,Jawa Barat,13600.0
2024-01-07,Beras,Jawa Barat,13400.0
2024-01-08,Beras,Jawa Barat,13700.0
2024-01-09,Beras,Jawa Barat,13800.0
2024-01-10,Beras,Jawa Barat,13600.0
2024-01-11,Beras,Jawa Barat,13700.0
2024-01-12,Beras,Jawa Barat,13700.0
2024-01-13,Beras,Jawa Barat,13600.0
2024-01-14,Beras,Jawa Barat,13600.0
2024-01-15,Beras,Jawa Barat,13700.0
2024-01-16,Beras,Jawa Barat,13800.0
2024-01-17,Beras,Jawa Barat,13800.0
2024-01-18,Beras,Jawa Barat,13800.0
2024-01-19,Beras,Jawa Barat,13800.0
2024-01-20,Beras,Jawa Barat,13500.0
2024-01-21,Beras,Jawa Barat,13600.0
2024-01-22,Beras,Jawa Barat,13700.0
2024-01-23,Beras,Jawa Barat,13900.0
2024-01-24,Beras,Jawa Barat,14100.0
2024-01-25,Beras,Jawa Barat,13900.0
2024-01-26,Beras,Jawa Barat,13600.0
2024-01-27,Beras,Jawa Barat,13600.0
2024-01-28,Beras,Jawa Barat,13800.0
2024-01-29,Beras,Jawa Barat,13800.0
2024-01-30,Beras,Jawa Barat,13900.0
2024-01-31,Beras,Jawa Barat,14100.0
2024-02-01,Beras,Jawa Barat,13900.0
2024-02-02,Beras,Jawa Barat,14000.0
2024-02-03,Beras,Jawa Barat,13900.0
2024-02-04,Beras,Jawa Barat,13700.0
2024-02-05,Beras,Jawa Barat,13900.0
2024-02-06,Beras,Jawa Barat,14000.0
2024-02-07,Beras,Jawa Barat,14000.0
2024-02-08,Beras,Jawa Barat,14100.0
2024-02-09,Beras,Jawa Barat,13900.0
2024-02-10,Beras,Jawa Barat,13900.0
2024-02-11,Beras,Jawa Barat,14000.0
2024-02-12,Beras,Jawa Barat,14100.0
2024-02-13,Beras,Jawa Barat,14200.0
2024-02-14,Beras,Jawa Barat,14000.0
2024-02-15,Beras,Jawa Barat,14200.0
2024-02-16,Beras,Jawa Barat,14200.0
2024-02-17,Beras,Jawa Barat,13600.0
2024-02-18,Beras,Jawa Barat,14000.0
2024-02-19,Beras,Jawa Barat,14000.0
2024-02-20,Beras,Jawa Barat,14100.0
2024-02-21,Beras,Jawa Barat,14300.0
2024-02-22,Beras,Jawa Barat,14300.0
2024-02-23,Beras,Jawa Barat,14100.0
2024-02-24,Beras,Jawa Barat,13900.0
2024-02-25,Beras,Jawa Barat,13800.0
2024-02-26,Beras,Jawa Barat,14100.0
2024-02-27,Beras,Jawa Barat,14200.0
2024-02-28,Beras,Jawa Barat,14100.0
2024-02-29,Beras,Jawa Barat,14000.0
2024-03-01,Beras,Jawa Barat,14200.0
2024-03-02,Beras,Jawa Barat,14000.0
2024-03-03,Beras,Jawa Barat,14000.0
2024-03-04,Beras,Jawa Barat,13900.0
2024-03-05,Beras,Jawa Barat,14100.0
2024-03-06,Beras,Jawa Barat,14200.0
2024-03-07,Beras,Jawa Barat,14000.0
2024-03-08,Beras,Jawa Barat,14200.0
2024-03-09,Beras,Jawa Barat,14100.0
2024-03-10,Beras,Jawa Barat,14000.0
2024-03-11,Beras,Jawa Barat,14300.0
2024-03-12,Beras,Jawa Barat,14300.0
2024-03-13,Beras,Jawa Barat,14600.0
2024-03-14,Beras,Jawa Barat,14200.0
2024-03-15,Beras,Jawa Barat,14100.0
2024-03-16,Beras,Jawa Barat,14100.0
2024-03-17,Beras,Jawa Barat,14200.0
2024-03-18,Beras,Jawa Barat,14200.0
2024-03-19,Beras,Jawa Barat,14300.0
2024-03-20,Beras,Jawa Barat,14400.0
2024-03-21,Beras,Jawa Barat,14100.0
2024-03-22,Beras,Jawa Barat,14100.0
2024-03-23,Beras,Jawa Barat,13900.0
2024-03-24,Beras,Jawa Barat,13800.0
2024-03-25,Beras,Jawa Barat,14100.0
2024-03-26,Beras,Jawa Barat,14400.0
2024-03-27,Beras,Jawa Barat,14400.0
2024-03-28,Beras,Jawa Barat,14300.0
2024-03-29,Beras,Jawa Barat,14500.0
2024-03-30,Beras,Jawa Barat,14400.0
2024-03-31,Beras,Jawa Barat,14400.0
2024-04-01,Beras,Jawa Barat,14600.0
2024-04-02,Beras,Jawa Barat,15000.0
2024-04-03,Beras,Jawa Barat,15400.0
2024-04-04,Beras,Jawa Barat,15300.0
2024-04-05,Beras,Jawa Barat,15500.0
2024-04-06,Beras,Jawa Barat,15700.0
2024-04-07,Beras,Jawa Barat,15600.0
2024-04-08,Beras,Jawa Barat,16000.0
2024-04-09,Beras,Jawa Barat,16300.0
2024-04-10,Beras,Jawa Barat,16300.0
2024-04-11,Beras,Jawa Barat,14300.0
2024-04-12,Beras,Jawa Barat,14000.0
2024-04-13,Beras,Jawa Barat,14000.0
2024-04-14,Beras,Jawa Barat,14300.0
2024-04-15,Beras,Jawa Barat,14200.0
2024-04-16,Beras,Jawa Barat,14300.0
2024-04-17,Beras,Jawa Barat,14400.0
2024-04-18,Beras,Jawa Barat,14100.0
2024-04-19,Beras,Jawa Barat,14200.0
2024-04-20,Beras,Jawa Barat,13900.0
2024-04-21,Beras,Jawa Barat,14000.0
2024-04-22,Beras,Jawa Barat,14100.0
2024-04-23,Beras,Jawa Barat,14200.0
2024-04-24,Beras,Jawa Barat,14400.0
2024-04-25,Beras,Jawa Barat,14300.0
2024-04-26,Beras,Jawa Barat,14100.0
2024-04-27,Beras,Jawa Barat,14100.0
2024-04-28,Beras,Jawa Barat,14000.0
2024-04-29,Beras,Jawa Barat,14200.0
2024-04-30,Beras,Jawa Barat,14300.0
2024-05-01,Beras,Jawa Barat,14400.0
2024-05-02,Beras,Jawa Barat,14300.0
2024-05-03,Beras,Jawa Barat,14100.0
2024-05-04,Beras,Jawa Barat,14200.0
2024-05-05,Beras,Jawa Barat,14100.0
2024-05-06,Beras,Jawa Barat,14100.0
2024-05-07,Beras,Jawa Barat,14200.0
2024-05-08,Beras,Jawa Barat,14400.0
2024-05-09,Beras,Jawa Barat,14300.0
2024-05-10,Beras,Jawa Barat,14100.0
2024-05-11,Beras,Jawa Barat,14100.0
2024-05-12,Beras,Jawa Barat,14000.0
2024-05-13,Beras,Jawa Barat,14000.0
2024-05-14,Beras,Jawa Barat,14300.0
2024-05-15,Beras,Jawa Barat,14300.0
2024-05-16,Beras,Jawa Barat,14200.0
2024-05-17,Beras,Jawa Barat,14200.0
2024-05-18,Beras,Jawa Barat,13700.0
2024-05-19,Beras,Jawa Barat,14100.0
2024-05-20,Beras,Jawa Barat,14200.0
2024-05-21,Beras,Jawa Barat,14300.0
2024-05-22,Beras,Jawa Barat,13900.0
2024-05-23,Beras,Jawa Barat,14300.0
2024-05-24,Beras,Jawa Barat,13900.0
2024-05-25,Beras,Jawa Barat,13900.0
2024-05-26,Beras,Jawa Barat,14000.0
2024-05-27,Beras,Jawa Barat,14100.0
2024-05-28,Beras,Jawa Barat,14300.0
2024-05-29,Beras,Jawa Barat,14300.0
2024-05-30,Beras,Jawa Barat,14200.0
2024-05-31,Beras,Jawa Barat,14000.0
2024-06-01,Beras,Jawa Barat,14000.0
2024-06-02,Beras,Jawa Barat,13800.0
2024-06-03,Beras,Jawa Barat,13900.0
2024-06-04,Beras,Jawa Barat,14300.0
2024-06-05,Beras,Jawa Barat,14500.0
2024-06-06,Beras,Jawa Barat,14600.0
2024-06-07,Beras,Jawa Barat,14400.0
2024-06-08,Beras,Jawa Barat,14700.0
2024-06-09,Beras,Jawa Barat,14600.0
2024-06-10,Beras,Jawa Barat,15100.0
2024-06-11,Beras,Jawa Barat,15300.0
2024-06-12,Beras,Jawa Barat,15700.0
2024-06-13,Beras,Jawa Barat,15400.0
2024-06-14,Beras,Jawa Barat,15700.0
2024-06-15,Beras,Jawa Barat,15500.0
2024-06-16,Beras,Jawa Barat,15700.0
2024-06-17,Beras,Jawa Barat,16000.0
2024-06-18,Beras,Jawa Barat,14000.0
2024-06-19,Beras,Jawa Barat,14000.0
2024-06-20,Beras,Jawa Barat,13900.0
2024-06-21,Beras,Jawa Barat,13700.0
2024-06-22,Beras,Jawa Barat,13800.0
2024-06-23,Beras,Jawa Barat,13700.0
2024-06-24,Beras,Jawa Barat,13800.0
2024-06-25,Beras,Jawa Barat,13800.0
2024-06-26,Beras,Jawa Barat,13900.0
2024-06-27,Beras,Jawa Barat,14000.0
2024-06-28,Beras,Jawa Barat,13700.0
2024-06-29,Beras,Jawa Barat,13600.0
2024-06-30,Beras,Jawa Barat,13700.0
2024-07-01,Beras,Jawa Barat,13800.0
2024-07-02,Beras,Jawa Barat,14100.0
2024-07-03,Beras,Jawa Barat,13900.0
2024-07-04,Beras,Jawa Barat,13800.0
2024-07-05,Beras,Jawa Barat,13800.0
2024-07-06,Beras,Jawa Barat,13700.0
2024-07-07,Beras,Jawa Barat,13600.0
2024-07-08,Beras,Jawa Barat,13700.0
2024-07-09,Beras,Jawa Barat,14000.0
2024-07-10,Beras,Jawa Barat,13800.0
2024-07-11,Beras,Jawa Barat,13600.0
2024-07-12,Beras,Jawa Barat,13500.0
2024-07-13,Beras,Jawa Barat,13300.0
2024-07-14,Beras,Jawa Barat,13600.0
2024-07-15,Beras,Jawa Barat,13400.0
2024-07-16,Beras,Jawa Barat,13700.0
2024-07-17,Beras,Jawa Barat,13700.0
2024-07-18,Beras,Jawa Barat,13900.0
2024-07-19,Beras,Jawa Barat,13300.0
2024-07-20,Beras,Jawa Barat,13300.0
2024-07-21,Beras,Jawa Barat,13400.0
2024-07-22,Beras,Jawa Barat,13500.0
2024-07-23,Beras,Jawa Barat,13600.0
2024-07-24,Beras,Jawa Barat,13700.0
2024-07-25,Beras,Jawa Barat,13500.0
2024-07-26,Beras,Jawa Barat,13500.0
2024-07-27,Beras,Jawa Barat,13100.0
2024-07-28,Beras,Jawa Barat,13400.0
2024-07-29,Beras,Jawa Barat,13400.0
2024-07-30,Beras,Jawa Barat,13700.0
2024-07-31,Beras,Jawa Barat,13800.0
2024-08-01,Beras,Jawa Barat,13500.0
2024-08-02,Beras,Jawa Barat,13500.0
2024-08-03,Beras,Jawa Barat,13300.0
2024-08-04,Beras,Jawa Barat,13200.0
2024-08-05,Beras,Jawa Barat,13600.0
2024-08-06,Beras,Jawa Barat,13600.0
2024-08-07,Beras,Jawa Barat,13500.0
2024-08-08,Beras,Jawa Barat,13500.0
2024-08-09,Beras,Jawa Barat,13300.0
2024-08-10,Beras,Jawa Barat,13200.0
2024-08-11,Beras,Jawa Barat,13100.0
2024-08-12,Beras,Jawa Barat,13300.0
2024-08-13,Beras,Jawa Barat,13500.0
2024-08-14,Beras,Jawa Barat,13500.0
2024-08-15,Beras,Jawa Barat,13500.0
2024-08-16,Beras,Jawa Barat,13300.0
2024-08-17,Beras,Jawa Barat,13100.0
2024-08-18,Beras,Jawa Barat,13100.0
2024-08-19,Beras,Jawa Barat,13300.0
2024-08-20,Beras,Jawa Barat,13400.0
2024-08-21,Beras,Jawa Barat,13500.0
2024-08-22,Beras,Jawa Barat,13300.0
2024-08-23,Beras,Jawa Barat,13200.0
2024-08-24,Beras,Jawa Barat,13300.0
2024-08-25,Beras,Jawa Barat,13200.0
2024-08-26,Beras,Jawa Barat,13200.0
2024-08-27,Beras,Jawa Barat,13400.0
2024-08-28,Beras,Jawa Barat,13500.0
2024-08-29,Beras,Jawa Barat,13400.0
2024-08-30,Beras,Jawa Barat,13300.0
2024-08-31,Beras,Jawa Barat,13100.0
2024-09-01,Beras,Jawa Barat,13300.0
2024-09-02,Beras,Jawa Barat,13500.0
2024-09-03,Beras,Jawa Barat,13300.0
2024-09-04,Beras,Jawa Barat,13300.0
2024-09-05,Beras,Jawa Barat,13400.0
2024-09-06,Beras,Jawa Barat,13300.0
2024-09-07,Beras,Jawa Barat,13100.0
2024-09-08,Beras,Jawa Barat,13100.0
2024-09-09,Beras,Jawa Barat,13300.0
2024-09-10,Beras,Jawa Barat,13400.0
2024-09-11,Beras,Jawa Barat,13400.0
2024-09-12,Beras,Jawa Barat,13400.0
2024-09-13,Beras,Jawa Barat,13300.0
2024-09-14,Beras,Jawa Barat,13200.0
2024-09-15,Beras,Jawa Barat,13200.0
2024-09-16,Beras,Jawa Barat,13300.0
2024-09-17,Beras,Jawa Barat,13300.0
2024-09-18,Beras,Jawa Barat,13300.0
2024-09-19,Beras,Jawa Barat,13300.0
2024-09-20,Beras,Jawa Barat,13100.0
2024-09-21,Beras,Jawa Barat,13000.0
2024-09-22,Beras,Jawa Barat,13300.0
2024-09-23,Beras,Jawa Barat,13400.0
2024-09-24,Beras,Jawa Barat,13300.0
2024-09-25,Beras,Jawa Barat,13400.0
2024-09-26,Beras,Jawa Barat,13300.0
2024-09-27,Beras,Jawa Barat,13300.0
2024-09-28,Beras,Jawa Barat,13200.0
2024-09-29,Beras,Jawa Barat,13000.0
2024-09-30,Beras,Jawa Barat,13300.0
2024-10-01,Beras,Jawa Barat,13200.0
2024-10-02,Beras,Jawa Barat,13600.0
2024-10-03,Beras,Jawa Barat,13300.0
2024-10-04,Beras,Jawa Barat,13100.0
2024-10-05,Beras,Jawa Barat,13100.0
2024-10-06,Beras,Jawa Barat,13100.0
2024-10-07,Beras,Jawa Barat,13300.0
2024-10-08,Beras,Jawa Barat,13400.0
2024-10-09,Beras,Jawa Barat,13200.0
2024-10-10,Beras,Jawa Barat,13500.0
2024-10-11,Beras,Jawa Barat,13300.0
2024-10-12,Beras,Jawa Barat,13000.0
2024-10-13,Beras,Jawa Barat,13200.0
2024-10-14,Beras,Jawa Barat,13400.0
2024-10-15,Beras,Jawa Barat,13500.0
2024-10-16,Beras,Jawa Barat,13400.0
2024-10-17,Beras,Jawa Barat,13400.0
2024-10-18,Beras,Jawa Barat,13500.0
2024-10-19,Beras,Jawa Barat,13200.0
2024-10-20,Beras,Jawa Barat,13100.0
2024-10-21,Beras,Jawa Barat,13300.0
2024-10-22,Beras,Jawa Barat,13400.0
2024-10-23,Beras,Jawa Barat,13400.0
2024-10-24,Beras,Jawa Barat,13400.0
2024-10-25,Beras,Jawa Barat,13200.0
2024-10-26,Beras,Jawa Barat,13200.0
2024-10-27,Beras,Jawa Barat,13300.0
2024-10-28,Beras,Jawa Barat,13200.0
2024-10-29,Beras,Jawa Barat,13500.0
2024-10-30,Beras,Jawa Barat,13300.0
2024-10-31,Beras,Jawa Barat,13300.0
2024-11-01,Beras,Jawa Barat,13300.0
2024-11-02,Beras,Jawa Barat,13300.0
2024-11-03,Beras,Jawa Barat,13500.0
2024-11-04,Beras,Jawa Barat,13500.0
2024-11-05,Beras,Jawa Barat,13500.0
2024-11-06,Beras,Jawa Barat,13600.0
2024-11-07,Beras,Jawa Barat,13400.0
2024-11-08,Beras,Jawa Barat,13400.0
2024-11-09,Beras,Jawa Barat,13200.0
2024-11-10,Beras,Jawa Barat,13400.0
2024-11-11,Beras,Jawa Barat,13500.0
2024-11-12,Beras,Jawa Barat,13600.0
2024-11-13,Beras,Jawa Barat,13700.0
2024-11-14,Beras,Jawa Barat,13700.0
2024-11-15,Beras,Jawa Barat,13600.0
2024-11-16,Beras,Jawa Barat,13300.0
2024-11-17,Beras,Jawa Barat,13500.0
2024-11-18,Beras,Jawa Barat,13500.0
2024-11-19,Beras,Jawa Barat,13800.0
2024-11-20,Beras,Jawa Barat,13800.0
2024-11-21,Beras,Jawa Barat,13700.0
2024-11-22,Beras,Jawa Barat,13500.0
2024-11-23,Beras,Jawa Barat,13600.0
2024-11-24,Beras,Jawa Barat,13400.0
2024-11-25,Beras,Jawa Barat,13500.0
2024-11-26,Beras,Jawa Barat,13600.0
2024-11-27,Beras,Jawa Barat,13800.0
2024-11-28,Beras,Jawa Barat,13800.0
2024-11-29,Beras,Jawa Barat,13300.0
2024-11-30,Beras,Jawa Barat,13700.0
2024-12-01,Beras,Jawa Barat,13600.0
2024-12-02,Beras,Jawa Barat,13500.0
2024-12-03,Beras,Jawa Barat,13800.0
2024-12-04,Beras,Jawa Barat,13900.0
2024-12-05,Beras,Jawa Barat,13800.0
2024-12-06,Beras,Jawa Barat,13800.0
2024-12-07,Beras,Jawa Barat,13400.0
2024-12-08,Beras,Jawa Barat,13600.0
2024-12-09,Beras,Jawa Barat,13600.0
2024-12-10,Beras,Jawa Barat,14000.0
2024-12-11,Beras,Jawa Barat,13900.0
2024-12-12,Beras,Jawa Barat,14100.0
2024-12-13,Beras,Jawa Barat,13700.0
2024-12-14,Beras,Jawa Barat,13600.0
2024-12-15,Beras,Jawa Barat,13700.0
2024-12-16,Beras,Jawa Barat,14000.0
2024-12-17,Beras,Jawa Barat,13900.0
2024-12-18,Beras,Jawa Barat,14000.0
2024-12-19,Beras,Jawa Barat,13900.0
2024-12-20,Beras,Jawa Barat,13800.0
2024-12-21,Beras,Jawa Barat,13600.0
2024-12-22,Beras,Jawa Barat,13800.0
2024-12-23,Beras,Jawa Barat,13900.0
2024-12-24,Beras,Jawa Barat,14000.0
2024-12-25,Beras,Jawa Barat,14100.0
2024-12-26,Beras,Jawa Barat,14200.0
2024-12-27,Beras,Jawa Barat,13800.0
2024-12-28,Beras,Jawa Barat,13800.0
2024-12-29,Beras,Jawa Barat,13800.0
2024-12-30,Beras,Jawa Barat,14000.0
2024-12-31,Beras,Jawa Barat,14100.0
2025-01-01,Beras,Jawa Barat,14200.0
2025-01-02,Beras,Jawa Barat,14200.0
2025-01-03,Beras,Jawa Barat,13700.0
2025-01-04,Beras,Jawa Barat,14000.0
2025-01-05,Beras,Jawa Barat,13900.0
2025-01-06,Beras,Jawa Barat,14100.0
2025-01-07,Beras,Jawa Barat,14100.0
2025-01-08,Beras,Jawa Barat,14400.0
2025-01-09,Beras,Jawa Barat,14300.0
2025-01-10,Beras,Jawa Barat,14200.0
2025-01-11,Beras,Jawa Barat,14100.0
2025-01-12,Beras,Jawa Barat,14000.0
2025-01-13,Beras,Jawa Barat,14100.0
2025-01-14,Beras,Jawa Barat,14400.0
2025-01-15,Beras,Jawa Barat,14300.0
2025-01-16,Beras,Jawa Barat,14400.0
2025-01-17,Beras,Jawa Barat,14200.0
2025-01-18,Beras,Jawa Barat,14200.0
2025-01-19,Beras,Jawa Barat,14400.0
2025-01-20,Beras,Jawa Barat,14200.0
2025-01-21,Beras,Jawa Barat,14400.0
2025-01-22,Beras,Jawa Barat,14600.0
2025-01-23,Beras,Jawa Barat,14500.0
2025-01-24,Beras,Jawa Barat,14300.0
2025-01-25,Beras,Jawa Barat,14200.0
2025-01-26,Beras,Jawa Barat,14300.0
2025-01-27,Beras,Jawa Barat,14600.0
2025-01-28,Beras,Jawa Barat,14600.0
2025-01-29,Beras,Jawa Barat,14600.0
2025-01-30,Beras,Jawa Barat,14500.0
2025-01-31,Beras,Jawa Barat,14500.0
2025-02-01,Beras,Jawa Barat,14400.0
2025-02-02,Beras,Jawa Barat,14300.0
2025-02-03,Beras,Jawa Barat,14400.0
2025-02-04,Beras,Jawa Barat,14400.0
2025-02-05,Beras,Jawa Barat,14600.0
2025-02-06,Beras,Jawa Barat,14700.0
2025-02-07,Beras,Jawa Barat,14600.0
2025-02-08,Beras,Jawa Barat,14500.0
2025-02-09,Beras,Jawa Barat,14500.0
2025-02-10,Beras,Jawa Barat,14500.0
2025-02-11,Beras,Jawa Barat,14700.0
2025-02-12,Beras,Jawa Barat,14700.0
2025-02-13,Beras,Jawa Barat,14800.0
2025-02-14,Beras,Jawa Barat,14500.0
2025-02-15,Beras,Jawa Barat,14600.0
2025-02-16,Beras,Jawa Barat,14600.0
2025-02-17,Beras,Jawa Barat,14700.0
2025-02-18,Beras,Jawa Barat,14500.0
2025-02-19,Beras,Jawa Barat,14900.0
2025-02-20,Beras,Jawa Barat,14700.0
2025-02-21,Beras,Jawa Barat,14600.0
2025-02-22,Beras,Jawa Barat,14400.0
2025-02-23,Beras,Jawa Barat,14600.0
2025-02-24,Beras,Jawa Barat,14700.0
2025-02-25,Beras,Jawa Barat,14700.0
2025-02-26,Beras,Jawa Barat,14700.0
2025-02-27,Beras,Jawa Barat,14900.0
2025-02-28,Beras,Jawa Barat,14800.0
2025-03-01,Beras,Jawa Barat,14600.0
2025-03-02,Beras,Jawa Barat,14800.0
2025-03-03,Beras,Jawa Barat,14800.0
2025-03-04,Beras,Jawa Barat,14900.0
2025-03-05,Beras,Jawa Barat,14800.0
2025-03-06,Beras,Jawa Barat,14700.0
2025-03-07,Beras,Jawa Barat,14900.0
2025-03-08,Beras,Jawa Barat,14800.0
2025-03-09,Beras,Jawa Barat,14500.0
2025-03-10,Beras,Jawa Barat,14800.0
2025-03-11,Beras,Jawa Barat,14900.0
2025-03-12,Beras,Jawa Barat,14900.0
2025-03-13,Beras,Jawa Barat,14800.0
2025-03-14,Beras,Jawa Barat,14800.0
2025-03-15,Beras,Jawa Barat,14700.0
2025-03-16,Beras,Jawa Barat,14700.0
2025-03-17,Beras,Jawa Barat,14800.0
2025-03-18,Beras,Jawa Barat,15000.0
2025-03-19,Beras,Jawa Barat,15300.0
2025-03-20,Beras,Jawa Barat,15400.0
2025-03-21,Beras,Jawa Barat,15400.0
2025-03-22,Beras,Jawa Barat,15400.0
2025-03-23,Beras,Jawa Barat,15700.0
2025-03-24,Beras,Jawa Barat,15900.0
2025-03-25,Beras,Jawa Barat,16300.0
2025-03-26,Beras,Jawa Barat,16300.0
2025-03-27,Beras,Jawa Barat,16500.0
2025-03-28,Beras,Jawa Barat,16600.0
2025-03-29,Beras,Jawa Barat,16500.0
2025-03-30,Beras,Jawa Barat,16600.0
2025-03-31,Beras,Jawa Barat,17100.0
2025-04-01,Beras,Jawa Barat,14800.0
2025-04-02,Beras,Jawa Barat,14900.0
2025-04-03,Beras,Jawa Barat,15000.0
2025-04-04,Beras,Jawa Barat,14800.0
2025-04-05,Beras,Jawa Barat,14900.0
2025-04-06,Beras,Jawa Barat,14600.0
2025-04-07,Beras,Jawa Barat,14800.0
2025-04-08,Beras,Jawa Barat,15000.0
2025-04-09,Beras,Jawa Barat,14900.0
2025-04-10,Beras,Jawa Barat,15100.0
2025-04-11,Beras,Jawa Barat,14900.0
2025-04-12,Beras,Jawa Barat,14600.0
2025-04-13,Beras,Jawa Barat,14800.0
2025-04-14,Beras,Jawa Barat,15000.0
2025-04-15,Beras,Jawa Barat,15000.0
2025-04-16,Beras,Jawa Barat,14900.0
2025-04-17,Beras,Jawa Barat,15000.0
2025-04-18,Beras,Jawa Barat,15100.0
2025-04-19,Beras,Jawa Barat,14700.0
2025-04-20,Beras,Jawa Barat,15000.0
2025-04-21,Beras,Jawa Barat,14800.0
2025-04-22,Beras,Jawa Barat,15000.0
2025-04-23,Beras,Jawa Barat,15100.0
2025-04-24,Beras,Jawa Barat,14900.0
2025-04-25,Beras,Jawa Barat,14700.0
2025-04-26,Beras,Jawa Barat,14800.0
2025-04-27,Beras,Jawa Barat,14900.0
2025-04-28,Beras,Jawa Barat,14800.0
2025-04-29,Beras,Jawa Barat,14800.0
2025-04-30,Beras,Jawa Barat,14900.0
2025-05-01,Beras,Jawa Barat,15100.0
2025-05-02,Beras,Jawa Barat,14700.0
2025-05-03,Beras,Jawa Barat,14500.0
2025-05-04,Beras,Jawa Barat,14500.0
2025-05-05,Beras,Jawa Barat,14500.0
2025-05-06,Beras,Jawa Barat,14800.0
2025-05-07,Beras,Jawa Barat,14900.0
2025-05-08,Beras,Jawa Barat,14700.0
2025-05-09,Beras,Jawa Barat,14600.0
2025-05-10,Beras,Jawa Barat,14400.0
2025-05-11,Beras,Jawa Barat,14600.0
2025-05-12,Beras,Jawa Barat,14700.0
2025-05-13,Beras,Jawa Barat,14700.0
2025-05-14,Beras,Jawa Barat,15000.0
2025-05-15,Beras,Jawa Barat,14600.0
2025-05-16,Beras,Jawa Barat,14600.0
2025-05-17,Beras,Jawa Barat,14600.0
2025-05-18,Beras,Jawa Barat,14500.0
2025-05-19,Beras,Jawa Barat,14600.0
2025-05-20,Beras,Jawa Barat,14600.0
2025-05-21,Beras,Jawa Barat,14900.0
2025-05-22,Beras,Jawa Barat,14700.0
2025-05-23,Beras,Jawa Barat,14600.0
2025-05-24,Beras,Jawa Barat,14700.0
2025-05-25,Beras,Jawa Barat,14700.0
2025-05-26,Beras,Jawa Barat,15000.0
2025-05-27,Beras,Jawa Barat,15500.0
2025-05-28,Beras,Jawa Barat,15400.0
2025-05-29,Beras,Jawa Barat,15800.0
2025-05-30,Beras,Jawa Barat,15500.0
2025-05-31,Beras,Jawa Barat,15600.0
2025-06-01,Beras,Jawa Barat,15900.0
2025-06-02,Beras,Jawa Barat,16400.0
2025-06-03,Beras,Jawa Barat,16200.0
2025-06-04,Beras,Jawa Barat,16500.0
2025-06-05,Beras,Jawa Barat,16700.0
2025-06-06,Beras,Jawa Barat,16600.0
2025-06-07,Beras,Jawa Barat,14400.0
2025-06-08,Beras,Jawa Barat,14300.0
2025-06-09,Beras,Jawa Barat,14400.0
2025-06-10,Beras,Jawa Barat,14600.0
2025-06-11,Beras,Jawa Barat,14500.0
2025-06-12,Beras,Jawa Barat,14500.0
2025-06-13,Beras,Jawa Barat,14300.0
2025-06-14,Beras,Jawa Barat,14200.0
2025-06-15,Beras,Jawa Barat,14300.0
2025-06-16,Beras,Jawa Barat,14200.0
2025-06-17,Beras,Jawa Barat,14500.0
2025-06-18,Beras,Jawa Barat,14800.0
2025-06-19,Beras,Jawa Barat,14300.0
2025-06-20,Beras,Jawa Barat,14400.0
2025-06-21,Beras,Jawa Barat,14200.0
2025-06-22,Beras,Jawa Barat,14200.0
2025-06-23,Beras,Jawa Barat,14200.0
2025-06-24,Beras,Jawa Barat,14500.0
2025-06-25,Beras,Jawa Barat,14600.0
2025-06-26,Beras,Jawa Barat,14300.0
2025-06-27,Beras,Jawa Barat,14200.0
2025-06-28,Beras,Jawa Barat,14300.0
2025-06-29,Beras,Jawa Barat,14200.0
2025-06-30,Beras,Jawa Barat,14100.0
2025-07-01,Beras,Jawa Barat,14400.0
2025-07-02,Beras,Jawa Barat,14600.0
2025-07-03,Beras,Jawa Barat,14300.0
2025-07-04,Beras,Jawa Barat,13900.0
2025-07-05,Beras,Jawa Barat,14100.0
2025-07-06,Beras,Jawa Barat,14100.0
2025-07-07,Beras,Jawa Barat,14000.0
2025-07-08,Beras,Jawa Barat,14100.0
2025-07-09,Beras,Jawa Barat,14500.0
2025-07-10,Beras,Jawa Barat,14200.0
2025-07-11,Beras,Jawa Barat,14100.0
2025-07-12,Beras,Jawa Barat,14100.0
2025-07-13,Beras,Jawa Barat,14000.0
2025-07-14,Beras,Jawa Barat,14200.0
2025-07-15,Beras,Jawa Barat,14300.0
2025-07-16,Beras,Jawa Barat,14200.0
2025-07-17,Beras,Jawa Barat,14200.0
2025-07-18,Beras,Jawa Barat,14100.0
2025-07-19,Beras,Jawa Barat,14000.0
2025-07-20,Beras,Jawa Barat,14000.0
2025-07-21,Beras,Jawa Barat,14300.0
2025-07-22,Beras,Jawa Barat,14300.0
2025-07-23,Beras,Jawa Barat,14300.0
2025-07-24,Beras,Jawa Barat,14100.0
2025-07-25,Beras,Jawa Barat,14000.0
2025-07-26,Beras,Jawa Barat,13800.0
2025-07-27,Beras,Jawa Barat,14000.0
2025-07-28,Beras,Jawa Barat,14000.0
2025-07-29,Beras,Jawa Barat,14100.0
2025-07-30,Beras,Jawa Barat,14200.0
2025-07-31,Beras,Jawa Barat,14100.0
2025-08-01,Beras,Jawa Barat,14200.0
2025-08-02,Beras,Jawa Barat,13800.0
2025-08-03,Beras,Jawa Barat,13800.0
2025-08-04,Beras,Jawa Barat,14000.0
2025-08-05,Beras,Jawa Barat,13900.0
2025-08-06,Beras,Jawa Barat,14000.0
2025-08-07,Beras,Jawa Barat,13800.0
2025-08-08,Beras,Jawa Barat,13900.0
2025-08-09,Beras,Jawa Barat,13800.0
2025-08-10,Beras,Jawa Barat,13700.0
2025-08-11,Beras,Jawa Barat,13900.0
2025-08-12,Beras,Jawa Barat,13800.0
2025-08-13,Beras,Jawa Barat,13900.0
2025-08-14,Beras,Jawa Barat,13900.0
2025-08-15,Beras,Jawa Barat,13700.0
2025-08-16,Beras,Jawa Barat,13500.0
2025-08-17,Beras,Jawa Barat,13700.0
2025-08-18,Beras,Jawa Barat,13800.0
2025-08-19,Beras,Jawa Barat,14000.0
2025-08-20,Beras,Jawa Barat,13800.0
2025-08-21,Beras,Jawa Barat,13800.0
2025-08-22,Beras,Jawa Barat,13700.0
2025-08-23,Beras,Jawa Barat,13700.0
2025-08-24,Beras,Jawa Barat,13500.0
2025-08-25,Beras,Jawa Barat,13500.0
2025-08-26,Beras,Jawa Barat,13800.0
2025-08-27,Beras,Jawa Barat,13700.0
2025-08-28,Beras,Jawa Barat,13700.0
2025-08-29,Beras,Jawa Barat,13600.0
2025-08-30,Beras,Jawa Barat,13500.0
2025-08-31,Beras,Jawa Barat,13600.0
2025-09-01,Beras,Jawa Barat,13700.0
2025-09-02,Beras,Jawa Barat,13700.0
2025-09-03,Beras,Jawa Barat,13800.0
2025-09-04,Beras,Jawa Barat,13700.0
2025-09-05,Beras,Jawa Barat,13700.0
2025-09-06,Beras,Jawa Barat,13500.0
2025-09-07,Beras,Jawa Barat,13500.0
2025-09-08,Beras,Jawa Barat,13600.0
2025-09-09,Beras,Jawa Barat,13700.0
2025-09-10,Beras,Jawa Barat,13700.0
2025-09-11,Beras,Jawa Barat,13600.0
2025-09-12,Beras,Jawa Barat,13600.0
2025-09-13,Beras,Jawa Barat,13300.0
2025-09-14,Beras,Jawa Barat,13400.0
2025-09-15,Beras,Jawa Barat,13700.0
2025-09-16,Beras,Jawa Barat,13600.0
2025-09-17,Beras,Jawa Barat,13800.0
2025-09-18,Beras,Jawa Barat,13600.0
2025-09-19,Beras,Jawa Barat,13400.0
2025-09-20,Beras,Jawa Barat,13300.0
2025-09-21,Beras,Jawa Barat,13600.0
2025-09-22,Beras,Jawa Barat,13500.0
2025-09-23,Beras,Jawa Barat,13800.0
2025-09-24,Beras,Jawa Barat,13600.0
2025-09-25,Beras,Jawa Barat,13800.0
2025-09-26,Beras,Jawa Barat,13700.0
2025-09-27,Beras,Jawa Barat,13300.0
2025-09-28,Beras,Jawa Barat,13400.0
2025-09-29,Beras,Jawa Barat,13700.0
2025-09-30,Beras,Jawa Barat,13700.0
2025-10-01,Beras,Jawa Barat,13800.0
2025-10-02,Beras,Jawa Barat,13600.0
2025-10-03,Beras,Jawa Barat,13700.0
2025-10-04,Beras,Jawa Barat,13500.0
2025-10-05,Beras,Jawa Barat,13400.0
2025-10-06,Beras,Jawa Barat,13600.0
2025-10-07,Beras,Jawa Barat,13600.0
2025-10-08,Beras,Jawa Barat,13900.0
2025-10-09,Beras,Jawa Barat,13600.0
2025-10-10,Beras,Jawa Barat,13600.0
2025-10-11,Beras,Jawa Barat,13500.0
2025-10-12,Beras,Jawa Barat,13500.0
2025-10-13,Beras,Jawa Barat,13500.0
2025-10-14,Beras,Jawa Barat,13800.0
2025-10-15,Beras,Jawa Barat,13900.0
2025-10-16,Beras,Jawa Barat,13600.0
2025-10-17,Beras,Jawa Barat,13500.0
2025-10-18,Beras,Jawa Barat,13600.0
2025-10-19,Beras,Jawa Barat,13400.0
2025-10-20,Beras,Jawa Barat,13800.0
2025-10-21,Beras,Jawa Barat,13700.0
2025-10-22,Beras,Jawa Barat,13700.0
2025-10-23,Beras,Jawa Barat,13800.0
2025-10-24,Beras,Jawa Barat,13600.0
2025-10-25,Beras,Jawa Barat,13500.0
2025-10-26,Beras,Jawa Barat,13700.0
2025-10-27,Beras,Jawa Barat,13500.0
2025-10-28,Beras,Jawa Barat,14000.0
2025-10-29,Beras,Jawa Barat,13900.0
2025-10-30,Beras,Jawa Barat,13700.0
2025-10-31,Beras,Jawa Barat,13600.0
2025-11-01,Beras,Jawa Barat,13700.0
2025-11-02,Beras,Jawa Barat,13700.0
2025-11-03,Beras,Jawa Barat,13900.0
2025-11-04,Beras,Jawa Barat,13800.0
2025-11-05,Beras,Jawa Barat,13900.0
2025-11-06,Beras,Jawa Barat,13900.0
2025-11-07,Beras,Jawa Barat,13800.0
2025-11-08,Beras,Jawa Barat,13800.0
2025-11-09,Beras,Jawa Barat,13600.0
2025-11-10,Beras,Jawa Barat,13800.0
2025-11-11,Beras,Jawa Barat,13900.0
2025-11-12,Beras,Jawa Barat,14000.0
2025-11-13,Beras,Jawa Barat,14000.0
2025-11-14,Beras,Jawa Barat,13600.0
2025-11-15,Beras,Jawa Barat,13900.0
2025-11-16,Beras,Jawa Barat,13700.0
2025-11-17,Beras,Jawa Barat,13900.0
2025-11-18,Beras,Jawa Barat,14200.0
2025-11-19,Beras,Jawa Barat,14100.0
2025-11-20,Beras,Jawa Barat,14100.0
2025-11-21,Beras,Jawa Barat,13800.0
2025-11-22,Beras,Jawa Barat,13800.0
2025-11-23,Beras,Jawa Barat,14100.0
2025-11-24,Beras,Jawa Barat,14000.0
2025-11-25,Beras,Jawa Barat,14100.0
2025-11-26,Beras,Jawa Barat,14300.0
2025-11-27,Beras,Jawa Barat,14000.0
2025-11-28,Beras,Jawa Barat,14000.0
2025-11-29,Beras,Jawa Barat,14000.0
2025-11-30,Beras,Jawa Barat,14000.0
2025-12-01,Beras,Jawa Barat,14100.0
2025-12-02,Beras,Jawa Barat,14200.0
2025-12-03,Beras,Jawa Barat,14200.0
2025-12-04,Beras,Jawa Barat,14300.0
2025-12-05,Beras,Jawa Barat,14100.0
2025-12-06,Beras,Jawa Barat,14200.0
2025-12-07,Beras,Jawa Barat,14100.0
2025-12-08,Beras,Jawa Barat,14100.0
2025-12-09,Beras,Jawa Barat,14300.0
2025-12-10,Beras,Jawa Barat,14400.0
2025-12-11,Beras,Jawa Barat,14500.0
2025-12-12,Beras,Jawa Barat,14200.0
2025-12-13,Beras,Jawa Barat,14100.0
2025-12-14,Beras,Jawa Barat,14300.0
2025-12-15,Beras,Jawa Barat,14400.0
2025-12-16,Beras,Jawa Barat,14600.0
2025-12-17,Beras,Jawa Barat,14600.0
2025-12-18,Beras,Jawa Barat,14300.0
2025-12-19,Beras,Jawa Barat,14400.0
2025-12-20,Beras,Jawa Barat,14400.0
2025-12-21,Beras,Jawa Barat,14500.0
2025-12-22,Beras,Jawa Barat,14500.0
2025-12-23,Beras,Jawa Barat,14600.0
2025-12-24,Beras,Jawa Barat,14600.0
2025-12-25,Beras,Jawa Barat,14500.0
2025-12-26,Beras,Jawa Barat,14400.0
2025-12-27,Beras,Jawa Barat,14200.0
2025-12-28,Beras,Jawa Barat,14600.0
2025-12-29,Beras,Jawa Barat,14500.0
2025-12-30,Beras,Jawa Barat,14800.0
2025-12-31,Beras,Jawa Barat,14600.0
2026-01-01,Beras,Jawa Barat,14800.0
2026-01-02,Beras,Jawa Barat,14500.0
2026-01-03,Beras,Jawa Barat,14400.0
2026-01-04,Beras,Jawa Barat,14700.0
2026-01-05,Beras,Jawa Barat,14900.0
2026-01-06,Beras,Jawa Barat,14900.0
2026-01-07,Beras,Jawa Barat,14900.0
2026-01-08,Beras,Jawa Barat,14900.0
2026-01-09,Beras,Jawa Barat,14800.0
2026-01-10,Beras,Jawa Barat,14600.0
2026-01-11,Beras,Jawa Barat,14700.0
2026-01-12,Beras,Jawa Barat,15100.0
2026-01-13,Beras,Jawa Barat,15300.0
2026-01-14,Beras,Jawa Barat,15200.0
2026-01-15,Beras,Jawa Barat,15000.0
2026-01-16,Beras,Jawa Barat,14800.0
2026-01-17,Beras,Jawa Barat,14700.0
2026-01-18,Beras,Jawa Barat,14700.0
2026-01-19,Beras,Jawa Barat,14900.0
2026-01-20,Beras,Jawa Barat,15300.0
2026-01-21,Beras,Jawa Barat,15300.0
2026-01-22,Beras,Jawa Barat,15100.0
2026-01-23,Beras,Jawa Barat,14800.0
2026-01-24,Beras,Jawa Barat,14900.0
2026-01-25,Beras,Jawa Barat,14900.0
2026-01-26,Beras,Jawa Barat,14800.0
2026-01-27,Beras,Jawa Barat,15200.0
2026-01-28,Beras,Jawa Barat,15100.0
2026-01-29,Beras,Jawa Barat,15100.0
2026-01-30,Beras,Jawa Barat,15000.0
2026-01-31,Beras,Jawa Barat,14900.0
2026-02-01,Beras,Jawa Barat,15000.0
2026-02-02,Beras,Jawa Barat,15100.0
2026-02-03,Beras,Jawa Barat,15100.0
2026-02-04,Beras,Jawa Barat,15500.0
2026-02-05,Beras,Jawa Barat,15200.0
2026-02-06,Beras,Jawa Barat,15000.0
2026-02-07,Beras,Jawa Barat,15000.0
2026-02-08,Beras,Jawa Barat,15100.0
2026-02-09,Beras,Jawa Barat,15400.0
2026-02-10,Beras,Jawa Barat,15400.0
2026-02-11,Beras,Jawa Barat,15500.0
2026-02-12,Beras,Jawa Barat,15400.0
2026-02-13,Beras,Jawa Barat,15200.0
2026-02-14,Beras,Jawa Barat,15200.0
2026-02-15,Beras,Jawa Barat,14900.0
2026-02-16,Beras,Jawa Barat,15200.0
2026-02-17,Beras,Jawa Barat,15500.0
2026-02-18,Beras,Jawa Barat,15900.0
2026-02-19,Beras,Jawa Barat,15200.0
2026-02-20,Beras,Jawa Barat,15300.0
2026-02-21,Beras,Jawa Barat,15000.0
2026-02-22,Beras,Jawa Barat,15400.0
2026-02-23,Beras,Jawa Barat,15100.0
2026-02-24,Beras,Jawa Barat,15500.0
2026-02-25,Beras,Jawa Barat,15300.0
2026-02-26,Beras,Jawa Barat,15400.0
2026-02-27,Beras,Jawa Barat,15300.0
2026-02-28,Beras,Jawa Barat,15300.0
2026-03-01,Beras,Jawa Barat,15100.0
2026-03-02,Beras,Jawa Barat,15400.0
2026-03-03,Beras,Jawa Barat,15500.0
2026-03-04,Beras,Jawa Barat,15500.0
2026-03-05,Beras,Jawa Barat,15600.0
2026-03-06,Beras,Jawa Barat,15200.0
2026-03-07,Beras,Jawa Barat,15500.0
2026-03-08,Beras,Jawa Barat,15600.0
2026-03-09,Beras,Jawa Barat,16000.0
2026-03-10,Beras,Jawa Barat,16300.0
2026-03-11,Beras,Jawa Barat,16400.0
2026-03-12,Beras,Jawa Barat,16400.0
2026-03-13,Beras,Jawa Barat,16600.0
2026-03-14,Beras,Jawa Barat,16700.0
2026-03-15,Beras,Jawa Barat,16700.0
2026-03-16,Beras,Jawa Barat,17000.0
2026-03-17,Beras,Jawa Barat,17500.0
2026-03-18,Beras,Jawa Barat,17500.0
2026-03-19,Beras,Jawa Barat,17600.0
2026-03-20,Beras,Jawa Barat,17600.0
2026-03-21,Beras,Jawa Barat,15300.0
2026-03-22,Beras,Jawa Barat,15200.0
2026-03-23,Beras,Jawa Barat,15300.0
2026-03-24,Beras,Jawa Barat,15500.0
2026-03-25,Beras,Jawa Barat,15700.0
2026-03-26,Beras,Jawa Barat,15400.0
2026-03-27,Beras,Jawa Barat,15400.0
2026-03-28,Beras,Jawa Barat,15500.0
2026-03-29,Beras,Jawa Barat,15400.0
2026-03-30,Beras,Jawa Barat,15500.0
2026-03-31,Beras,Jawa Barat,15500.0
2026-04-01,Beras,Jawa Barat,15900.0
2026-04-02,Beras,Jawa Barat,15500.0
2026-04-03,Beras,Jawa Barat,15400.0
2026-04-04,Beras,Jawa Barat,15500.0
2026-04-05,Beras,Jawa Barat,15400.0
2026-04-06,Beras,Jawa Barat,15500.0
2026-04-07,Beras,Jawa Barat,15600.0
2026-04-08,Beras,Jawa Barat,15600.0
2026-04-09,Beras,Jawa Barat,15600.0
2026-04-10,Beras,Jawa Barat,15400.0
2026-04-11,Beras,Jawa Barat,15200.0
2026-04-12,Beras,Jawa Barat,15200.0
2026-04-13,Beras,Jawa Barat,15400.0
2026-04-14,Beras,Jawa Barat,15400.0
2026-04-15,Beras,Jawa Barat,15400.0
2026-04-16,Beras,Jawa Barat,15500.0
2026-04-17,Beras,Jawa Barat,15400.0
2026-04-18,Beras,Jawa Barat,15300.0
2026-04-19,Beras,Jawa Barat,15000.0
2026-04-20,Beras,Jawa Barat,15400.0
2026-04-21,Beras,Jawa Barat,15400.0
2026-04-22,Beras,Jawa Barat,15600.0
2026-04-23,Beras,Jawa Barat,15400.0
2026-04-24,Beras,Jawa Barat,15300.0
2026-04-25,Beras,Jawa Barat,15200.0
2026-04-26,Beras,Jawa Barat,15000.0
2026-04-27,Beras,Jawa Barat,15200.0
2026-04-28,Beras,Jawa Barat,15400.0
2026-04-29,Beras,Jawa Barat,15500.0
2026-04-30,Beras,Jawa Barat,15200.0
2026-05-01,Beras,Jawa Barat,15000.0
2026-05-02,Beras,Jawa Barat,15100.0
2026-05-03,Beras,Jawa Barat,15000.0
2026-05-04,Beras,Jawa Barat,15100.0
2026-05-05,Beras,Jawa Barat,15300.0
2026-05-06,Beras,Jawa Barat,15300.0
2026-05-07,Beras,Jawa Barat,15200.0
2026-05-08,Beras,Jawa Barat,15100.0
2026-05-09,Beras,Jawa Barat,15100.0
2026-05-10,Beras,Jawa Barat,15000.0
2026-05-11,Beras,Jawa Barat,15200.0
2026-05-12,Beras,Jawa Barat,15300.0
2026-05-13,Beras,Jawa Barat,15400.0
2026-05-14,Beras,Jawa Barat,15400.0
2026-05-15,Beras,Jawa Barat,15200.0
2026-05-16,Beras,Jawa Barat,15200.0
2026-05-17,Beras,Jawa Barat,15200.0
2026-05-18,Beras,Jawa Barat,15200.0
2026-05-19,Beras,Jawa Barat,15300.0
2026-05-20,Beras,Jawa Barat,15300.0
2026-05-21,Beras,Jawa Barat,15100.0
2026-05-22,Beras,Jawa Barat,15100.0
2026-05-23,Beras,Jawa Barat,15100.0
2026-05-24,Beras,Jawa Barat,14900.0
2026-05-25,Beras,Jawa Barat,15100.0
2026-05-26,Beras,Jawa Barat,15200.0
2026-05-27,Beras,Jawa Barat,15300.0
2026-05-28,Beras,Jawa Barat,15100.0
2026-05-29,Beras,Jawa Barat,14900.0
2026-05-30,Beras,Jawa Barat,14800.0
2026-05-31,Beras,Jawa Barat,14900.0
2026-06-01,Beras,Jawa Barat,15000.0
2026-06-02,Beras,Jawa Barat,15100.0
2026-06-03,Beras,Jawa Barat,15200.0
2026-06-04,Beras,Jawa Barat,15000.0
2026-06-05,Beras,Jawa Barat,15000.0
2026-06-06,Beras,Jawa Barat,14700.0
2026-06-07,Beras,Jawa Barat,14800.0
2026-06-08,Beras,Jawa Barat,14800.0
2026-06-09,Beras,Jawa Barat,15000.0
2026-06-10,Beras,Jawa Barat,14900.0
2026-06-11,Beras,Jawa Barat,15100.0
2026-06-12,Beras,Jawa Barat,14900.0
2026-06-13,Beras,Jawa Barat,14800.0
2026-06-14,Beras,Jawa Barat,14800.0
2026-06-15,Beras,Jawa Barat,14800.0
2026-06-16,Beras,Jawa Barat,14900.0
2026-06-17,Beras,Jawa Barat,15100.0
2026-06-18,Beras,Jawa Barat,15000.0
2026-06-19,Beras,Jawa Barat,14700.0
2026-06-20,Beras,Jawa Barat,14600.0
2026-06-21,Beras,Jawa Barat,14800.0
2026-06-22,Beras,Jawa Barat,14700.0
2026-06-23,Beras,Jawa Barat,14900.0
2026-06-24,Beras,Jawa Barat,15000.0
2026-06-25,Beras,Jawa Barat,14700.0
2026-06-26,Beras,Jawa Barat,14700.0
2026-06-27,Beras,Jawa Barat,14600.0
2026-06-28,Beras,Jawa Barat,14600.0
2026-06-29,Beras,Jawa Barat,14500.0
2026-06-30,Beras,Jawa Barat,14700.0
2026-07-01,Beras,Jawa Barat,14800.0
2026-07-02,Beras,Jawa Barat,14500.0
2026-07-03,Beras,Jawa Barat,14600.0
2026-07-04,Beras,Jawa Barat,14500.0
2026-07-05,Beras,Jawa Barat,14600.0
2026-07-06,Beras,Jawa Barat,14500.0
2026-07-07,Beras,Jawa Barat,14900.0
2026-07-08,Beras,Jawa Barat,14900.0
2026-07-09,Beras,Jawa Barat,14700.0
2026-07-10,Beras,Jawa Barat,14400.0
2026-07-11,Beras,Jawa Barat,14500.0
2026-07-12,Beras,Jawa Barat,14500.0
2026-07-13,Beras,Jawa Barat,14600.0
2026-07-14,Beras,Jawa Barat,14700.0
2026-07-15,Beras,Jawa Barat,14700.0
2026-07-16,Beras,Jawa Barat,14600.0
2026-07-17,Beras,Jawa Barat,14500.0
2026-07-18,Beras,Jawa Barat,14300.0
2026-07-19,Beras,Jawa Barat,14300.0
2026-07-20,Beras,Jawa Barat,14400.0
2026-07-21,Beras,Jawa Barat,14800.0
2026-07-22,Beras,Jawa Barat,14800.0
2026-07-23,Beras,Jawa Barat,14600.0
2026-07-24,Beras,Jawa Barat,14600.0
2026-07-25,Beras,Jawa Barat,14400.0
2026-07-26,Beras,Jawa Barat,14300.0
2026-07-27,Beras,Jawa Barat,14300.0
2026-07-28,Beras,Jawa Barat,14500.0
2026-07-29,Beras,Jawa Barat,14500.0
2026-07-30,Beras,Jawa Barat,14300.0
2026-07-31,Beras,Jawa Barat,14100.0
2026-08-01,Beras,Jawa Barat,14300.0
2026-08-02,Beras,Jawa Barat,14300.0
2026-08-03,Beras,Jawa Barat,14200.0
2026-08-04,Beras,Jawa Barat,14400.0
2026-08-05,Beras,Jawa Barat,14600.0
2026-08-06,Beras,Jawa Barat,14300.0
2026-08-07,Beras,Jawa Barat,14300.0
2026-08-08,Beras,Jawa Barat,14200.0
2026-08-09,Beras,Jawa Barat,14300.0
2026-08-10,Beras,Jawa Barat,14200.0
2026-08-11,Beras,Jawa Barat,14400.0
2026-08-12,Beras,Jawa Barat,14400.0
2026-08-13,Beras,Jawa Barat,14400.0
2026-08-14,Beras,Jawa Barat,14200.0
2026-08-15,Beras,Jawa Barat,14200.0
2026-08-16,Beras,Jawa Barat,14400.0
2026-08-17,Beras,Jawa Barat,14500.0
2026-08-18,Beras,Jawa Barat,14300.0
2026-08-19,Beras,Jawa Barat,14100.0
2026-08-20,Beras,Jawa Barat,14400.0
2026-08-21,Beras,Jawa Barat,14200.0
2026-08-22,Beras,Jawa Barat,14200.0
2026-08-23,Beras,Jawa Barat,14100.0
2026-08-24,Beras,Jawa Barat,14200.0
2026-08-25,Beras,Jawa Barat,14400.0
2026-08-26,Beras,Jawa Barat,14400.0
2026-08-27,Beras,Jawa Barat,14000.0
2026-08-28,Beras,Jawa Barat,14000.0
2026-08-29,Beras,Jawa Barat,14000.0
2026-08-30,Beras,Jawa Barat,14000.0
2026-08-31,Beras,Jawa Barat,14100.0
2026-09-01,Beras,Jawa Barat,14200.0
2026-09-02,Beras,Jawa Barat,14300.0
2026-09-03,Beras,Jawa Barat,14300.0
2026-09-04,Beras,Jawa Barat,14000.0
2026-09-05,Beras,Jawa Barat,13800.0
2026-09-06,Beras,Jawa Barat,13900.0
2026-09-07,Beras,Jawa Barat,14000.0
2026-09-08,Beras,Jawa Barat,14200.0
2026-09-09,Beras,Jawa Barat,14200.0
2026-09-10,Beras,Jawa Barat,14300.0
2026-09-11,Beras,Jawa Barat,13900.0
2026-09-12,Beras,Jawa Barat,13900.0
2026-09-13,Beras,Jawa Barat,14100.0
2026-09-14,Beras,Jawa Barat,13900.0
2026-09-15,Beras,Jawa Barat,14100.0
2026-09-16,Beras,Jawa Barat,14000.0
2026-09-17,Beras,Jawa Barat,14000.0
2026-09-18,Beras,Jawa Barat,13800.0
2026-09-19,Beras,Jawa Barat,13900.0
2026-09-20,Beras,Jawa Barat,13800.0
2026-09-21,Beras,Jawa Barat,13800.0
2026-09-22,Beras,Jawa Barat,14100.0
2026-09-23,Beras,Jawa Barat,14100.0
2026-09-24,Beras,Jawa Barat,14100.0
2026-09-25,Beras,Jawa Barat,13700.0
2026-09-26,Beras,Jawa Barat,13800.0
2026-09-27,Beras,Jawa Barat,13900.0
2026-09-28,Beras,Jawa Barat,13900.0
2026-09-29,Beras,Jawa Barat,13900.0
2026-09-30,Beras,Jawa Barat,14100.0
2024-01-01,Beras,Jawa Timur,13300.0
2024-01-02,Beras,Jawa Timur,13400.0
2024-01-03,Beras,Jawa Timur,13200.0
2024-01-04,Beras,Jawa Timur,13500.0
2024-01-05,Beras,Jawa Timur,13500.0
2024-01-06,Beras,Jawa Timur,13100.0
2024-01-07,Beras,Jawa Timur,13100.0
2024-01-08,Beras,Jawa Timur,13300.0
2024-01-09,Beras,Jawa Timur,13400.0
2024-01-10,Beras,Jawa Timur,13600.0
2024-01-11,Beras,Jawa Timur,13500.0
2024-01-12,Beras,Jawa Timur,13300.0
2024-01-13,Beras,Jawa Timur,13200.0
2024-01-14,Beras,Jawa Timur,13400.0
2024-01-15,Beras,Jawa Timur,13500.0
2024-01-16,Beras,Jawa Timur,13700.0
2024-01-17,Beras,Jawa Timur,13500.0
2024-01-18,Beras,Jawa Timur,13700.0
2024-01-19,Beras,Jawa Timur,13300.0
2024-01-20,Beras,Jawa Timur,13400.0
2024-01-21,Beras,Jawa Timur,13200.0
2024-01-22,Beras,Jawa Timur,13500.0
2024-01-23,Beras,Jawa Timur,13800.0
2024-01-24,Beras,Jawa Timur,13800.0
2024-01-25,Beras,Jawa Timur,13600.0
2024-01-26,Beras,Jawa Timur,13500.0
2024-01-27,Beras,Jawa Timur,13500.0
2024-01-28,Beras,Jawa Timur,13600.0
2024-01-29,Beras,Jawa Timur,13800.0
2024-01-30,Beras,Jawa Timur,13700.0
2024-01-31,Beras,Jawa Timur,13600.0
2024-02-01,Beras,Jawa Timur,13700.0
2024-02-02,Beras,Jawa Timur,13600.0
2024-02-03,Beras,Jawa Timur,13400.0
2024-02-04,Beras,Jawa Timur,13600.0
2024-02-05,Beras,Jawa Timur,13700.0
2024-02-06,Beras,Jawa Timur,13900.0
2024-02-07,Beras,Jawa Timur,13800.0
2024-02-08,Beras,Jawa Timur,13800.0
2024-02-09,Beras,Jawa Timur,13500.0
2024-02-10,Beras,Jawa Timur,13500.0
2024-02-11,Beras,Jawa Timur,13700.0
2024-02-12,Beras,Jawa Timur,14000.0
2024-02-13,Beras,Jawa Timur,14000.0
2024-02-14,Beras,Jawa Timur,14000.0
2024-02-15,Beras,Jawa Timur,14000.0
2024-02-16,Beras,Jawa Timur,14100.0
2024-02-17,Beras,Jawa Timur,13700.0
2024-02-18,Beras,Jawa Timur,13900.0
2024-02-19,Beras,Jawa Timur,13900.0
2024-02-20,Beras,Jawa Timur,14100.0
2024-02-21,Beras,Jawa Timur,14200.0
2024-02-22,Beras,Jawa Timur,13900.0
2024-02-23,Beras,Jawa Timur,13700.0
2024-02-24,Beras,Jawa Timur,13800.0
2024-02-25,Beras,Jawa Timur,13700.0
2024-02-26,Beras,Jawa Timur,13900.0
2024-02-27,Beras,Jawa Timur,14100.0
2024-02-28,Beras,Jawa Timur,13900.0
2024-02-29,Beras,Jawa Timur,13900.0
2024-03-01,Beras,Jawa Timur,13800.0
2024-03-02,Beras,Jawa Timur,13700.0
2024-03-03,Beras,Jawa Timur,13600.0
2024-03-04,Beras,Jawa Timur,13800.0
2024-03-05,Beras,Jawa Timur,14100.0
2024-03-06,Beras,Jawa Timur,14200.0
2024-03-07,Beras,Jawa Timur,13800.0
2024-03-08,Beras,Jawa Timur,13700.0
2024-03-09,Beras,Jawa Timur,13800.0
2024-03-10,Beras,Jawa Timur,13600.0
2024-03-11,Beras,Jawa Timur,13900.0
2024-03-12,Beras,Jawa Timur,13800.0
2024-03-13,Beras,Jawa Timur,14200.0
2024-03-14,Beras,Jawa Timur,13900.0
2024-03-15,Beras,Jawa Timur,14000.0
2024-03-16,Beras,Jawa Timur,13900.0
2024-03-17,Beras,Jawa Timur,13700.0
2024-03-18,Beras,Jawa Timur,13800.0
2024-03-19,Beras,Jawa Timur,14000.0
2024-03-20,Beras,Jawa Timur,14000.0
2024-03-21,Beras,Jawa Timur,14000.0
2024-03-22,Beras,Jawa Timur,13800.0
2024-03-23,Beras,Jawa Timur,13800.0
2024-03-24,Beras,Jawa Timur,13800.0
2024-03-25,Beras,Jawa Timur,13900.0
2024-03-26,Beras,Jawa Timur,14000.0
2024-03-27,Beras,Jawa Timur,14100.0
2024-03-28,Beras,Jawa Timur,14100.0
2024-03-29,Beras,Jawa Timur,14200.0
2024-03-30,Beras,Jawa Timur,14300.0
2024-03-31,Beras,Jawa Timur,14500.0
2024-04-01,Beras,Jawa Timur,14900.0
2024-04-02,Beras,Jawa Timur,15000.0
2024-04-03,Beras,Jawa Timur,15300.0
2024-04-04,Beras,Jawa Timur,15300.0
2024-04-05,Beras,Jawa Timur,15200.0
2024-04-06,Beras,Jawa Timur,15300.0
2024-04-07,Beras,Jawa Timur,15500.0
2024-04-08,Beras,Jawa Timur,15800.0
2024-04-09,Beras,Jawa Timur,16000.0
2024-04-10,Beras,Jawa Timur,16100.0
2024-04-11,Beras,Jawa Timur,14200.0
2024-04-12,Beras,Jawa Timur,14100.0
2024-04-13,Beras,Jawa Timur,14000.0
2024-04-14,Beras,Jawa Timur,14000.0
2024-04-15,Beras,Jawa Timur,14100.0
2024-04-16,Beras,Jawa Timur,14200.0
2024-04-17,Beras,Jawa Timur,14300.0
2024-04-18,Beras,Jawa Timur,14000.0
2024-04-19,Beras,Jawa Timur,13900.0
2024-04-20,Beras,Jawa Timur,13900.0
2024-04-21,Beras,Jawa Timur,13900.0
2024-04-22,Beras,Jawa Timur,14000.0
2024-04-23,Beras,Jawa Timur,13900.0
2024-04-24,Beras,Jawa Timur,14400.0
2024-04-25,Beras,Jawa Timur,14100.0
2024-04-26,Beras,Jawa Timur,14000.0
2024-04-27,Beras,Jawa Timur,14000.0
2024-04-28,Beras,Jawa Timur,13700.0
2024-04-29,Beras,Jawa Timur,13900.0
2024-04-30,Beras,Jawa Timur,14100.0
2024-05-01,Beras,Jawa Timur,14100.0
2024-05-02,Beras,Jawa Timur,14000.0
2024-05-03,Beras,Jawa Timur,14000.0
2024-05-04,Beras,Jawa Timur,13900.0
2024-05-05,Beras,Jawa Timur,13900.0
2024-05-06,Beras,Jawa Timur,13900.0
2024-05-07,Beras,Jawa Timur,13800.0
2024-05-08,Beras,Jawa Timur,13800.0
2024-05-09,Beras,Jawa Timur,13800.0
2024-05-10,Beras,Jawa Timur,13900.0
2024-05-11,Beras,Jawa Timur,13800.0
2024-05-12,Beras,Jawa Timur,13800.0
2024-05-13,Beras,Jawa Timur,13900.0
2024-05-14,Beras,Jawa Timur,14200.0
2024-05-15,Beras,Jawa Timur,13900.0
2024-05-16,Beras,Jawa Timur,14000.0
2024-05-17,Beras,Jawa Timur,13800.0
2024-05-18,Beras,Jawa Timur,13700.0
2024-05-19,Beras,Jawa Timur,13900.0
2024-05-20,Beras,Jawa Timur,14000.0
2024-05-21,Beras,Jawa Timur,13900.0
2024-05-22,Beras,Jawa Timur,14000.0
2024-05-23,Beras,Jawa Timur,13900.0
2024-05-24,Beras,Jawa Timur,13700.0
2024-05-25,Beras,Jawa Timur,13600.0
2024-05-26,Beras,Jawa Timur,13600.0
2024-05-27,Beras,Jawa Timur,13700.0
2024-05-28,Beras,Jawa Timur,13800.0
2024-05-29,Beras,Jawa Timur,13900.0
2024-05-30,Beras,Jawa Timur,13800.0
2024-05-31,Beras,Jawa Timur,13500.0
2024-06-01,Beras,Jawa Timur,13500.0
2024-06-02,Beras,Jawa Timur,13300.0
2024-06-03,Beras,Jawa Timur,13700.0
2024-06-04,Beras,Jawa Timur,14000.0
2024-06-05,Beras,Jawa Timur,14100.0
2024-06-06,Beras,Jawa Timur,14400.0
2024-06-07,Beras,Jawa Timur,14200.0
2024-06-08,Beras,Jawa Timur,14300.0
2024-06-09,Beras,Jawa Timur,14200.0
2024-06-10,Beras,Jawa Timur,14600.0
2024-06-11,Beras,Jawa Timur,14800.0
2024-06-12,Beras,Jawa Timur,15000.0
2024-06-13,Beras,Jawa Timur,15000.0
2024-06-14,Beras,Jawa Timur,14900.0
2024-06-15,Beras,Jawa Timur,15000.0
2024-06-16,Beras,Jawa Timur,15400.0
2024-06-17,Beras,Jawa Timur,15600.0
2024-06-18,Beras,Jawa Timur,13600.0
2024-06-19,Beras,Jawa Timur,13600.0
2024-06-20,Beras,Jawa Timur,13700.0
2024-06-21,Beras,Jawa Timur,13400.0
2024-06-22,Beras,Jawa Timur,13400.0
2024-06-23,Beras,Jawa Timur,13300.0
2024-06-24,Beras,Jawa Timur,13400.0
2024-06-25,Beras,Jawa Timur,13500.0
2024-06-26,Beras,Jawa Timur,13700.0
2024-06-27,Beras,Jawa Timur,13600.0
2024-06-28,Beras,Jawa Timur,13300.0
2024-06-29,Beras,Jawa Timur,13200.0
2024-06-30,Beras,Jawa Timur,13400.0
2024-07-01,Beras,Jawa Timur,13400.0
2024-07-02,Beras,Jawa Timur,13200.0
2024-07-03,Beras,Jawa Timur,13400.0
2024-07-04,Beras,Jawa Timur,13400.0
2024-07-05,Beras,Jawa Timur,13100.0
2024-07-06,Beras,Jawa Timur,13100.0
2024-07-07,Beras,Jawa Timur,13100.0
2024-07-08,Beras,Jawa Timur,13300.0
2024-07-09,Beras,Jawa Timur,13400.0
2024-07-10,Beras,Jawa Timur,13400.0
2024-07-11,Beras,Jawa Timur,13400.0
2024-07-12,Beras,Jawa Timur,13200.0
2024-07-13,Beras,Jawa Timur,13100.0
2024-07-14,Beras,Jawa Timur,13000.0
2024-07-15,Beras,Jawa Timur,13300.0
2024-07-16,Beras,Jawa Timur,13300.0
2024-07-17,Beras,Jawa Timur,13200.0
2024-07-18,Beras,Jawa Timur,13300.0
2024-07-19,Beras,Jawa Timur,13100.0
2024-07-20,Beras,Jawa Timur,13000.0
2024-07-21,Beras,Jawa Timur,13100.0
2024-07-22,Beras,Jawa Timur,13100.0
2024-07-23,Beras,Jawa Timur,13500.0
2024-07-24,Beras,Jawa Timur,13300.0
2024-07-25,Beras,Jawa Timur,13200.0
2024-07-26,Beras,Jawa Timur,12900.0
2024-07-27,Beras,Jawa Timur,12900.0
2024-07-28,Beras,Jawa Timur,12900.0
2024-07-29,Beras,Jawa Timur,13000.0
2024-07-30,Beras,Jawa Timur,13200.0
2024-07-31,Beras,Jawa Timur,13300.0
2024-08-01,Beras,Jawa Timur,13100.0
2024-08-02,Beras,Jawa Timur,13000.0
2024-08-03,Beras,Jawa Timur,12900.0
2024-08-04,Beras,Jawa Timur,13000.0
2024-08-05,Beras,Jawa Timur,13200.0
2024-08-06,Beras,Jawa Timur,13200.0
2024-08-07,Beras,Jawa Timur,13300.0
2024-08-08,Beras,Jawa Timur,13100.0
2024-08-09,Beras,Jawa Timur,13000.0
2024-08-10,Beras,Jawa Timur,12800.0
2024-08-11,Beras,Jawa Timur,12800.0
2024-08-12,Beras,Jawa Timur,13000.0
2024-08-13,Beras,Jawa Timur,13200.0
2024-08-14,Beras,Jawa Timur,13000.0
2024-08-15,Beras,Jawa Timur,12800.0
2024-08-16,Beras,Jawa Timur,12800.0
2024-08-17,Beras,Jawa Timur,12900.0
2024-08-18,Beras,Jawa Timur,12600.0
2024-08-19,Beras,Jawa Timur,12800.0
2024-08-20,Beras,Jawa Timur,13000.0
2024-08-21,Beras,Jawa Timur,13000.0
2024-08-22,Beras,Jawa Timur,13000.0
2024-08-23,Beras,Jawa Timur,12700.0
2024-08-24,Beras,Jawa Timur,12700.0
2024-08-25,Beras,Jawa Timur,12900.0
2024-08-26,Beras,Jawa Timur,12700.0
2024-08-27,Beras,Jawa Timur,13100.0
2024-08-28,Beras,Jawa Timur,12900.0
2024-08-29,Beras,Jawa Timur,13000.0
2024-08-30,Beras,Jawa Timur,12700.0
2024-08-31,Beras,Jawa Timur,12600.0
2024-09-01,Beras,Jawa Timur,12600.0
2024-09-02,Beras,Jawa Timur,12800.0
2024-09-03,Beras,Jawa Timur,12900.0
2024-09-04,Beras,Jawa Timur,13000.0
2024-09-05,Beras,Jawa Timur,13000.0
2024-09-06,Beras,Jawa Timur,12600.0
2024-09-07,Beras,Jawa Timur,12500.0
2024-09-08,Beras,Jawa Timur,12500.0
2024-09-09,Beras,Jawa Timur,12600.0
2024-09-10,Beras,Jawa Timur,12900.0
2024-09-11,Beras,Jawa Timur,12900.0
2024-09-12,Beras,Jawa Timur,12700.0
2024-09-13,Beras,Jawa Timur,12700.0
2024-09-14,Beras,Jawa Timur,12800.0
2024-09-15,Beras,Jawa Timur,12900.0
2024-09-16,Beras,Jawa Timur,12800.0
2024-09-17,Beras,Jawa Timur,12600.0
2024-09-18,Beras,Jawa Timur,12900.0
2024-09-19,Beras,Jawa Timur,12900.0
2024-09-20,Beras,Jawa Timur,12700.0
2024-09-21,Beras,Jawa Timur,12700.0
2024-09-22,Beras,Jawa Timur,12700.0
2024-09-23,Beras,Jawa Timur,12600.0
2024-09-24,Beras,Jawa Timur,12700.0
2024-09-25,Beras,Jawa Timur,12800.0
2024-09-26,Beras,Jawa Timur,12900.0
2024-09-27,Beras,Jawa Timur,12600.0
2024-09-28,Beras,Jawa Timur,12700.0
2024-09-29,Beras,Jawa Timur,12700.0
2024-09-30,Beras,Jawa Timur,12900.0
2024-10-01,Beras,Jawa Timur,12800.0
2024-10-02,Beras,Jawa Timur,12700.0
2024-10-03,Beras,Jawa Timur,12800.0
2024-10-04,Beras,Jawa Timur,12900.0
2024-10-05,Beras,Jawa Timur,12700.0
2024-10-06,Beras,Jawa Timur,12600.0
2024-10-07,Beras,Jawa Timur,12600.0
2024-10-08,Beras,Jawa Timur,12700.0
2024-10-09,Beras,Jawa Timur,13100.0
2024-10-10,Beras,Jawa Timur,12800.0
2024-10-11,Beras,Jawa Timur,12600.0
2024-10-12,Beras,Jawa Timur,12600.0
2024-10-13,Beras,Jawa Timur,12700.0
2024-10-14,Beras,Jawa Timur,13000.0
2024-10-15,Beras,Jawa Timur,12800.0
2024-10-16,Beras,Jawa Timur,13100.0
2024-10-17,Beras,Jawa Timur,12900.0
2024-10-18,Beras,Jawa Timur,12900.0
2024-10-19,Beras,Jawa Timur,12900.0
2024-10-20,Beras,Jawa Timur,12800.0
2024-10-21,Beras,Jawa Timur,12800.0
2024-10-22,Beras,Jawa Timur,13000.0
2024-10-23,Beras,Jawa Timur,13000.0
2024-10-24,Beras,Jawa Timur,12700.0
2024-10-25,Beras,Jawa Timur,13000.0
2024-10-26,Beras,Jawa Timur,12800.0
2024-10-27,Beras,Jawa Timur,12700.0
2024-10-28,Beras,Jawa Timur,12700.0
2024-10-29,Beras,Jawa Timur,12800.0
2024-10-30,Beras,Jawa Timur,13200.0
2024-10-31,Beras,Jawa Timur,13000.0
2024-11-01,Beras,Jawa Timur,12900.0
2024-11-02,Beras,Jawa Timur,12900.0
2024-11-03,Beras,Jawa Timur,12900.0
2024-11-04,Beras,Jawa Timur,13100.0
2024-11-05,Beras,Jawa Timur,13100.0
2024-11-06,Beras,Jawa Timur,13100.0
2024-11-07,Beras,Jawa Timur,12900.0
2024-11-08,Beras,Jawa Timur,12800.0
2024-11-09,Beras,Jawa Timur,12900.0
2024-11-10,Beras,Jawa Timur,12800.0
2024-11-11,Beras,Jawa Timur,13100.0
2024-11-12,Beras,Jawa Timur,13400.0
2024-11-13,Beras,Jawa Timur,13200.0
2024-11-14,Beras,Jawa Timur,13300.0
2024-11-15,Beras,Jawa Timur,13100.0
2024-11-16,Beras,Jawa Timur,12900.0
2024-11-17,Beras,Jawa Timur,13000.0
2024-11-18,Beras,Jawa Timur,13300.0
2024-11-19,Beras,Jawa Timur,13100.0
2024-11-20,Beras,Jawa Timur,13100.0
2024-11-21,Beras,Jawa Timur,13100.0
2024-11-22,Beras,Jawa Timur,13100.0
2024-11-23,Beras,Jawa Timur,12900.0
2024-11-24,Beras,Jawa Timur,13300.0
2024-11-25,Beras,Jawa Timur,13200.0
2024-11-26,Beras,Jawa Timur,13400.0
2024-11-27,Beras,Jawa Timur,13300.0
2024-11-28,Beras,Jawa Timur,13100.0
2024-11-29,Beras,Jawa Timur,13000.0
2024-11-30,Beras,Jawa Timur,13000.0
2024-12-01,Beras,Jawa Timur,13200.0
2024-12-02,Beras,Jawa Timur,13300.0
2024-12-03,Beras,Jawa Timur,13400.0
2024-12-04,Beras,Jawa Timur,13200.0
2024-12-05,Beras,Jawa Timur,13300.0
2024-12-06,Beras,Jawa Timur,13100.0
2024-12-07,Beras,Jawa Timur,13200.0
2024-12-08,Beras,Jawa Timur,13200.0
2024-12-09,Beras,Jawa Timur,13200.0
2024-12-10,Beras,Jawa Timur,13500.0
2024-12-11,Beras,Jawa Timur,13700.0
2024-12-12,Beras,Jawa Timur,13500.0
2024-12-13,Beras,Jawa Timur,13300.0
2024-12-14,Beras,Jawa Timur,13200.0
2024-12-15,Beras,Jawa Timur,13200.0
2024-12-16,Beras,Jawa Timur,13300.0
2024-12-17,Beras,Jawa Timur,13500.0
2024-12-18,Beras,Jawa Timur,13400.0
2024-12-19,Beras,Jawa Timur,13300.0
2024-12-20,Beras,Jawa Timur,13400.0
2024-12-21,Beras,Jawa Timur,13300.0
2024-12-22,Beras,Jawa Timur,13300.0
2024-12-23,Beras,Jawa Timur,13300.0
2024-12-24,Beras,Jawa Timur,13600.0
2024-12-25,Beras,Jawa Timur,13500.0
2024-12-26,Beras,Jawa Timur,13600.0
2024-12-27,Beras,Jawa Timur,13700.0
2024-12-28,Beras,Jawa Timur,13500.0
2024-12-29,Beras,Jawa Timur,13400.0
2024-12-30,Beras,Jawa Timur,13500.0
2024-12-31,Beras,Jawa Timur,13700.0
2025-01-01,Beras,Jawa Timur,13600.0
2025-01-02,Beras,Jawa Timur,13500.0
2025-01-03,Beras,Jawa Timur,13700.0
2025-01-04,Beras,Jawa Timur,13600.0
2025-01-05,Beras,Jawa Timur,13600.0
2025-01-06,Beras,Jawa Timur,13700.0
2025-01-07,Beras,Jawa Timur,13800.0
2025-01-08,Beras,Jawa Timur,13800.0
2025-01-09,Beras,Jawa Timur,13800.0
2025-01-10,Beras,Jawa Timur,13800.0
2025-01-11,Beras,Jawa Timur,13500.0
2025-01-12,Beras,Jawa Timur,13500.0
2025-01-13,Beras,Jawa Timur,13600.0
2025-01-14,Beras,Jawa Timur,13700.0
2025-01-15,Beras,Jawa Timur,13900.0
2025-01-16,Beras,Jawa Timur,13600.0
2025-01-17,Beras,Jawa Timur,13700.0
2025-01-18,Beras,Jawa Timur,13700.0
2025-01-19,Beras,Jawa Timur,13500.0
2025-01-20,Beras,Jawa Timur,13700.0
2025-01-21,Beras,Jawa Timur,13900.0
2025-01-22,Beras,Jawa Timur,13900.0
2025-01-23,Beras,Jawa Timur,13900.0
2025-01-24,Beras,Jawa Timur,13700.0
2025-01-25,Beras,Jawa Timur,13800.0
2025-01-26,Beras,Jawa Timur,13700.0
2025-01-27,Beras,Jawa Timur,13700.0
2025-01-28,Beras,Jawa Timur,13800.0
2025-01-29,Beras,Jawa Timur,14100.0
2025-01-30,Beras,Jawa Timur,14000.0
2025-01-31,Beras,Jawa Timur,13900.0
2025-02-01,Beras,Jawa Timur,13800.0
2025-02-02,Beras,Jawa Timur,13600.0
2025-02-03,Beras,Jawa Timur,13800.0
2025-02-04,Beras,Jawa Timur,14000.0
2025-02-05,Beras,Jawa Timur,14000.0
2025-02-06,Beras,Jawa Timur,14000.0
2025-02-07,Beras,Jawa Timur,14000.0
2025-02-08,Beras,Jawa Timur,14000.0
2025-02-09,Beras,Jawa Timur,13800.0
2025-02-10,Beras,Jawa Timur,13900.0
2025-02-11,Beras,Jawa Timur,14000.0
2025-02-12,Beras,Jawa Timur,14100.0
2025-02-13,Beras,Jawa Timur,14100.0
2025-02-14,Beras,Jawa Timur,14100.0
2025-02-15,Beras,Jawa Timur,14000.0
2025-02-16,Beras,Jawa Timur,13700.0
2025-02-17,Beras,Jawa Timur,14100.0
2025-02-18,Beras,Jawa Timur,14300.0
2025-02-19,Beras,Jawa Timur,14200.0
2025-02-20,Beras,Jawa Timur,14300.0
2025-02-21,Beras,Jawa Timur,14000.0
2025-02-22,Beras,Jawa Timur,14000.0
2025-02-23,Beras,Jawa Timur,13900.0
2025-02-24,Beras,Jawa Timur,14000.0
2025-02-25,Beras,Jawa Timur,14400.0
2025-02-26,Beras,Jawa Timur,14400.0
2025-02-27,Beras,Jawa Timur,14300.0
2025-02-28,Beras,Jawa Timur,14000.0
2025-03-01,Beras,Jawa Timur,14100.0
2025-03-02,Beras,Jawa Timur,14200.0
2025-03-03,Beras,Jawa Timur,14400.0
2025-03-04,Beras,Jawa Timur,14300.0
2025-03-05,Beras,Jawa Timur,14200.0
2025-03-06,Beras,Jawa Timur,14400.0
2025-03-07,Beras,Jawa Timur,14100.0
2025-03-08,Beras,Jawa Timur,14200.0
2025-03-09,Beras,Jawa Timur,14200.0
2025-03-10,Beras,Jawa Timur,14200.0
2025-03-11,Beras,Jawa Timur,14400.0
2025-03-12,Beras,Jawa Timur,14500.0
2025-03-13,Beras,Jawa Timur,14300.0
2025-03-14,Beras,Jawa Timur,14100.0
2025-03-15,Beras,Jawa Timur,14000.0
2025-03-16,Beras,Jawa Timur,14100.0
2025-03-17,Beras,Jawa Timur,14200.0
2025-03-18,Beras,Jawa Timur,14700.0
2025-03-19,Beras,Jawa Timur,14600.0
2025-03-20,Beras,Jawa Timur,15000.0
2025-03-21,Beras,Jawa Timur,14700.0
2025-03-22,Beras,Jawa Timur,15200.0
2025-03-23,Beras,Jawa Timur,15300.0
2025-03-24,Beras,Jawa Timur,15400.0
2025-03-25,Beras,Jawa Timur,15500.0
2025-03-26,Beras,Jawa Timur,15900.0
2025-03-27,Beras,Jawa Timur,15900.0
2025-03-28,Beras,Jawa Timur,15800.0
2025-03-29,Beras,Jawa Timur,16100.0
2025-03-30,Beras,Jawa Timur,16100.0
2025-03-31,Beras,Jawa Timur,16400.0
2025-04-01,Beras,Jawa Timur,14400.0
2025-04-02,Beras,Jawa Timur,14400.0
2025-04-03,Beras,Jawa Timur,14600.0
2025-04-04,Beras,Jawa Timur,14200.0
2025-04-05,Beras,Jawa Timur,14200.0
2025-04-06,Beras,Jawa Timur,14200.0
2025-04-07,Beras,Jawa Timur,14400.0
2025-04-08,Beras,Jawa Timur,14500.0
2025-04-09,Beras,Jawa Timur,14600.0
2025-04-10,Beras,Jawa Timur,14400.0
2025-04-11,Beras,Jawa Timur,14300.0
2025-04-12,Beras,Jawa Timur,14200.0
2025-04-13,Beras,Jawa Timur,14200.0
2025-04-14,Beras,Jawa Timur,14200.0
2025-04-15,Beras,Jawa Timur,14400.0
2025-04-16,Beras,Jawa Timur,14500.0
2025-04-17,Beras,Jawa Timur,14400.0
2025-04-18,Beras,Jawa Timur,14300.0
2025-04-19,Beras,Jawa Timur,14100.0
2025-04-20,Beras,Jawa Timur,14200.0
2025-04-21,Beras,Jawa Timur,14200.0
2025-04-22,Beras,Jawa Timur,14500.0
2025-04-23,Beras,Jawa Timur,14400.0
2025-04-24,Beras,Jawa Timur,14400.0
2025-04-25,Beras,Jawa Timur,14300.0
2025-04-26,Beras,Jawa Timur,14100.0
2025-04-27,Beras,Jawa Timur,14200.0
2025-04-28,Beras,Jawa Timur,14200.0
2025-04-29,Beras,Jawa Timur,14600.0
2025-04-30,Beras,Jawa Timur,14300.0
2025-05-01,Beras,Jawa Timur,14300.0
2025-05-02,Beras,Jawa Timur,14100.0
2025-05-03,Beras,Jawa Timur,13900.0
2025-05-04,Beras,Jawa Timur,14000.0
2025-05-05,Beras,Jawa Timur,14300.0
2025-05-06,Beras,Jawa Timur,14200.0
2025-05-07,Beras,Jawa Timur,14000.0
2025-05-08,Beras,Jawa Timur,14200.0
2025-05-09,Beras,Jawa Timur,14000.0
2025-05-10,Beras,Jawa Timur,14000.0
2025-05-11,Beras,Jawa Timur,14200.0
2025-05-12,Beras,Jawa Timur,14200.0
2025-05-13,Beras,Jawa Timur,14400.0
2025-05-14,Beras,Jawa Timur,14200.0
2025-05-15,Beras,Jawa Timur,14200.0
2025-05-16,Beras,Jawa Timur,14000.0
2025-05-17,Beras,Jawa Timur,13900.0
2025-05-18,Beras,Jawa Timur,13900.0
2025-05-19,Beras,Jawa Timur,14000.0
2025-05-20,Beras,Jawa Timur,14400.0
2025-05-21,Beras,Jawa Timur,14000.0
2025-05-22,Beras,Jawa Timur,14300.0
2025-05-23,Beras,Jawa Timur,14100.0
2025-05-24,Beras,Jawa Timur,14100.0
2025-05-25,Beras,Jawa Timur,14100.0
2025-05-26,Beras,Jawa Timur,14300.0
2025-05-27,Beras,Jawa Timur,14700.0
2025-05-28,Beras,Jawa Timur,15000.0
2025-05-29,Beras,Jawa Timur,15000.0
2025-05-30,Beras,Jawa Timur,14900.0
2025-05-31,Beras,Jawa Timur,15200.0
2025-06-01,Beras,Jawa Timur,15400.0
2025-06-02,Beras,Jawa Timur,15500.0
2025-06-03,Beras,Jawa Timur,15800.0
2025-06-04,Beras,Jawa Timur,15800.0
2025-06-05,Beras,Jawa Timur,16000.0
2025-06-06,Beras,Jawa Timur,16100.0
2025-06-07,Beras,Jawa Timur,13900.0
2025-06-08,Beras,Jawa Timur,13800.0
2025-06-09,Beras,Jawa Timur,13900.0
2025-06-10,Beras,Jawa Timur,14000.0
2025-06-11,Beras,Jawa Timur,14000.0
2025-06-12,Beras,Jawa Timur,14000.0
2025-06-13,Beras,Jawa Timur,13700.0
2025-06-14,Beras,Jawa Timur,13800.0
2025-06-15,Beras,Jawa Timur,13800.0
2025-06-16,Beras,Jawa Timur,13800.0
2025-06-17,Beras,Jawa Timur,13900.0
2025-06-18,Beras,Jawa Timur,14000.0
2025-06-19,Beras,Jawa Timur,13900.0
2025-06-20,Beras,Jawa Timur,13800.0
2025-06-21,Beras,Jawa Timur,13800.0
2025-06-22,Beras,Jawa Timur,13600.0
2025-06-23,Beras,Jawa Timur,14000.0
2025-06-24,Beras,Jawa Timur,14000.0
2025-06-25,Beras,Jawa Timur,14200.0
2025-06-26,Beras,Jawa Timur,13800.0
2025-06-27,Beras,Jawa Timur,13700.0
2025-06-28,Beras,Jawa Timur,13700.0
2025-06-29,Beras,Jawa Timur,13800.0
2025-06-30,Beras,Jawa Timur,13600.0
2025-07-01,Beras,Jawa Timur,13800.0
2025-07-02,Beras,Jawa Timur,14000.0
2025-07-03,Beras,Jawa Timur,13700.0
2025-07-04,Beras,Jawa Timur,13800.0
2025-07-05,Beras,Jawa Timur,13600.0
2025-07-06,Beras,Jawa Timur,13500.0
2025-07-07,Beras,Jawa Timur,13800.0
2025-07-08,Beras,Jawa Timur,14000.0
2025-07-09,Beras,Jawa Timur,13900.0
2025-07-10,Beras,Jawa Timur,13900.0
2025-07-11,Beras,Jawa Timur,13800.0
2025-07-12,Beras,Jawa Timur,13400.0
2025-07-13,Beras,Jawa Timur,13600.0
2025-07-14,Beras,Jawa Timur,13500.0
2025-07-15,Beras,Jawa Timur,13800.0
2025-07-16,Beras,Jawa Timur,13800.0
2025-07-17,Beras,Jawa Timur,13900.0
2025-07-18,Beras,Jawa Timur,13700.0
2025-07-19,Beras,Jawa Timur,13600.0
2025-07-20,Beras,Jawa Timur,13600.0
2025-07-21,Beras,Jawa Timur,13700.0
2025-07-22,Beras,Jawa Timur,13700.0
2025-07-23,Beras,Jawa Timur,13700.0
2025-07-24,Beras,Jawa Timur,13800.0
2025-07-25,Beras,Jawa Timur,13700.0
2025-07-26,Beras,Jawa Timur,13400.0
2025-07-27,Beras,Jawa Timur,13500.0
2025-07-28,Beras,Jawa Timur,13500.0
2025-07-29,Beras,Jawa Timur,13500.0
2025-07-30,Beras,Jawa Timur,13600.0
2025-07-31,Beras,Jawa Timur,13700.0
2025-08-01,Beras,Jawa Timur,13400.0
2025-08-02,Beras,Jawa Timur,13600.0
2025-08-03,Beras,Jawa Timur,13500.0
2025-08-04,Beras,Jawa Timur,13500.0
2025-08-05,Beras,Jawa Timur,13600.0
2025-08-06,Beras,Jawa Timur,13500.0
2025-08-07,Beras,Jawa Timur,13400.0
2025-08-08,Beras,Jawa Timur,13500.0
2025-08-09,Beras,Jawa Timur,13200.0
2025-08-10,Beras,Jawa Timur,13400.0
2025-08-11,Beras,Jawa Timur,13200.0
2025-08-12,Beras,Jawa Timur,13300.0
2025-08-13,Beras,Jawa Timur,13700.0
2025-08-14,Beras,Jawa Timur,13400.0
2025-08-15,Beras,Jawa Timur,13200.0
2025-08-16,Beras,Jawa Timur,13300.0
2025-08-17,Beras,Jawa Timur,13300.0
2025-08-18,Beras,Jawa Timur,13400.0
2025-08-19,Beras,Jawa Timur,13400.0
2025-08-20,Beras,Jawa Timur,13400.0
2025-08-21,Beras,Jawa Timur,13400.0
2025-08-22,Beras,Jawa Timur,13300.0
2025-08-23,Beras,Jawa Timur,13100.0
2025-08-24,Beras,Jawa Timur,13200.0
2025-08-25,Beras,Jawa Timur,13300.0
2025-08-26,Beras,Jawa Timur,13500.0
2025-08-27,Beras,Jawa Timur,13400.0
2025-08-28,Beras,Jawa Timur,13100.0
2025-08-29,Beras,Jawa Timur,13100.0
2025-08-30,Beras,Jawa Timur,13000.0
2025-08-31,Beras,Jawa Timur,13200.0
2025-09-01,Beras,Jawa Timur,13300.0
2025-09-02,Beras,Jawa Timur,13300.0
2025-09-03,Beras,Jawa Timur,13300.0
2025-09-04,Beras,Jawa Timur,13300.0
2025-09-05,Beras,Jawa Timur,13200.0
2025-09-06,Beras,Jawa Timur,13000.0
2025-09-07,Beras,Jawa Timur,13000.0
2025-09-08,Beras,Jawa Timur,13000.0
2025-09-09,Beras,Jawa Timur,13400.0
2025-09-10,Beras,Jawa Timur,13400.0
2025-09-11,Beras,Jawa Timur,13300.0
2025-09-12,Beras,Jawa Timur,13300.0
2025-09-13,Beras,Jawa Timur,13000.0
2025-09-14,Beras,Jawa Timur,12900.0
2025-09-15,Beras,Jawa Timur,13300.0
2025-09-16,Beras,Jawa Timur,13300.0
2025-09-17,Beras,Jawa Timur,13100.0
2025-09-18,Beras,Jawa Timur,13300.0
2025-09-19,Beras,Jawa Timur,13100.0
2025-09-20,Beras,Jawa Timur,13000.0
2025-09-21,Beras,Jawa Timur,13100.0
2025-09-22,Beras,Jawa Timur,13000.0
2025-09-23,Beras,Jawa Timur,13300.0
2025-09-24,Beras,Jawa Timur,13300.0
2025-09-25,Beras,Jawa Timur,13300.0
2025-09-26,Beras,Jawa Timur,13100.0
2025-09-27,Beras,Jawa Timur,13100.0
2025-09-28,Beras,Jawa Timur,12800.0
2025-09-29,Beras,Jawa Timur,13100.0
2025-09-30,Beras,Jawa Timur,13300.0
2025-10-01,Beras,Jawa Timur,13300.0
2025-10-02,Beras,Jawa Timur,13300.0
2025-10-03,Beras,Jawa Timur,13000.0
2025-10-04,Beras,Jawa Timur,13100.0
2025-10-05,Beras,Jawa Timur,13000.0
2025-10-06,Beras,Jawa Timur,13200.0
2025-10-07,Beras,Jawa Timur,13400.0
2025-10-08,Beras,Jawa Timur,13500.0
2025-10-09,Beras,Jawa Timur,13400.0
2025-10-10,Beras,Jawa Timur,13400.0
2025-10-11,Beras,Jawa Timur,13200.0
2025-10-12,Beras,Jawa Timur,13100.0
2025-10-13,Beras,Jawa Timur,13300.0
2025-10-14,Beras,Jawa Timur,13400.0
2025-10-15,Beras,Jawa Timur,13600.0
2025-10-16,Beras,Jawa Timur,13500.0
2025-10-17,Beras,Jawa Timur,13200.0
2025-10-18,Beras,Jawa Timur,13300.0
2025-10-19,Beras,Jawa Timur,13100.0
2025-10-20,Beras,Jawa Timur,13400.0
2025-10-21,Beras,Jawa Timur,13300.0
2025-10-22,Beras,Jawa Timur,13300.0
2025-10-23,Beras,Jawa Timur,13500.0
2025-10-24,Beras,Jawa Timur,13400.0
2025-10-25,Beras,Jawa Timur,13200.0
2025-10-26,Beras,Jawa Timur,13200.0
2025-10-27,Beras,Jawa Timur,13200.0
2025-10-28,Beras,Jawa Timur,13400.0
2025-10-29,Beras,Jawa Timur,13400.0
2025-10-30,Beras,Jawa Timur,13400.0
2025-10-31,Beras,Jawa Timur,13400.0
2025-11-01,Beras,Jawa Timur,13400.0
2025-11-02,Beras,Jawa Timur,13100.0
2025-11-03,Beras,Jawa Timur,13300.0
2025-11-04,Beras,Jawa Timur,13400.0
2025-11-05,Beras,Jawa Timur,13300.0
2025-11-06,Beras,Jawa Timur,13600.0
2025-11-07,Beras,Jawa Timur,13400.0
2025-11-08,Beras,Jawa Timur,13300.0
2025-11-09,Beras,Jawa Timur,13500.0
2025-11-10,Beras,Jawa Timur,13500.0
2025-11-11,Beras,Jawa Timur,13500.0
2025-11-12,Beras,Jawa Timur,13700.0
2025-11-13,Beras,Jawa Timur,13600.0
2025-11-14,Beras,Jawa Timur,13400.0
2025-11-15,Beras,Jawa Timur,13400.0
2025-11-16,Beras,Jawa Timur,13400.0
2025-11-17,Beras,Jawa Timur,13500.0
2025-11-18,Beras,Jawa Timur,13600.0
2025-11-19,Beras,Jawa Timur,13600.0
2025-11-20,Beras,Jawa Timur,13500.0
2025-11-21,Beras,Jawa Timur,13700.0
2025-11-22,Beras,Jawa Timur,13600.0
2025-11-23,Beras,Jawa Timur,13600.0
2025-11-24,Beras,Jawa Timur,13400.0
2025-11-25,Beras,Jawa Timur,13500.0
2025-11-26,Beras,Jawa Timur,13600.0
2025-11-27,Beras,Jawa Timur,13700.0
2025-11-28,Beras,Jawa Timur,13300.0
2025-11-29,Beras,Jawa Timur,13400.0
2025-11-30,Beras,Jawa Timur,13700.0
2025-12-01,Beras,Jawa Timur,13800.0
2025-12-02,Beras,Jawa Timur,13700.0
2025-12-03,Beras,Jawa Timur,13700.0
2025-12-04,Beras,Jawa Timur,13800.0
2025-12-05,Beras,Jawa Timur,13700.0
2025-12-06,Beras,Jawa Timur,13500.0
2025-12-07,Beras,Jawa Timur,13600.0
2025-12-08,Beras,Jawa Timur,13700.0
2025-12-09,Beras,Jawa Timur,13700.0
2025-12-10,Beras,Jawa Timur,13900.0
2025-12-11,Beras,Jawa Timur,13800.0
2025-12-12,Beras,Jawa Timur,13500.0
2025-12-13,Beras,Jawa Timur,13700.0
2025-12-14,Beras,Jawa Timur,13700.0
2025-12-15,Beras,Jawa Timur,13800.0
2025-12-16,Beras,Jawa Timur,13800.0
2025-12-17,Beras,Jawa Timur,13700.0
2025-12-18,Beras,Jawa Timur,13900.0
2025-12-19,Beras,Jawa Timur,13700.0
2025-12-20,Beras,Jawa Timur,13600.0
2025-12-21,Beras,Jawa Timur,13600.0
2025-12-22,Beras,Jawa Timur,13800.0
2025-12-23,Beras,Jawa Timur,14100.0
2025-12-24,Beras,Jawa Timur,13900.0
2025-12-25,Beras,Jawa Timur,13800.0
2025-12-26,Beras,Jawa Timur,13900.0
2025-12-27,Beras,Jawa Timur,13800.0
2025-12-28,Beras,Jawa Timur,13600.0
2025-12-29,Beras,Jawa Timur,14000.0
2025-12-30,Beras,Jawa Timur,14300.0
2025-12-31,Beras,Jawa Timur,13800.0
2026-01-01,Beras,Jawa Timur,13900.0
2026-01-02,Beras,Jawa Timur,13600.0
2026-01-03,Beras,Jawa Timur,13800.0
2026-01-04,Beras,Jawa Timur,14000.0
2026-01-05,Beras,Jawa Timur,14000.0
2026-01-06,Beras,Jawa Timur,14300.0
2026-01-07,Beras,Jawa Timur,14300.0
2026-01-08,Beras,Jawa Timur,14300.0
2026-01-09,Beras,Jawa Timur,14100.0
2026-01-10,Beras,Jawa Timur,13900.0
2026-01-11,Beras,Jawa Timur,14000.0
2026-01-12,Beras,Jawa Timur,14100.0
2026-01-13,Beras,Jawa Timur,14200.0
2026-01-14,Beras,Jawa Timur,14300.0
2026-01-15,Beras,Jawa Timur,14200.0
2026-01-16,Beras,Jawa Timur,14300.0
2026-01-17,Beras,Jawa Timur,14000.0
2026-01-18,Beras,Jawa Timur,14000.0
2026-01-19,Beras,Jawa Timur,14100.0
2026-01-20,Beras,Jawa Timur,14400.0
2026-01-21,Beras,Jawa Timur,14200.0
2026-01-22,Beras,Jawa Timur,14300.0
2026-01-23,Beras,Jawa Timur,14300.0
2026-01-24,Beras,Jawa Timur,14200.0
2026-01-25,Beras,Jawa Timur,14200.0
2026-01-26,Beras,Jawa Timur,14300.0
2026-01-27,Beras,Jawa Timur,14300.0
2026-01-28,Beras,Jawa Timur,14300.0
2026-01-29,Beras,Jawa Timur,14300.0
2026-01-30,Beras,Jawa Timur,14300.0
2026-01-31,Beras,Jawa Timur,14300.0
2026-02-01,Beras,Jawa Timur,14200.0
2026-02-02,Beras,Jawa Timur,14500.0
2026-02-03,Beras,Jawa Timur,14700.0
2026-02-04,Beras,Jawa Timur,14600.0
2026-02-05,Beras,Jawa Timur,14600.0
2026-02-06,Beras,Jawa Timur,14200.0
2026-02-07,Beras,Jawa Timur,14200.0
2026-02-08,Beras,Jawa Timur,14400.0
2026-02-09,Beras,Jawa Timur,14300.0
2026-02-10,Beras,Jawa Timur,14600.0
2026-02-11,Beras,Jawa Timur,14700.0
2026-02-12,Beras,Jawa Timur,14700.0
2026-02-13,Beras,Jawa Timur,14400.0
2026-02-14,Beras,Jawa Timur,14300.0
2026-02-15,Beras,Jawa Timur,14400.0
2026-02-16,Beras,Jawa Timur,14400.0
2026-02-17,Beras,Jawa Timur,14600.0
2026-02-18,Beras,Jawa Timur,14700.0
2026-02-19,Beras,Jawa Timur,14600.0
2026-02-20,Beras,Jawa Timur,14500.0
2026-02-21,Beras,Jawa Timur,14400.0
2026-02-22,Beras,Jawa Timur,14400.0
2026-02-23,Beras,Jawa Timur,14500.0
2026-02-24,Beras,Jawa Timur,14500.0
2026-02-25,Beras,Jawa Timur,14800.0
2026-02-26,Beras,Jawa Timur,14800.0
2026-02-27,Beras,Jawa Timur,14600.0
2026-02-28,Beras,Jawa Timur,14400.0
2026-03-01,Beras,Jawa Timur,14400.0
2026-03-02,Beras,Jawa Timur,14700.0
2026-03-03,Beras,Jawa Timur,14900.0
2026-03-04,Beras,Jawa Timur,14900.0
2026-03-05,Beras,Jawa Timur,15000.0
2026-03-06,Beras,Jawa Timur,14600.0
2026-03-07,Beras,Jawa Timur,14700.0
2026-03-08,Beras,Jawa Timur,14900.0
2026-03-09,Beras,Jawa Timur,15000.0
2026-03-10,Beras,Jawa Timur,15600.0
2026-03-11,Beras,Jawa Timur,15700.0
2026-03-12,Beras,Jawa Timur,15900.0
2026-03-13,Beras,Jawa Timur,16000.0
2026-03-14,Beras,Jawa Timur,15900.0
2026-03-15,Beras,Jawa Timur,15900.0
2026-03-16,Beras,Jawa Timur,16500.0
2026-03-17,Beras,Jawa Timur,16700.0
2026-03-18,Beras,Jawa Timur,16800.0
2026-03-19,Beras,Jawa Timur,17000.0
2026-03-20,Beras,Jawa Timur,17100.0
2026-03-21,Beras,Jawa Timur,14600.0
2026-03-22,Beras,Jawa Timur,14700.0
2026-03-23,Beras,Jawa Timur,15000.0
2026-03-24,Beras,Jawa Timur,14800.0
2026-03-25,Beras,Jawa Timur,15000.0
2026-03-26,Beras,Jawa Timur,14600.0
2026-03-27,Beras,Jawa Timur,14600.0
2026-03-28,Beras,Jawa Timur,14700.0
2026-03-29,Beras,Jawa Timur,14900.0
2026-03-30,Beras,Jawa Timur,14700.0
2026-03-31,Beras,Jawa Timur,15000.0
2026-04-01,Beras,Jawa Timur,14900.0
2026-04-02,Beras,Jawa Timur,15000.0
2026-04-03,Beras,Jawa Timur,14700.0
2026-04-04,Beras,Jawa Timur,14800.0
2026-04-05,Beras,Jawa Timur,14700.0
2026-04-06,Beras,Jawa Timur,14900.0
2026-04-07,Beras,Jawa Timur,15000.0
2026-04-08,Beras,Jawa Timur,15000.0
2026-04-09,Beras,Jawa Timur,15100.0
2026-04-10,Beras,Jawa Timur,14900.0
2026-04-11,Beras,Jawa Timur,14800.0
2026-04-12,Beras,Jawa Timur,14800.0
2026-04-13,Beras,Jawa Timur,14900.0
2026-04-14,Beras,Jawa Timur,15100.0
2026-04-15,Beras,Jawa Timur,15000.0
2026-04-16,Beras,Jawa Timur,15000.0
2026-04-17,Beras,Jawa Timur,14800.0
2026-04-18,Beras,Jawa Timur,14800.0
2026-04-19,Beras,Jawa Timur,14700.0
2026-04-20,Beras,Jawa Timur,15000.0
2026-04-21,Beras,Jawa Timur,15100.0
2026-04-22,Beras,Jawa Timur,15000.0
2026-04-23,Beras,Jawa Timur,15000.0
2026-04-24,Beras,Jawa Timur,14900.0
2026-04-25,Beras,Jawa Timur,14800.0
2026-04-26,Beras,Jawa Timur,14700.0
2026-04-27,Beras,Jawa Timur,14800.0
2026-04-28,Beras,Jawa Timur,15200.0
2026-04-29,Beras,Jawa Timur,15200.0
2026-04-30,Beras,Jawa Timur,15000.0
2026-05-01,Beras,Jawa Timur,15000.0
2026-05-02,Beras,Jawa Timur,14500.0
2026-05-03,Beras,Jawa Timur,15000.0
2026-05-04,Beras,Jawa Timur,15000.0
2026-05-05,Beras,Jawa Timur,15100.0
2026-05-06,Beras,Jawa Timur,15100.0
2026-05-07,Beras,Jawa Timur,15200.0
2026-05-08,Beras,Jawa Timur,14800.0
2026-05-09,Beras,Jawa Timur,15000.0
2026-05-10,Beras,Jawa Timur,14900.0
2026-05-11,Beras,Jawa Timur,15000.0
2026-05-12,Beras,Jawa Timur,15000.0
2026-05-13,Beras,Jawa Timur,14900.0
2026-05-14,Beras,Jawa Timur,15100.0
2026-05-15,Beras,Jawa Timur,14800.0
2026-05-16,Beras,Jawa Timur,14900.0
2026-05-17,Beras,Jawa Timur,14700.0
2026-05-18,Beras,Jawa Timur,14800.0
2026-05-19,Beras,Jawa Timur,15100.0
2026-05-20,Beras,Jawa Timur,15200.0
2026-05-21,Beras,Jawa Timur,14900.0
2026-05-22,Beras,Jawa Timur,14700.0
2026-05-23,Beras,Jawa Timur,14700.0
2026-05-24,Beras,Jawa Timur,14600.0
2026-05-25,Beras,Jawa Timur,14800.0
2026-05-26,Beras,Jawa Timur,14800.0
2026-05-27,Beras,Jawa Timur,15000.0
2026-05-28,Beras,Jawa Timur,14700.0
2026-05-29,Beras,Jawa Timur,14700.0
2026-05-30,Beras,Jawa Timur,14500.0
2026-05-31,Beras,Jawa Timur,14500.0
2026-06-01,Beras,Jawa Timur,14600.0
2026-06-02,Beras,Jawa Timur,14900.0
2026-06-03,Beras,Jawa Timur,14900.0
2026-06-04,Beras,Jawa Timur,14800.0
2026-06-05,Beras,Jawa Timur,14500.0
2026-06-06,Beras,Jawa Timur,14400.0
2026-06-07,Beras,Jawa Timur,14600.0
2026-06-08,Beras,Jawa Timur,14700.0
2026-06-09,Beras,Jawa Timur,14400.0
2026-06-10,Beras,Jawa Timur,14700.0
2026-06-11,Beras,Jawa Timur,14600.0
2026-06-12,Beras,Jawa Timur,14500.0
2026-06-13,Beras,Jawa Timur,14400.0
2026-06-14,Beras,Jawa Timur,14500.0
2026-06-15,Beras,Jawa Timur,14400.0
2026-06-16,Beras,Jawa Timur,14600.0
2026-06-17,Beras,Jawa Timur,14700.0
2026-06-18,Beras,Jawa Timur,14400.0
2026-06-19,Beras,Jawa Timur,14700.0
2026-06-20,Beras,Jawa Timur,14500.0
2026-06-21,Beras,Jawa Timur,14400.0
2026-06-22,Beras,Jawa Timur,14400.0
2026-06-23,Beras,Jawa Timur,14600.0
2026-06-24,Beras,Jawa Timur,14700.0
2026-06-25,Beras,Jawa Timur,14600.0
2026-06-26,Beras,Jawa Timur,14600.0
2026-06-27,Beras,Jawa Timur,14300.0
2026-06-28,Beras,Jawa Timur,14400.0
2026-06-29,Beras,Jawa Timur,14300.0
2026-06-30,Beras,Jawa Timur,14500.0
2026-07-01,Beras,Jawa Timur,14600.0
2026-07-02,Beras,Jawa Timur,14500.0
2026-07-03,Beras,Jawa Timur,14200.0
2026-07-04,Beras,Jawa Timur,14200.0
2026-07-05,Beras,Jawa Timur,14400.0
2026-07-06,Beras,Jawa Timur,14400.0
2026-07-07,Beras,Jawa Timur,14400.0
2026-07-08,Beras,Jawa Timur,14200.0
2026-07-09,Beras,Jawa Timur,14600.0
2026-07-10,Beras,Jawa Timur,14200.0
2026-07-11,Beras,Jawa Timur,14100.0
2026-07-12,Beras,Jawa Timur,14100.0
2026-07-13,Beras,Jawa Timur,14300.0
2026-07-14,Beras,Jawa Timur,14400.0
2026-07-15,Beras,Jawa Timur,14400.0
2026-07-16,Beras,Jawa Timur,14200.0
2026-07-17,Beras,Jawa Timur,14100.0
2026-07-18,Beras,Jawa Timur,14300.0
2026-07-19,Beras,Jawa Timur,14100.0
2026-07-20,Beras,Jawa Timur,14100.0
2026-07-21,Beras,Jawa Timur,14200.0
2026-07-22,Beras,Jawa Timur,14300.0
2026-07-23,Beras,Jawa Timur,14300.0
2026-07-24,Beras,Jawa Timur,14100.0
2026-07-25,Beras,Jawa Timur,13900.0
2026-07-26,Beras,Jawa Timur,14000.0
2026-07-27,Beras,Jawa Timur,14200.0
2026-07-28,Beras,Jawa Timur,14200.0
2026-07-29,Beras,Jawa Timur,14000.0
2026-07-30,Beras,Jawa Timur,13800.0
2026-07-31,Beras,Jawa Timur,13900.0
2026-08-01,Beras,Jawa Timur,13900.0
2026-08-02,Beras,Jawa Timur,13700.0
2026-08-03,Beras,Jawa Timur,13900.0
2026-08-04,Beras,Jawa Timur,14000.0
2026-08-05,Beras,Jawa Timur,14100.0
2026-08-06,Beras,Jawa Timur,13900.0
2026-08-07,Beras,Jawa Timur,14000.0
2026-08-08,Beras,Jawa Timur,13800.0
2026-08-09,Beras,Jawa Timur,13700.0
2026-08-10,Beras,Jawa Timur,14000.0
2026-08-11,Beras,Jawa Timur,13900.0
2026-08-12,Beras,Jawa Timur,14200.0
2026-08-13,Beras,Jawa Timur,14000.0
2026-08-14,Beras,Jawa Timur,13900.0
2026-08-15,Beras,Jawa Timur,13700.0
2026-08-16,Beras,Jawa Timur,13700.0
2026-08-17,Beras,Jawa Timur,13900.0
2026-08-18,Beras,Jawa Timur,13900.0
2026-08-19,Beras,Jawa Timur,13900.0
2026-08-20,Beras,Jawa Timur,13800.0
2026-08-21,Beras,Jawa Timur,13700.0
2026-08-22,Beras,Jawa Timur,13600.0
2026-08-23,Beras,Jawa Timur,13800.0
2026-08-24,Beras,Jawa Timur,13800.0
2026-08-25,Beras,Jawa Timur,13900.0
2026-08-26,Beras,Jawa Timur,13800.0
2026-08-27,Beras,Jawa Timur,13700.0
2026-08-28,Beras,Jawa Timur,13900.0
2026-08-29,Beras,Jawa Timur,13600.0
2026-08-30,Beras,Jawa Timur,13700.0
2026-08-31,Beras,Jawa Timur,13800.0
2026-09-01,Beras,Jawa Timur,13600.0
2026-09-02,Beras,Jawa Timur,14100.0
2026-09-03,Beras,Jawa Timur,13900.0
2026-09-04,Beras,Jawa Timur,13600.0
2026-09-05,Beras,Jawa Timur,13600.0
2026-09-06,Beras,Jawa Timur,13500.0
2026-09-07,Beras,Jawa Timur,13900.0
2026-09-08,Beras,Jawa Timur,13800.0
2026-09-09,Beras,Jawa Timur,13800.0
2026-09-10,Beras,Jawa Timur,13700.0
2026-09-11,Beras,Jawa Timur,13700.0
2026-09-12,Beras,Jawa Timur,13700.0
2026-09-13,Beras,Jawa Timur,13800.0
2026-09-14,Beras,Jawa Timur,13600.0
2026-09-15,Beras,Jawa Timur,13800.0
2026-09-16,Beras,Jawa Timur,13800.0
2026-09-17,Beras,Jawa Timur,13600.0
2026-09-18,Beras,Jawa Timur,13900.0
2026-09-19,Beras,Jawa Timur,13700.0
2026-09-20,Beras,Jawa Timur,13600.0
2026-09-21,Beras,Jawa Timur,13900.0
2026-09-22,Beras,Jawa Timur,13900.0
2026-09-23,Beras,Jawa Timur,13800.0
2026-09-24,Beras,Jawa Timur,13800.0
2026-09-25,Beras,Jawa Timur,13800.0
2026-09-26,Beras,Jawa Timur,13500.0
2026-09-27,Beras,Jawa Timur,13800.0
2026-09-28,Beras,Jawa Timur,13700.0
2026-09-29,Beras,Jawa Timur,13900.0
2026-09-30,Beras,Jawa Timur,13800.0
2024-01-01,Beras,Sumatera Utara,14800.0
2024-01-02,Beras,Sumatera Utara,14800.0
2024-01-03,Beras,Sumatera Utara,14800.0
2024-01-04,Beras,Sumatera Utara,14800.0
2024-01-05,Beras,Sumatera Utara,14600.0
2024-01-06,Beras,Sumatera Utara,14700.0
2024-01-07,Beras,Sumatera Utara,14800.0
2024-01-08,Beras,Sumatera Utara,14900.0
2024-01-09,Beras,Sumatera Utara,15000.0
2024-01-10,Beras,Sumatera Utara,14900.0
2024-01-11,Beras,Sumatera Utara,15000.0
2024-01-12,Beras,Sumatera Utara,14700.0
2024-01-13,Beras,Sumatera Utara,14600.0
2024-01-14,Beras,Sumatera Utara,14700.0
2024-01-15,Beras,Sumatera Utara,14900.0
2024-01-16,Beras,Sumatera Utara,14900.0
2024-01-17,Beras,Sumatera Utara,15000.0
2024-01-18,Beras,Sumatera Utara,14800.0
2024-01-19,Beras,Sumatera Utara,14900.0
2024-01-20,Beras,Sumatera Utara,14600.0
2024-01-21,Beras,Sumatera Utara,14800.0
2024-01-22,Beras,Sumatera Utara,15100.0
2024-01-23,Beras,Sumatera Utara,15200.0
2024-01-24,Beras,Sumatera Utara,15200.0
2024-01-25,Beras,Sumatera Utara,15100.0
2024-01-26,Beras,Sumatera Utara,14900.0
2024-01-27,Beras,Sumatera Utara,14800.0
2024-01-28,Beras,Sumatera Utara,14900.0
2024-01-29,Beras,Sumatera Utara,14900.0
2024-01-30,Beras,Sumatera Utara,15200.0
2024-01-31,Beras,Sumatera Utara,15200.0
2024-02-01,Beras,Sumatera Utara,15000.0
2024-02-02,Beras,Sumatera Utara,15200.0
2024-02-03,Beras,Sumatera Utara,14900.0
2024-02-04,Beras,Sumatera Utara,15000.0
2024-02-05,Beras,Sumatera Utara,15000.0
2024-02-06,Beras,Sumatera Utara,15200.0
2024-02-07,Beras,Sumatera Utara,15300.0
2024-02-08,Beras,Sumatera Utara,15200.0
2024-02-09,Beras,Sumatera Utara,15200.0
2024-02-10,Beras,Sumatera Utara,14900.0
2024-02-11,Beras,Sumatera Utara,15000.0
2024-02-12,Beras,Sumatera Utara,15200.0
2024-02-13,Beras,Sumatera Utara,15100.0
2024-02-14,Beras,Sumatera Utara,15400.0
2024-02-15,Beras,Sumatera Utara,15100.0
2024-02-16,Beras,Sumatera Utara,15200.0
2024-02-17,Beras,Sumatera Utara,14900.0
2024-02-18,Beras,Sumatera Utara,15100.0
2024-02-19,Beras,Sumatera Utara,15300.0
2024-02-20,Beras,Sumatera Utara,15300.0
2024-02-21,Beras,Sumatera Utara,15200.0
2024-02-22,Beras,Sumatera Utara,15200.0
2024-02-23,Beras,Sumatera Utara,15100.0
2024-02-24,Beras,Sumatera Utara,14900.0
2024-02-25,Beras,Sumatera Utara,15300.0
2024-02-26,Beras,Sumatera Utara,15300.0
2024-02-27,Beras,Sumatera Utara,15300.0
2024-02-28,Beras,Sumatera Utara,15600.0
2024-02-29,Beras,Sumatera Utara,15200.0
2024-03-01,Beras,Sumatera Utara,15200.0
2024-03-02,Beras,Sumatera Utara,15000.0
2024-03-03,Beras,Sumatera Utara,14900.0
2024-03-04,Beras,Sumatera Utara,15100.0
2024-03-05,Beras,Sumatera Utara,15300.0
2024-03-06,Beras,Sumatera Utara,15600.0
2024-03-07,Beras,Sumatera Utara,15400.0
2024-03-08,Beras,Sumatera Utara,15300.0
2024-03-09,Beras,Sumatera Utara,14900.0
2024-03-10,Beras,Sumatera Utara,15300.0
2024-03-11,Beras,Sumatera Utara,15400.0
2024-03-12,Beras,Sumatera Utara,15500.0
2024-03-13,Beras,Sumatera Utara,15700.0
2024-03-14,Beras,Sumatera Utara,15600.0
2024-03-15,Beras,Sumatera Utara,15500.0
2024-03-16,Beras,Sumatera Utara,15200.0
2024-03-17,Beras,Sumatera Utara,15200.0
2024-03-18,Beras,Sumatera Utara,15600.0
2024-03-19,Beras,Sumatera Utara,15400.0
2024-03-20,Beras,Sumatera Utara,15900.0
2024-03-21,Beras,Sumatera Utara,15600.0
2024-03-22,Beras,Sumatera Utara,15300.0
2024-03-23,Beras,Sumatera Utara,15200.0
2024-03-24,Beras,Sumatera Utara,15200.0
2024-03-25,Beras,Sumatera Utara,15500.0
2024-03-26,Beras,Sumatera Utara,15600.0
2024-03-27,Beras,Sumatera Utara,15500.0
2024-03-28,Beras,Sumatera Utara,15700.0
2024-03-29,Beras,Sumatera Utara,15600.0
2024-03-30,Beras,Sumatera Utara,15900.0
2024-03-31,Beras,Sumatera Utara,16000.0
2024-04-01,Beras,Sumatera Utara,16200.0
2024-04-02,Beras,Sumatera Utara,16400.0
2024-04-03,Beras,Sumatera Utara,16700.0
2024-04-04,Beras,Sumatera Utara,16800.0
2024-04-05,Beras,Sumatera Utara,16900.0
2024-04-06,Beras,Sumatera Utara,17000.0
2024-04-07,Beras,Sumatera Utara,17300.0
2024-04-08,Beras,Sumatera Utara,17500.0
2024-04-09,Beras,Sumatera Utara,17600.0
2024-04-10,Beras,Sumatera Utara,18200.0
2024-04-11,Beras,Sumatera Utara,15500.0
2024-04-12,Beras,Sumatera Utara,15300.0
2024-04-13,Beras,Sumatera Utara,15300.0
2024-04-14,Beras,Sumatera Utara,15400.0
2024-04-15,Beras,Sumatera Utara,15400.0
2024-04-16,Beras,Sumatera Utara,15600.0
2024-04-17,Beras,Sumatera Utara,15600.0
2024-04-18,Beras,Sumatera Utara,15700.0
2024-04-19,Beras,Sumatera Utara,15400.0
2024-04-20,Beras,Sumatera Utara,15200.0
2024-04-21,Beras,Sumatera Utara,15200.0
2024-04-22,Beras,Sumatera Utara,15400.0
2024-04-23,Beras,Sumatera Utara,15600.0
2024-04-24,Beras,Sumatera Utara,15600.0
2024-04-25,Beras,Sumatera Utara,15500.0
2024-04-26,Beras,Sumatera Utara,15300.0
2024-04-27,Beras,Sumatera Utara,15200.0
2024-04-28,Beras,Sumatera Utara,15400.0
2024-04-29,Beras,Sumatera Utara,15300.0
2024-04-30,Beras,Sumatera Utara,15500.0
2024-05-01,Beras,Sumatera Utara,15700.0
2024-05-02,Beras,Sumatera Utara,15600.0
2024-05-03,Beras,Sumatera Utara,15400.0
2024-05-04,Beras,Sumatera Utara,15300.0
2024-05-05,Beras,Sumatera Utara,15200.0
2024-05-06,Beras,Sumatera Utara,15500.0
2024-05-07,Beras,Sumatera Utara,15700.0
2024-05-08,Beras,Sumatera Utara,15900.0
2024-05-09,Beras,Sumatera Utara,15500.0
2024-05-10,Beras,Sumatera Utara,15400.0
2024-05-11,Beras,Sumatera Utara,15200.0
2024-05-12,Beras,Sumatera Utara,15100.0
2024-05-13,Beras,Sumatera Utara,15400.0
2024-05-14,Beras,Sumatera Utara,15700.0
2024-05-15,Beras,Sumatera Utara,15700.0
2024-05-16,Beras,Sumatera Utara,15500.0
2024-05-17,Beras,Sumatera Utara,15300.0
2024-05-18,Beras,Sumatera Utara,15200.0
2024-05-19,Beras,Sumatera Utara,14900.0
2024-05-20,Beras,Sumatera Utara,15400.0
2024-05-21,Beras,Sumatera Utara,15300.0
2024-05-22,Beras,Sumatera Utara,15400.0
2024-05-23,Beras,Sumatera Utara,15300.0
2024-05-24,Beras,Sumatera Utara,15100.0
2024-05-25,Beras,Sumatera Utara,15000.0
2024-05-26,Beras,Sumatera Utara,15100.0
2024-05-27,Beras,Sumatera Utara,15200.0
2024-05-28,Beras,Sumatera Utara,15400.0
2024-05-29,Beras,Sumatera Utara,15200.0
2024-05-30,Beras,Sumatera Utara,15300.0
2024-05-31,Beras,Sumatera Utara,15000.0
2024-06-01,Beras,Sumatera Utara,15000.0
2024-06-02,Beras,Sumatera Utara,15100.0
2024-06-03,Beras,Sumatera Utara,15000.0
2024-06-04,Beras,Sumatera Utara,15300.0
2024-06-05,Beras,Sumatera Utara,15700.0
2024-06-06,Beras,Sumatera Utara,15500.0
2024-06-07,Beras,Sumatera Utara,15900.0
2024-06-08,Beras,Sumatera Utara,15900.0
2024-06-09,Beras,Sumatera Utara,15900.0
2024-06-10,Beras,Sumatera Utara,16100.0
2024-06-11,Beras,Sumatera Utara,16500.0
2024-06-12,Beras,Sumatera Utara,16500.0
2024-06-13,Beras,Sumatera Utara,16500.0
2024-06-14,Beras,Sumatera Utara,16700.0
2024-06-15,Beras,Sumatera Utara,16800.0
2024-06-16,Beras,Sumatera Utara,17000.0
2024-06-17,Beras,Sumatera Utara,17200.0
2024-06-18,Beras,Sumatera Utara,15300.0
2024-06-19,Beras,Sumatera Utara,15000.0
2024-06-20,Beras,Sumatera Utara,15000.0
2024-06-21,Beras,Sumatera Utara,15000.0
2024-06-22,Beras,Sumatera Utara,14700.0
2024-06-23,Beras,Sumatera Utara,14700.0
2024-06-24,Beras,Sumatera Utara,15000.0
2024-06-25,Beras,Sumatera Utara,15000.0
2024-06-26,Beras,Sumatera Utara,15100.0
2024-06-27,Beras,Sumatera Utara,14900.0
2024-06-28,Beras,Sumatera Utara,14800.0
2024-06-29,Beras,Sumatera Utara,14500.0
2024-06-30,Beras,Sumatera Utara,14800.0
2024-07-01,Beras,Sumatera Utara,14700.0
2024-07-02,Beras,Sumatera Utara,14900.0
2024-07-03,Beras,Sumatera Utara,14900.0
2024-07-04,Beras,Sumatera Utara,14800.0
2024-07-05,Beras,Sumatera Utara,14700.0
2024-07-06,Beras,Sumatera Utara,14700.0
2024-07-07,Beras,Sumatera Utara,14600.0
2024-07-08,Beras,Sumatera Utara,14900.0
2024-07-09,Beras,Sumatera Utara,14600.0
2024-07-10,Beras,Sumatera Utara,14800.0
2024-07-11,Beras,Sumatera Utara,14900.0
2024-07-12,Beras,Sumatera Utara,14700.0
2024-07-13,Beras,Sumatera Utara,14400.0
2024-07-14,Beras,Sumatera Utara,14500.0
2024-07-15,Beras,Sumatera Utara,14600.0
2024-07-16,Beras,Sumatera Utara,14900.0
2024-07-17,Beras,Sumatera Utara,14800.0
2024-07-18,Beras,Sumatera Utara,14800.0
2024-07-19,Beras,Sumatera Utara,14700.0
2024-07-20,Beras,Sumatera Utara,14800.0
2024-07-21,Beras,Sumatera Utara,14600.0
2024-07-22,Beras,Sumatera Utara,14600.0
2024-07-23,Beras,Sumatera Utara,14600.0
2024-07-24,Beras,Sumatera Utara,14700.0
2024-07-25,Beras,Sumatera Utara,14700.0
2024-07-26,Beras,Sumatera Utara,14300.0
2024-07-27,Beras,Sumatera Utara,14400.0
2024-07-28,Beras,Sumatera Utara,14500.0
2024-07-29,Beras,Sumatera Utara,14500.0
2024-07-30,Beras,Sumatera Utara,14800.0
2024-07-31,Beras,Sumatera Utara,14500.0
2024-08-01,Beras,Sumatera Utara,14700.0
2024-08-02,Beras,Sumatera Utara,14600.0
2024-08-03,Beras,Sumatera Utara,14500.0
2024-08-04,Beras,Sumatera Utara,14300.0
2024-08-05,Beras,Sumatera Utara,14500.0
2024-08-06,Beras,Sumatera Utara,14500.0
2024-08-07,Beras,Sumatera Utara,14500.0
2024-08-08,Beras,Sumatera Utara,14500.0
2024-08-09,Beras,Sumatera Utara,14300.0
2024-08-10,Beras,Sumatera Utara,14400.0
2024-08-11,Beras,Sumatera Utara,14400.0
2024-08-12,Beras,Sumatera Utara,14300.0
2024-08-13,Beras,Sumatera Utara,14400.0
2024-08-14,Beras,Sumatera Utara,14500.0
2024-08-15,Beras,Sumatera Utara,14400.0
2024-08-16,Beras,Sumatera Utara,14400.0
2024-08-17,Beras,Sumatera Utara,14300.0
2024-08-18,Beras,Sumatera Utara,14300.0
2024-08-19,Beras,Sumatera Utara,14400.0
2024-08-20,Beras,Sumatera Utara,14300.0
2024-08-21,Beras,Sumatera Utara,14600.0
2024-08-22,Beras,Sumatera Utara,14300.0
2024-08-23,Beras,Sumatera Utara,14400.0
2024-08-24,Beras,Sumatera Utara,14200.0
2024-08-25,Beras,Sumatera Utara,14400.0
2024-08-26,Beras,Sumatera Utara,14400.0
2024-08-27,Beras,Sumatera Utara,14300.0
2024-08-28,Beras,Sumatera Utara,14400.0
2024-08-29,Beras,Sumatera Utara,14400.0
2024-08-30,Beras,Sumatera Utara,14200.0
2024-08-31,Beras,Sumatera Utara,14100.0
2024-09-01,Beras,Sumatera Utara,14100.0
2024-09-02,Beras,Sumatera Utara,14300.0
2024-09-03,Beras,Sumatera Utara,14400.0
2024-09-04,Beras,Sumatera Utara,14300.0
2024-09-05,Beras,Sumatera Utara,14500.0
2024-09-06,Beras,Sumatera Utara,14200.0
2024-09-07,Beras,Sumatera Utara,14000.0
2024-09-08,Beras,Sumatera Utara,14000.0
2024-09-09,Beras,Sumatera Utara,14300.0
2024-09-10,Beras,Sumatera Utara,14300.0
2024-09-11,Beras,Sumatera Utara,14500.0
2024-09-12,Beras,Sumatera Utara,14300.0
2024-09-13,Beras,Sumatera Utara,14000.0
2024-09-14,Beras,Sumatera Utara,14200.0
2024-09-15,Beras,Sumatera Utara,14200.0
2024-09-16,Beras,Sumatera Utara,14200.0
2024-09-17,Beras,Sumatera Utara,14400.0
2024-09-18,Beras,Sumatera Utara,14400.0
2024-09-19,Beras,Sumatera Utara,14200.0
2024-09-20,Beras,Sumatera Utara,14300.0
2024-09-21,Beras,Sumatera Utara,14100.0
2024-09-22,Beras,Sumatera Utara,14300.0
2024-09-23,Beras,Sumatera Utara,14200.0
2024-09-24,Beras,Sumatera Utara,14300.0
2024-09-25,Beras,Sumatera Utara,14600.0
2024-09-26,Beras,Sumatera Utara,14500.0
2024-09-27,Beras,Sumatera Utara,13900.0
2024-09-28,Beras,Sumatera Utara,14200.0
2024-09-29,Beras,Sumatera Utara,14100.0
2024-09-30,Beras,Sumatera Utara,14200.0
2024-10-01,Beras,Sumatera Utara,14300.0
2024-10-02,Beras,Sumatera Utara,14300.0
2024-10-03,Beras,Sumatera Utara,14200.0
2024-10-04,Beras,Sumatera Utara,14100.0
2024-10-05,Beras,Sumatera Utara,14000.0
2024-10-06,Beras,Sumatera Utara,14000.0
2024-10-07,Beras,Sumatera Utara,14300.0
2024-10-08,Beras,Sumatera Utara,14400.0
2024-10-09,Beras,Sumatera Utara,14500.0
2024-10-10,Beras,Sumatera Utara,14400.0
2024-10-11,Beras,Sumatera Utara,14100.0
2024-10-12,Beras,Sumatera Utara,14200.0
2024-10-13,Beras,Sumatera Utara,14100.0
2024-10-14,Beras,Sumatera Utara,14400.0
2024-10-15,Beras,Sumatera Utara,14300.0
2024-10-16,Beras,Sumatera Utara,14400.0
2024-10-17,Beras,Sumatera Utara,14400.0
2024-10-18,Beras,Sumatera Utara,14400.0
2024-10-19,Beras,Sumatera Utara,14200.0
2024-10-20,Beras,Sumatera Utara,14300.0
2024-10-21,Beras,Sumatera Utara,14600.0
2024-10-22,Beras,Sumatera Utara,14300.0
2024-10-23,Beras,Sumatera Utara,14400.0
2024-10-24,Beras,Sumatera Utara,14300.0
2024-10-25,Beras,Sumatera Utara,14100.0
2024-10-26,Beras,Sumatera Utara,14200.0
2024-10-27,Beras,Sumatera Utara,14300.0
2024-10-28,Beras,Sumatera Utara,14300.0
2024-10-29,Beras,Sumatera Utara,14500.0
2024-10-30,Beras,Sumatera Utara,14300.0
2024-10-31,Beras,Sumatera Utara,14400.0
2024-11-01,Beras,Sumatera Utara,14300.0
2024-11-02,Beras,Sumatera Utara,14400.0
2024-11-03,Beras,Sumatera Utara,14100.0
2024-11-04,Beras,Sumatera Utara,14400.0
2024-11-05,Beras,Sumatera Utara,14700.0
2024-11-06,Beras,Sumatera Utara,14600.0
2024-11-07,Beras,Sumatera Utara,14300.0
2024-11-08,Beras,Sumatera Utara,14600.0
2024-11-09,Beras,Sumatera Utara,14400.0
2024-11-10,Beras,Sumatera Utara,14500.0
2024-11-11,Beras,Sumatera Utara,14300.0
2024-11-12,Beras,Sumatera Utara,14800.0
2024-11-13,Beras,Sumatera Utara,14600.0
2024-11-14,Beras,Sumatera Utara,14600.0
2024-11-15,Beras,Sumatera Utara,14400.0
2024-11-16,Beras,Sumatera Utara,14500.0
2024-11-17,Beras,Sumatera Utara,14400.0
2024-11-18,Beras,Sumatera Utara,14600.0
2024-11-19,Beras,Sumatera Utara,14700.0
2024-11-20,Beras,Sumatera Utara,14700.0
2024-11-21,Beras,Sumatera Utara,14500.0
2024-11-22,Beras,Sumatera Utara,14700.0
2024-11-23,Beras,Sumatera Utara,14300.0
2024-11-24,Beras,Sumatera Utara,14600.0
2024-11-25,Beras,Sumatera Utara,14700.0
2024-11-26,Beras,Sumatera Utara,14900.0
2024-11-27,Beras,Sumatera Utara,15000.0
2024-11-28,Beras,Sumatera Utara,14700.0
2024-11-29,Beras,Sumatera Utara,14700.0
2024-11-30,Beras,Sumatera Utara,14800.0
2024-12-01,Beras,Sumatera Utara,14600.0
2024-12-02,Beras,Sumatera Utara,14700.0
2024-12-03,Beras,Sumatera Utara,14900.0
2024-12-04,Beras,Sumatera Utara,14800.0
2024-12-05,Beras,Sumatera Utara,15000.0
2024-12-06,Beras,Sumatera Utara,14900.0
2024-12-07,Beras,Sumatera Utara,14700.0
2024-12-08,Beras,Sumatera Utara,14600.0
2024-12-09,Beras,Sumatera Utara,15000.0
2024-12-10,Beras,Sumatera Utara,14800.0
2024-12-11,Beras,Sumatera Utara,14900.0
2024-12-12,Beras,Sumatera Utara,15000.0
2024-12-13,Beras,Sumatera Utara,14900.0
2024-12-14,Beras,Sumatera Utara,14900.0
2024-12-15,Beras,Sumatera Utara,14900.0
2024-12-16,Beras,Sumatera Utara,15200.0
2024-12-17,Beras,Sumatera Utara,15200.0
2024-12-18,Beras,Sumatera Utara,15400.0
2024-12-19,Beras,Sumatera Utara,15300.0
2024-12-20,Beras,Sumatera Utara,14900.0
2024-12-21,Beras,Sumatera Utara,15000.0
2024-12-22,Beras,Sumatera Utara,15300.0
2024-12-23,Beras,Sumatera Utara,15100.0
2024-12-24,Beras,Sumatera Utara,15300.0
2024-12-25,Beras,Sumatera Utara,15400.0
2024-12-26,Beras,Sumatera Utara,15300.0
2024-12-27,Beras,Sumatera Utara,15100.0
2024-12-28,Beras,Sumatera Utara,15100.0
2024-12-29,Beras,Sumatera Utara,15400.0
2024-12-30,Beras,Sumatera Utara,15300.0
2024-12-31,Beras,Sumatera Utara,15300.0
2025-01-01,Beras,Sumatera Utara,15300.0
2025-01-02,Beras,Sumatera Utara,15700.0
2025-01-03,Beras,Sumatera Utara,15300.0
2025-01-04,Beras,Sumatera Utara,15300.0
2025-01-05,Beras,Sumatera Utara,15200.0
2025-01-06,Beras,Sumatera Utara,15500.0
2025-01-07,Beras,Sumatera Utara,15800.0
2025-01-08,Beras,Sumatera Utara,15500.0
2025-01-09,Beras,Sumatera Utara,15600.0
2025-01-10,Beras,Sumatera Utara,15300.0
2025-01-11,Beras,Sumatera Utara,15600.0
2025-01-12,Beras,Sumatera Utara,15500.0
2025-01-13,Beras,Sumatera Utara,15600.0
2025-01-14,Beras,Sumatera Utara,15700.0
2025-01-15,Beras,Sumatera Utara,15700.0
2025-01-16,Beras,Sumatera Utara,15700.0
2025-01-17,Beras,Sumatera Utara,15300.0
2025-01-18,Beras,Sumatera Utara,15500.0
2025-01-19,Beras,Sumatera Utara,15600.0
2025-01-20,Beras,Sumatera Utara,15800.0
2025-01-21,Beras,Sumatera Utara,15800.0
2025-01-22,Beras,Sumatera Utara,15800.0
2025-01-23,Beras,Sumatera Utara,15800.0
2025-01-24,Beras,Sumatera Utara,15500.0
2025-01-25,Beras,Sumatera Utara,15700.0
2025-01-26,Beras,Sumatera Utara,15500.0
2025-01-27,Beras,Sumatera Utara,16000.0
2025-01-28,Beras,Sumatera Utara,16100.0
2025-01-29,Beras,Sumatera Utara,16000.0
2025-01-30,Beras,Sumatera Utara,16100.0
2025-01-31,Beras,Sumatera Utara,15900.0
2025-02-01,Beras,Sumatera Utara,15700.0
2025-02-02,Beras,Sumatera Utara,15600.0
2025-02-03,Beras,Sumatera Utara,16000.0
2025-02-04,Beras,Sumatera Utara,16000.0
2025-02-05,Beras,Sumatera Utara,16300.0
2025-02-06,Beras,Sumatera Utara,16100.0
2025-02-07,Beras,Sumatera Utara,15900.0
2025-02-08,Beras,Sumatera Utara,16100.0
2025-02-09,Beras,Sumatera Utara,16000.0
2025-02-10,Beras,Sumatera Utara,15600.0
2025-02-11,Beras,Sumatera Utara,16100.0
2025-02-12,Beras,Sumatera Utara,16100.0
2025-02-13,Beras,Sumatera Utara,16100.0
2025-02-14,Beras,Sumatera Utara,16000.0
2025-02-15,Beras,Sumatera Utara,16000.0
2025-02-16,Beras,Sumatera Utara,16000.0
2025-02-17,Beras,Sumatera Utara,16300.0
2025-02-18,Beras,Sumatera Utara,16300.0
2025-02-19,Beras,Sumatera Utara,16400.0
2025-02-20,Beras,Sumatera Utara,16300.0
2025-02-21,Beras,Sumatera Utara,16300.0
2025-02-22,Beras,Sumatera Utara,16000.0
2025-02-23,Beras,Sumatera Utara,16100.0
2025-02-24,Beras,Sumatera Utara,16000.0
2025-02-25,Beras,Sumatera Utara,16500.0
2025-02-26,Beras,Sumatera Utara,16400.0
2025-02-27,Beras,Sumatera Utara,16700.0
2025-02-28,Beras,Sumatera Utara,16200.0
2025-03-01,Beras,Sumatera Utara,16200.0
2025-03-02,Beras,Sumatera Utara,16300.0
2025-03-03,Beras,Sumatera Utara,16300.0
2025-03-04,Beras,Sumatera Utara,16600.0
2025-03-05,Beras,Sumatera Utara,16600.0
2025-03-06,Beras,Sumatera Utara,16400.0
2025-03-07,Beras,Sumatera Utara,16500.0
2025-03-08,Beras,Sumatera Utara,16100.0
2025-03-09,Beras,Sumatera Utara,16300.0
2025-03-10,Beras,Sumatera Utara,16600.0
2025-03-11,Beras,Sumatera Utara,16500.0
2025-03-12,Beras,Sumatera Utara,16600.0
2025-03-13,Beras,Sumatera Utara,16800.0
2025-03-14,Beras,Sumatera Utara,16400.0
2025-03-15,Beras,Sumatera Utara,16200.0
2025-03-16,Beras,Sumatera Utara,16400.0
2025-03-17,Beras,Sumatera Utara,16400.0
2025-03-18,Beras,Sumatera Utara,16500.0
2025-03-19,Beras,Sumatera Utara,17100.0
2025-03-20,Beras,Sumatera Utara,16800.0
2025-03-21,Beras,Sumatera Utara,17300.0
2025-03-22,Beras,Sumatera Utara,17000.0
2025-03-23,Beras,Sumatera Utara,17600.0
2025-03-24,Beras,Sumatera Utara,17500.0
2025-03-25,Beras,Sumatera Utara,18100.0
2025-03-26,Beras,Sumatera Utara,18200.0
2025-03-27,Beras,Sumatera Utara,18300.0
2025-03-28,Beras,Sumatera Utara,18300.0
2025-03-29,Beras,Sumatera Utara,18200.0
2025-03-30,Beras,Sumatera Utara,18300.0
2025-03-31,Beras,Sumatera Utara,18700.0
2025-04-01,Beras,Sumatera Utara,16500.0
2025-04-02,Beras,Sumatera Utara,16500.0
2025-04-03,Beras,Sumatera Utara,16500.0
2025-04-04,Beras,Sumatera Utara,16400.0
2025-04-05,Beras,Sumatera Utara,16100.0
2025-04-06,Beras,Sumatera Utara,16300.0
2025-04-07,Beras,Sumatera Utara,16300.0
2025-04-08,Beras,Sumatera Utara,16400.0
2025-04-09,Beras,Sumatera Utara,16600.0
2025-04-10,Beras,Sumatera Utara,16300.0
2025-04-11,Beras,Sumatera Utara,16200.0
2025-04-12,Beras,Sumatera Utara,16200.0
2025-04-13,Beras,Sumatera Utara,16300.0
2025-04-14,Beras,Sumatera Utara,16300.0
2025-04-15,Beras,Sumatera Utara,16500.0
2025-04-16,Beras,Sumatera Utara,16400.0
2025-04-17,Beras,Sumatera Utara,16300.0
2025-04-18,Beras,Sumatera Utara,16200.0
2025-04-19,Beras,Sumatera Utara,16100.0
2025-04-20,Beras,Sumatera Utara,16100.0
2025-04-21,Beras,Sumatera Utara,16400.0
2025-04-22,Beras,Sumatera Utara,16300.0
2025-04-23,Beras,Sumatera Utara,16200.0
2025-04-24,Beras,Sumatera Utara,16600.0
2025-04-25,Beras,Sumatera Utara,16100.0
2025-04-26,Beras,Sumatera Utara,16200.0
2025-04-27,Beras,Sumatera Utara,16200.0
2025-04-28,Beras,Sumatera Utara,16300.0
2025-04-29,Beras,Sumatera Utara,16300.0
2025-04-30,Beras,Sumatera Utara,16300.0
2025-05-01,Beras,Sumatera Utara,16100.0
2025-05-02,Beras,Sumatera Utara,16300.0
2025-05-03,Beras,Sumatera Utara,15900.0
2025-05-04,Beras,Sumatera Utara,16000.0
2025-05-05,Beras,Sumatera Utara,16200.0
2025-05-06,Beras,Sumatera Utara,16300.0
2025-05-07,Beras,Sumatera Utara,16200.0
2025-05-08,Beras,Sumatera Utara,16400.0
2025-05-09,Beras,Sumatera Utara,16200.0
2025-05-10,Beras,Sumatera Utara,16000.0
2025-05-11,Beras,Sumatera Utara,15900.0
2025-05-12,Beras,Sumatera Utara,16200.0
2025-05-13,Beras,Sumatera Utara,16200.0
2025-05-14,Beras,Sumatera Utara,16400.0
2025-05-15,Beras,Sumatera Utara,16100.0
2025-05-16,Beras,Sumatera Utara,16100.0
2025-05-17,Beras,Sumatera Utara,15900.0
2025-05-18,Beras,Sumatera Utara,15900.0
2025-05-19,Beras,Sumatera Utara,16200.0
2025-05-20,Beras,Sumatera Utara,16400.0
2025-05-21,Beras,Sumatera Utara,16400.0
2025-05-22,Beras,Sumatera Utara,16200.0
2025-05-23,Beras,Sumatera Utara,16000.0
2025-05-24,Beras,Sumatera Utara,15900.0
2025-05-25,Beras,Sumatera Utara,16200.0
2025-05-26,Beras,Sumatera Utara,16400.0
2025-05-27,Beras,Sumatera Utara,16900.0
2025-05-28,Beras,Sumatera Utara,17100.0
2025-05-29,Beras,Sumatera Utara,16900.0
2025-05-30,Beras,Sumatera Utara,17100.0
2025-05-31,Beras,Sumatera Utara,17200.0
2025-06-01,Beras,Sumatera Utara,17400.0
2025-06-02,Beras,Sumatera Utara,17700.0
2025-06-03,Beras,Sumatera Utara,17800.0
2025-06-04,Beras,Sumatera Utara,18000.0
2025-06-05,Beras,Sumatera Utara,18300.0
2025-06-06,Beras,Sumatera Utara,18100.0
2025-06-07,Beras,Sumatera Utara,15700.0
2025-06-08,Beras,Sumatera Utara,15700.0
2025-06-09,Beras,Sumatera Utara,15900.0
2025-06-10,Beras,Sumatera Utara,15700.0
2025-06-11,Beras,Sumatera Utara,16100.0
2025-06-12,Beras,Sumatera Utara,16100.0
2025-06-13,Beras,Sumatera Utara,15600.0
2025-06-14,Beras,Sumatera Utara,15500.0
2025-06-15,Beras,Sumatera Utara,15700.0
2025-06-16,Beras,Sumatera Utara,15900.0
2025-06-17,Beras,Sumatera Utara,15900.0
2025-06-18,Beras,Sumatera Utara,15700.0
2025-06-19,Beras,Sumatera Utara,15800.0
2025-06-20,Beras,Sumatera Utara,15500.0
2025-06-21,Beras,Sumatera Utara,15500.0
2025-06-22,Beras,Sumatera Utara,15500.0
2025-06-23,Beras,Sumatera Utara,15600.0
2025-06-24,Beras,Sumatera Utara,15700.0
2025-06-25,Beras,Sumatera Utara,15800.0
2025-06-26,Beras,Sumatera Utara,15800.0
2025-06-27,Beras,Sumatera Utara,15400.0
2025-06-28,Beras,Sumatera Utara,15500.0
2025-06-29,Beras,Sumatera Utara,15500.0
2025-06-30,Beras,Sumatera Utara,15700.0
2025-07-01,Beras,Sumatera Utara,15800.0
2025-07-02,Beras,Sumatera Utara,15700.0
2025-07-03,Beras,Sumatera Utara,15700.0
2025-07-04,Beras,Sumatera Utara,15400.0
2025-07-05,Beras,Sumatera Utara,15600.0
2025-07-06,Beras,Sumatera Utara,15300.0
2025-07-07,Beras,Sumatera Utara,15600.0
2025-07-08,Beras,Sumatera Utara,15600.0
2025-07-09,Beras,Sumatera Utara,15600.0
2025-07-10,Beras,Sumatera Utara,15700.0
2025-07-11,Beras,Sumatera Utara,15400.0
2025-07-12,Beras,Sumatera Utara,15200.0
2025-07-13,Beras,Sumatera Utara,15100.0
2025-07-14,Beras,Sumatera Utara,15400.0
2025-07-15,Beras,Sumatera Utara,15800.0
2025-07-16,Beras,Sumatera Utara,15800.0
2025-07-17,Beras,Sumatera Utara,15400.0
2025-07-18,Beras,Sumatera Utara,15300.0
2025-07-19,Beras,Sumatera Utara,15200.0
2025-07-20,Beras,Sumatera Utara,15100.0
2025-07-21,Beras,Sumatera Utara,15300.0
2025-07-22,Beras,Sumatera Utara,15600.0
2025-07-23,Beras,Sumatera Utara,15600.0
2025-07-24,Beras,Sumatera Utara,15500.0
2025-07-25,Beras,Sumatera Utara,15100.0
2025-07-26,Beras,Sumatera Utara,15200.0
2025-07-27,Beras,Sumatera Utara,14900.0
2025-07-28,Beras,Sumatera Utara,15400.0
2025-07-29,Beras,Sumatera Utara,15400.0
2025-07-30,Beras,Sumatera Utara,15300.0
2025-07-31,Beras,Sumatera Utara,15500.0
2025-08-01,Beras,Sumatera Utara,15000.0
2025-08-02,Beras,Sumatera Utara,15100.0
2025-08-03,Beras,Sumatera Utara,15100.0
2025-08-04,Beras,Sumatera Utara,15000.0
2025-08-05,Beras,Sumatera Utara,15300.0
2025-08-06,Beras,Sumatera Utara,15100.0
2025-08-07,Beras,Sumatera Utara,14900.0
2025-08-08,Beras,Sumatera Utara,14900.0
2025-08-09,Beras,Sumatera Utara,14900.0
2025-08-10,Beras,Sumatera Utara,15000.0
2025-08-11,Beras,Sumatera Utara,15100.0
2025-08-12,Beras,Sumatera Utara,15200.0
2025-08-13,Beras,Sumatera Utara,15100.0
2025-08-14,Beras,Sumatera Utara,15000.0
2025-08-15,Beras,Sumatera Utara,14800.0
2025-08-16,Beras,Sumatera Utara,14800.0
2025-08-17,Beras,Sumatera Utara,14900.0
2025-08-18,Beras,Sumatera Utara,15100.0
2025-08-19,Beras,Sumatera Utara,15100.0
2025-08-20,Beras,Sumatera Utara,15200.0
2025-08-21,Beras,Sumatera Utara,15200.0
2025-08-22,Beras,Sumatera Utara,14900.0
2025-08-23,Beras,Sumatera Utara,14800.0
2025-08-24,Beras,Sumatera Utara,15000.0
2025-08-25,Beras,Sumatera Utara,15100.0
2025-08-26,Beras,Sumatera Utara,15200.0
2025-08-27,Beras,Sumatera Utara,15200.0
2025-08-28,Beras,Sumatera Utara,15100.0
2025-08-29,Beras,Sumatera Utara,14900.0
2025-08-30,Beras,Sumatera Utara,15100.0
2025-08-31,Beras,Sumatera Utara,14800.0
2025-09-01,Beras,Sumatera Utara,15000.0
2025-09-02,Beras,Sumatera Utara,15200.0
2025-09-03,Beras,Sumatera Utara,15200.0
2025-09-04,Beras,Sumatera Utara,15200.0
2025-09-05,Beras,Sumatera Utara,15000.0
2025-09-06,Beras,Sumatera Utara,15000.0
2025-09-07,Beras,Sumatera Utara,14800.0
2025-09-08,Beras,Sumatera Utara,15100.0
2025-09-09,Beras,Sumatera Utara,15200.0
2025-09-10,Beras,Sumatera Utara,15000.0
2025-09-11,Beras,Sumatera Utara,15100.0
2025-09-12,Beras,Sumatera Utara,14900.0
2025-09-13,Beras,Sumatera Utara,14700.0
2025-09-14,Beras,Sumatera Utara,14600.0
2025-09-15,Beras,Sumatera Utara,14800.0
2025-09-16,Beras,Sumatera Utara,15100.0
2025-09-17,Beras,Sumatera Utara,15100.0
2025-09-18,Beras,Sumatera Utara,15000.0
2025-09-19,Beras,Sumatera Utara,14900.0
2025-09-20,Beras,Sumatera Utara,14900.0
2025-09-21,Beras,Sumatera Utara,14800.0
2025-09-22,Beras,Sumatera Utara,14800.0
2025-09-23,Beras,Sumatera Utara,15100.0
2025-09-24,Beras,Sumatera Utara,15100.0
2025-09-25,Beras,Sumatera Utara,15100.0
2025-09-26,Beras,Sumatera Utara,15000.0
2025-09-27,Beras,Sumatera Utara,14600.0
2025-09-28,Beras,Sumatera Utara,14800.0
2025-09-29,Beras,Sumatera Utara,14700.0
2025-09-30,Beras,Sumatera Utara,15100.0
2025-10-01,Beras,Sumatera Utara,15000.0
2025-10-02,Beras,Sumatera Utara,15000.0
2025-10-03,Beras,Sumatera Utara,14700.0
2025-10-04,Beras,Sumatera Utara,15000.0
2025-10-05,Beras,Sumatera Utara,14700.0
2025-10-06,Beras,Sumatera Utara,15000.0
2025-10-07,Beras,Sumatera Utara,15000.0
2025-10-08,Beras,Sumatera Utara,15000.0
2025-10-09,Beras,Sumatera Utara,14900.0
2025-10-10,Beras,Sumatera Utara,14700.0
2025-10-11,Beras,Sumatera Utara,14900.0
2025-10-12,Beras,Sumatera Utara,14700.0
2025-10-13,Beras,Sumatera Utara,14700.0
2025-10-14,Beras,Sumatera Utara,15000.0
2025-10-15,Beras,Sumatera Utara,15000.0
2025-10-16,Beras,Sumatera Utara,15100.0
2025-10-17,Beras,Sumatera Utara,14800.0
2025-10-18,Beras,Sumatera Utara,14700.0
2025-10-19,Beras,Sumatera Utara,14800.0
2025-10-20,Beras,Sumatera Utara,15100.0
2025-10-21,Beras,Sumatera Utara,14900.0
2025-10-22,Beras,Sumatera Utara,15200.0
2025-10-23,Beras,Sumatera Utara,15000.0
2025-10-24,Beras,Sumatera Utara,14900.0
2025-10-25,Beras,Sumatera Utara,15100.0
2025-10-26,Beras,Sumatera Utara,14800.0
2025-10-27,Beras,Sumatera Utara,15100.0
2025-10-28,Beras,Sumatera Utara,15200.0
2025-10-29,Beras,Sumatera Utara,15000.0
2025-10-30,Beras,Sumatera Utara,14900.0
2025-10-31,Beras,Sumatera Utara,15000.0
2025-11-01,Beras,Sumatera Utara,14700.0
2025-11-02,Beras,Sumatera Utara,14700.0
2025-11-03,Beras,Sumatera Utara,15100.0
2025-11-04,Beras,Sumatera Utara,15000.0
2025-11-05,Beras,Sumatera Utara,15100.0
2025-11-06,Beras,Sumatera Utara,15300.0
2025-11-07,Beras,Sumatera Utara,14800.0
2025-11-08,Beras,Sumatera Utara,14700.0
2025-11-09,Beras,Sumatera Utara,14800.0
2025-11-10,Beras,Sumatera Utara,15000.0
2025-11-11,Beras,Sumatera Utara,15000.0
2025-11-12,Beras,Sumatera Utara,15100.0
2025-11-13,Beras,Sumatera Utara,15300.0
2025-11-14,Beras,Sumatera Utara,15000.0
2025-11-15,Beras,Sumatera Utara,15000.0
2025-11-16,Beras,Sumatera Utara,15000.0
2025-11-17,Beras,Sumatera Utara,15100.0
2025-11-18,Beras,Sumatera Utara,15300.0
2025-11-19,Beras,Sumatera Utara,15200.0
2025-11-20,Beras,Sumatera Utara,15200.0
2025-11-21,Beras,Sumatera Utara,15200.0
2025-11-22,Beras,Sumatera Utara,15200.0
2025-11-23,Beras,Sumatera Utara,15300.0
2025-11-24,Beras,Sumatera Utara,15200.0
2025-11-25,Beras,Sumatera Utara,15400.0
2025-11-26,Beras,Sumatera Utara,15000.0
2025-11-27,Beras,Sumatera Utara,15400.0
2025-11-28,Beras,Sumatera Utara,15100.0
2025-11-29,Beras,Sumatera Utara,15000.0
2025-11-30,Beras,Sumatera Utara,15100.0
2025-12-01,Beras,Sumatera Utara,15200.0
2025-12-02,Beras,Sumatera Utara,15400.0
2025-12-03,Beras,Sumatera Utara,15500.0
2025-12-04,Beras,Sumatera Utara,15300.0
2025-12-05,Beras,Sumatera Utara,15100.0
2025-12-06,Beras,Sumatera Utara,15300.0
2025-12-07,Beras,Sumatera Utara,15200.0
2025-12-08,Beras,Sumatera Utara,15500.0
2025-12-09,Beras,Sumatera Utara,15500.0
2025-12-10,Beras,Sumatera Utara,15300.0
2025-12-11,Beras,Sumatera Utara,15400.0
2025-12-12,Beras,Sumatera Utara,15100.0
2025-12-13,Beras,Sumatera Utara,15200.0
2025-12-14,Beras,Sumatera Utara,15200.0
2025-12-15,Beras,Sumatera Utara,15200.0
2025-12-16,Beras,Sumatera Utara,15400.0
2025-12-17,Beras,Sumatera Utara,15800.0
2025-12-18,Beras,Sumatera Utara,15500.0
2025-12-19,Beras,Sumatera Utara,15300.0
2025-12-20,Beras,Sumatera Utara,15400.0
2025-12-21,Beras,Sumatera Utara,15200.0
2025-12-22,Beras,Sumatera Utara,15400.0
2025-12-23,Beras,Sumatera Utara,15600.0
2025-12-24,Beras,Sumatera Utara,15500.0
2025-12-25,Beras,Sumatera Utara,15400.0
2025-12-26,Beras,Sumatera Utara,15100.0
2025-12-27,Beras,Sumatera Utara,15200.0
2025-12-28,Beras,Sumatera Utara,15200.0
2025-12-29,Beras,Sumatera Utara,15500.0
2025-12-30,Beras,Sumatera Utara,15600.0
2025-12-31,Beras,Sumatera Utara,15900.0
2026-01-01,Beras,Sumatera Utara,15500.0
2026-01-02,Beras,Sumatera Utara,15700.0
2026-01-03,Beras,Sumatera Utara,15500.0
2026-01-04,Beras,Sumatera Utara,15600.0
2026-01-05,Beras,Sumatera Utara,15700.0
2026-01-06,Beras,Sumatera Utara,15500.0
2026-01-07,Beras,Sumatera Utara,15800.0
2026-01-08,Beras,Sumatera Utara,15800.0
2026-01-09,Beras,Sumatera Utara,15500.0
2026-01-10,Beras,Sumatera Utara,15600.0
2026-01-11,Beras,Sumatera Utara,15900.0
2026-01-12,Beras,Sumatera Utara,15500.0
2026-01-13,Beras,Sumatera Utara,15900.0
2026-01-14,Beras,Sumatera Utara,15900.0
2026-01-15,Beras,Sumatera Utara,15900.0
2026-01-16,Beras,Sumatera Utara,15800.0
2026-01-17,Beras,Sumatera Utara,15700.0
2026-01-18,Beras,Sumatera Utara,15900.0
2026-01-19,Beras,Sumatera Utara,16100.0
2026-01-20,Beras,Sumatera Utara,16400.0
2026-01-21,Beras,Sumatera Utara,16000.0
2026-01-22,Beras,Sumatera Utara,15800.0
2026-01-23,Beras,Sumatera Utara,16000.0
2026-01-24,Beras,Sumatera Utara,16000.0
2026-01-25,Beras,Sumatera Utara,15900.0
2026-01-26,Beras,Sumatera Utara,16200.0
2026-01-27,Beras,Sumatera Utara,16100.0
2026-01-28,Beras,Sumatera Utara,16100.0
2026-01-29,Beras,Sumatera Utara,16100.0
2026-01-30,Beras,Sumatera Utara,15900.0
2026-01-31,Beras,Sumatera Utara,16000.0
2026-02-01,Beras,Sumatera Utara,16100.0
2026-02-02,Beras,Sumatera Utara,16200.0
2026-02-03,Beras,Sumatera Utara,16300.0
2026-02-04,Beras,Sumatera Utara,16400.0
2026-02-05,Beras,Sumatera Utara,16300.0
2026-02-06,Beras,Sumatera Utara,15900.0
2026-02-07,Beras,Sumatera Utara,16000.0
2026-02-08,Beras,Sumatera Utara,16100.0
2026-02-09,Beras,Sumatera Utara,16200.0
2026-02-10,Beras,Sumatera Utara,16300.0
2026-02-11,Beras,Sumatera Utara,16400.0
2026-02-12,Beras,Sumatera Utara,16300.0
2026-02-13,Beras,Sumatera Utara,16300.0
2026-02-14,Beras,Sumatera Utara,16200.0
2026-02-15,Beras,Sumatera Utara,16200.0
2026-02-16,Beras,Sumatera Utara,16200.0
2026-02-17,Beras,Sumatera Utara,16500.0
2026-02-18,Beras,Sumatera Utara,16500.0
2026-02-19,Beras,Sumatera Utara,16300.0
2026-02-20,Beras,Sumatera Utara,16300.0
2026-02-21,Beras,Sumatera Utara,16300.0
2026-02-22,Beras,Sumatera Utara,16300.0
2026-02-23,Beras,Sumatera Utara,16500.0
2026-02-24,Beras,Sumatera Utara,16600.0
2026-02-25,Beras,Sumatera Utara,16700.0
2026-02-26,Beras,Sumatera Utara,16600.0
2026-02-27,Beras,Sumatera Utara,16400.0
2026-02-28,Beras,Sumatera Utara,16200.0
2026-03-01,Beras,Sumatera Utara,16200.0
2026-03-02,Beras,Sumatera Utara,16400.0
2026-03-03,Beras,Sumatera Utara,16800.0
2026-03-04,Beras,Sumatera Utara,16600.0
2026-03-05,Beras,Sumatera Utara,16800.0
2026-03-06,Beras,Sumatera Utara,16400.0
2026-03-07,Beras,Sumatera Utara,16400.0
2026-03-08,Beras,Sumatera Utara,16700.0
2026-03-09,Beras,Sumatera Utara,17000.0
2026-03-10,Beras,Sumatera Utara,17200.0
2026-03-11,Beras,Sumatera Utara,17400.0
2026-03-12,Beras,Sumatera Utara,17700.0
2026-03-13,Beras,Sumatera Utara,17800.0
2026-03-14,Beras,Sumatera Utara,18000.0
2026-03-15,Beras,Sumatera Utara,17900.0
2026-03-16,Beras,Sumatera Utara,18200.0
2026-03-17,Beras,Sumatera Utara,18500.0
2026-03-18,Beras,Sumatera Utara,18900.0
2026-03-19,Beras,Sumatera Utara,18900.0
2026-03-20,Beras,Sumatera Utara,18700.0
2026-03-21,Beras,Sumatera Utara,16200.0
2026-03-22,Beras,Sumatera Utara,16500.0
2026-03-23,Beras,Sumatera Utara,16600.0
2026-03-24,Beras,Sumatera Utara,16700.0
2026-03-25,Beras,Sumatera Utara,16500.0
2026-03-26,Beras,Sumatera Utara,16300.0
2026-03-27,Beras,Sumatera Utara,16300.0
2026-03-28,Beras,Sumatera Utara,16400.0
2026-03-29,Beras,Sumatera Utara,16600.0
2026-03-30,Beras,Sumatera Utara,16400.0
2026-03-31,Beras,Sumatera Utara,16800.0
2026-04-01,Beras,Sumatera Utara,16700.0
2026-04-02,Beras,Sumatera Utara,16300.0
2026-04-03,Beras,Sumatera Utara,16400.0
2026-04-04,Beras,Sumatera Utara,16400.0
2026-04-05,Beras,Sumatera Utara,16000.0
2026-04-06,Beras,Sumatera Utara,16500.0
2026-04-07,Beras,Sumatera Utara,16700.0
2026-04-08,Beras,Sumatera Utara,16600.0
2026-04-09,Beras,Sumatera Utara,16500.0
2026-04-10,Beras,Sumatera Utara,16300.0
2026-04-11,Beras,Sumatera Utara,16200.0
2026-04-12,Beras,Sumatera Utara,16100.0
2026-04-13,Beras,Sumatera Utara,16300.0
2026-04-14,Beras,Sumatera Utara,16500.0
2026-04-15,Beras,Sumatera Utara,16500.0
2026-04-16,Beras,Sumatera Utara,16400.0
2026-04-17,Beras,Sumatera Utara,16200.0
2026-04-18,Beras,Sumatera Utara,16300.0
2026-04-19,Beras,Sumatera Utara,16300.0
2026-04-20,Beras,Sumatera Utara,16300.0
2026-04-21,Beras,Sumatera Utara,16600.0
2026-04-22,Beras,Sumatera Utara,16500.0
2026-04-23,Beras,Sumatera Utara,16400.0
2026-04-24,Beras,Sumatera Utara,16400.0
2026-04-25,Beras,Sumatera Utara,16100.0
2026-04-26,Beras,Sumatera Utara,16000.0
2026-04-27,Beras,Sumatera Utara,16200.0
2026-04-28,Beras,Sumatera Utara,16200.0
2026-04-29,Beras,Sumatera Utara,16400.0
2026-04-30,Beras,Sumatera Utara,16300.0
2026-05-01,Beras,Sumatera Utara,15900.0
2026-05-02,Beras,Sumatera Utara,16200.0
2026-05-03,Beras,Sumatera Utara,16100.0
2026-05-04,Beras,Sumatera Utara,16400.0
2026-05-05,Beras,Sumatera Utara,16400.0
2026-05-06,Beras,Sumatera Utara,16500.0
2026-05-07,Beras,Sumatera Utara,16400.0
2026-05-08,Beras,Sumatera Utara,16100.0
2026-05-09,Beras,Sumatera Utara,16000.0
2026-05-10,Beras,Sumatera Utara,15900.0
2026-05-11,Beras,Sumatera Utara,16300.0
2026-05-12,Beras,Sumatera Utara,16300.0
2026-05-13,Beras,Sumatera Utara,16200.0
2026-05-14,Beras,Sumatera Utara,16300.0
2026-05-15,Beras,Sumatera Utara,15800.0
2026-05-16,Beras,Sumatera Utara,15900.0
2026-05-17,Beras,Sumatera Utara,16100.0
2026-05-18,Beras,Sumatera Utara,16100.0
2026-05-19,Beras,Sumatera Utara,16200.0
2026-05-20,Beras,Sumatera Utara,16200.0
2026-05-21,Beras,Sumatera Utara,15900.0
2026-05-22,Beras,Sumatera Utara,16100.0
2026-05-23,Beras,Sumatera Utara,15900.0
2026-05-24,Beras,Sumatera Utara,15900.0
2026-05-25,Beras,Sumatera Utara,16000.0
2026-05-26,Beras,Sumatera Utara,16200.0
2026-05-27,Beras,Sumatera Utara,16300.0
2026-05-28,Beras,Sumatera Utara,16100.0
2026-05-29,Beras,Sumatera Utara,15800.0
2026-05-30,Beras,Sumatera Utara,15900.0
2026-05-31,Beras,Sumatera Utara,15900.0
2026-06-01,Beras,Sumatera Utara,16000.0
2026-06-02,Beras,Sumatera Utara,16300.0
2026-06-03,Beras,Sumatera Utara,16200.0
2026-06-04,Beras,Sumatera Utara,16200.0
2026-06-05,Beras,Sumatera Utara,16100.0
2026-06-06,Beras,Sumatera Utara,15900.0
2026-06-07,Beras,Sumatera Utara,15800.0
2026-06-08,Beras,Sumatera Utara,16000.0
2026-06-09,Beras,Sumatera Utara,16200.0
2026-06-10,Beras,Sumatera Utara,15900.0
2026-06-11,Beras,Sumatera Utara,15900.0
2026-06-12,Beras,Sumatera Utara,15800.0
2026-06-13,Beras,Sumatera Utara,15600.0
2026-06-14,Beras,Sumatera Utara,15800.0
2026-06-15,Beras,Sumatera Utara,15900.0
2026-06-16,Beras,Sumatera Utara,15900.0
2026-06-17,Beras,Sumatera Utara,16100.0
2026-06-18,Beras,Sumatera Utara,15900.0
2026-06-19,Beras,Sumatera Utara,15700.0
2026-06-20,Beras,Sumatera Utara,15600.0
2026-06-21,Beras,Sumatera Utara,15800.0
2026-06-22,Beras,Sumatera Utara,16000.0
2026-06-23,Beras,Sumatera Utara,15900.0
2026-06-24,Beras,Sumatera Utara,16100.0
2026-06-25,Beras,Sumatera Utara,16100.0
2026-06-26,Beras,Sumatera Utara,15600.0
2026-06-27,Beras,Sumatera Utara,15700.0
2026-06-28,Beras,Sumatera Utara,15800.0
2026-06-29,Beras,Sumatera Utara,15800.0
2026-06-30,Beras,Sumatera Utara,16100.0
2026-07-01,Beras,Sumatera Utara,16200.0
2026-07-02,Beras,Sumatera Utara,15900.0
2026-07-03,Beras,Sumatera Utara,15700.0
2026-07-04,Beras,Sumatera Utara,15700.0
2026-07-05,Beras,Sumatera Utara,15700.0
2026-07-06,Beras,Sumatera Utara,15500.0
2026-07-07,Beras,Sumatera Utara,15900.0
2026-07-08,Beras,Sumatera Utara,15900.0
2026-07-09,Beras,Sumatera Utara,15900.0
2026-07-10,Beras,Sumatera Utara,15600.0
2026-07-11,Beras,Sumatera Utara,15500.0
2026-07-12,Beras,Sumatera Utara,15500.0
2026-07-13,Beras,Sumatera Utara,15800.0
2026-07-14,Beras,Sumatera Utara,16000.0
2026-07-15,Beras,Sumatera Utara,15700.0
2026-07-16,Beras,Sumatera Utara,15600.0
2026-07-17,Beras,Sumatera Utara,15600.0
2026-07-18,Beras,Sumatera Utara,15500.0
2026-07-19,Beras,Sumatera Utara,15700.0
2026-07-20,Beras,Sumatera Utara,15500.0
2026-07-21,Beras,Sumatera Utara,15700.0
2026-07-22,Beras,Sumatera Utara,15500.0
2026-07-23,Beras,Sumatera Utara,15900.0
2026-07-24,Beras,Sumatera Utara,15600.0
2026-07-25,Beras,Sumatera Utara,15400.0
2026-07-26,Beras,Sumatera Utara,15300.0
2026-07-27,Beras,Sumatera Utara,15400.0
2026-07-28,Beras,Sumatera Utara,15700.0
2026-07-29,Beras,Sumatera Utara,15600.0
2026-07-30,Beras,Sumatera Utara,15600.0
2026-07-31,Beras,Sumatera Utara,15700.0
2026-08-01,Beras,Sumatera Utara,15300.0
2026-08-02,Beras,Sumatera Utara,15200.0
2026-08-03,Beras,Sumatera Utara,15500.0
2026-08-04,Beras,Sumatera Utara,15400.0
2026-08-05,Beras,Sumatera Utara,15800.0
2026-08-06,Beras,Sumatera Utara,15600.0
2026-08-07,Beras,Sumatera Utara,15300.0
2026-08-08,Beras,Sumatera Utara,15100.0
2026-08-09,Beras,Sumatera Utara,15200.0
2026-08-10,Beras,Sumatera Utara,15400.0
2026-08-11,Beras,Sumatera Utara,15500.0
2026-08-12,Beras,Sumatera Utara,15600.0
2026-08-13,Beras,Sumatera Utara,15300.0
2026-08-14,Beras,Sumatera Utara,15400.0
2026-08-15,Beras,Sumatera Utara,15200.0
2026-08-16,Beras,Sumatera Utara,15100.0
2026-08-17,Beras,Sumatera Utara,15200.0
2026-08-18,Beras,Sumatera Utara,15400.0
2026-08-19,Beras,Sumatera Utara,15300.0
2026-08-20,Beras,Sumatera Utara,15500.0
2026-08-21,Beras,Sumatera Utara,15100.0
2026-08-22,Beras,Sumatera Utara,15200.0
2026-08-23,Beras,Sumatera Utara,15100.0
2026-08-24,Beras,Sumatera Utara,15200.0
2026-08-25,Beras,Sumatera Utara,15400.0
2026-08-26,Beras,Sumatera Utara,15600.0
2026-08-27,Beras,Sumatera Utara,15200.0
2026-08-28,Beras,Sumatera Utara,15200.0
2026-08-29,Beras,Sumatera Utara,15000.0
2026-08-30,Beras,Sumatera Utara,15200.0
2026-08-31,Beras,Sumatera Utara,15200.0
2026-09-01,Beras,Sumatera Utara,15200.0
2026-09-02,Beras,Sumatera Utara,15300.0
2026-09-03,Beras,Sumatera Utara,15500.0
2026-09-04,Beras,Sumatera Utara,15200.0
2026-09-05,Beras,Sumatera Utara,15100.0
2026-09-06,Beras,Sumatera Utara,15100.0
2026-09-07,Beras,Sumatera Utara,15200.0
2026-09-08,Beras,Sumatera Utara,15300.0
2026-09-09,Beras,Sumatera Utara,15400.0
2026-09-10,Beras,Sumatera Utara,15300.0
2026-09-11,Beras,Sumatera Utara,15000.0
2026-09-12,Beras,Sumatera Utara,15100.0
2026-09-13,Beras,Sumatera Utara,14800.0
2026-09-14,Beras,Sumatera Utara,15300.0
2026-09-15,Beras,Sumatera Utara,15200.0
2026-09-16,Beras,Sumatera Utara,15300.0
2026-09-17,Beras,Sumatera Utara,15100.0
2026-09-18,Beras,Sumatera Utara,15100.0
2026-09-19,Beras,Sumatera Utara,15100.0
2026-09-20,Beras,Sumatera Utara,15200.0
2026-09-21,Beras,Sumatera Utara,15000.0
2026-09-22,Beras,Sumatera Utara,15400.0
2026-09-23,Beras,Sumatera Utara,15300.0
2026-09-24,Beras,Sumatera Utara,15200.0
2026-09-25,Beras,Sumatera Utara,15200.0
2026-09-26,Beras,Sumatera Utara,15000.0
2026-09-27,Beras,Sumatera Utara,15100.0
2026-09-28,Beras,Sumatera Utara,15000.0
2026-09-29,Beras,Sumatera Utara,15100.0
2026-09-30,Beras,Sumatera Utara,15300.0
2024-01-01,Minyak Goreng,DKI Jakarta,18100.0
2024-01-02,Minyak Goreng,DKI Jakarta,18400.0
2024-01-03,Minyak Goreng,DKI Jakarta,18200.0
2024-01-04,Minyak Goreng,DKI Jakarta,17900.0
2024-01-05,Minyak Goreng,DKI Jakarta,17900.0
2024-01-06,Minyak Goreng,DKI Jakarta,17600.0
2024-01-07,Minyak Goreng,DKI Jakarta,17700.0
2024-01-08,Minyak Goreng,DKI Jakarta,18100.0
2024-01-09,Minyak Goreng,DKI Jakarta,18200.0
2024-01-10,Minyak Goreng,DKI Jakarta,18400.0
2024-01-11,Minyak Goreng,DKI Jakarta,18100.0
2024-01-12,Minyak Goreng,DKI Jakarta,18200.0
2024-01-13,Minyak Goreng,DKI Jakarta,17900.0
2024-01-14,Minyak Goreng,DKI Jakarta,18200.0
2024-01-15,Minyak Goreng,DKI Jakarta,18200.0
2024-01-16,Minyak Goreng,DKI Jakarta,18300.0
2024-01-17,Minyak Goreng,DKI Jakarta,18400.0
2024-01-18,Minyak Goreng,DKI Jakarta,18300.0
2024-01-19,Minyak Goreng,DKI Jakarta,18400.0
2024-01-20,Minyak Goreng,DKI Jakarta,18100.0
2024-01-21,Minyak Goreng,DKI Jakarta,18100.0
2024-01-22,Minyak Goreng,DKI Jakarta,18200.0
2024-01-23,Minyak Goreng,DKI Jakarta,18600.0
2024-01-24,Minyak Goreng,DKI Jakarta,18600.0
2024-01-25,Minyak Goreng,DKI Jakarta,18400.0
2024-01-26,Minyak Goreng,DKI Jakarta,18100.0
2024-01-27,Minyak Goreng,DKI Jakarta,18000.0
2024-01-28,Minyak Goreng,DKI Jakarta,18200.0
2024-01-29,Minyak Goreng,DKI Jakarta,18600.0
2024-01-30,Minyak Goreng,DKI Jakarta,18500.0
2024-01-31,Minyak Goreng,DKI Jakarta,18600.0
2024-02-01,Minyak Goreng,DKI Jakarta,18300.0
2024-02-02,Minyak Goreng,DKI Jakarta,18700.0
2024-02-03,Minyak Goreng,DKI Jakarta,18400.0
2024-02-04,Minyak Goreng,DKI Jakarta,18500.0
2024-02-05,Minyak Goreng,DKI Jakarta,18700.0
2024-02-06,Minyak Goreng,DKI Jakarta,18800.0
2024-02-07,Minyak Goreng,DKI Jakarta,18800.0
2024-02-08,Minyak Goreng,DKI Jakarta,19000.0
2024-02-09,Minyak Goreng,DKI Jakarta,18600.0
2024-02-10,Minyak Goreng,DKI Jakarta,18600.0
2024-02-11,Minyak Goreng,DKI Jakarta,18700.0
2024-02-12,Minyak Goreng,DKI Jakarta,18900.0
2024-02-13,Minyak Goreng,DKI Jakarta,18900.0
2024-02-14,Minyak Goreng,DKI Jakarta,18900.0
2024-02-15,Minyak Goreng,DKI Jakarta,19000.0
2024-02-16,Minyak Goreng,DKI Jakarta,18800.0
2024-02-17,Minyak Goreng,DKI Jakarta,18800.0
2024-02-18,Minyak Goreng,DKI Jakarta,18700.0
2024-02-19,Minyak Goreng,DKI Jakarta,18900.0
2024-02-20,Minyak Goreng,DKI Jakarta,18900.0
2024-02-21,Minyak Goreng,DKI Jakarta,18900.0
2024-02-22,Minyak Goreng,DKI Jakarta,19100.0
2024-02-23,Minyak Goreng,DKI Jakarta,18700.0
2024-02-24,Minyak Goreng,DKI Jakarta,18600.0
2024-02-25,Minyak Goreng,DKI Jakarta,18900.0
2024-02-26,Minyak Goreng,DKI Jakarta,19000.0
2024-02-27,Minyak Goreng,DKI Jakarta,19000.0
2024-02-28,Minyak Goreng,DKI Jakarta,19000.0
2024-02-29,Minyak Goreng,DKI Jakarta,18900.0
2024-03-01,Minyak Goreng,DKI Jakarta,18800.0
2024-03-02,Minyak Goreng,DKI Jakarta,18500.0
2024-03-03,Minyak Goreng,DKI Jakarta,18500.0
2024-03-04,Minyak Goreng,DKI Jakarta,19000.0
2024-03-05,Minyak Goreng,DKI Jakarta,18900.0
2024-03-06,Minyak Goreng,DKI Jakarta,18900.0
2024-03-07,Minyak Goreng,DKI Jakarta,18900.0
2024-03-08,Minyak Goreng,DKI Jakarta,18900.0
2024-03-09,Minyak Goreng,DKI Jakarta,18400.0
2024-03-10,Minyak Goreng,DKI Jakarta,18600.0
2024-03-11,Minyak Goreng,DKI Jakarta,18800.0
2024-03-12,Minyak Goreng,DKI Jakarta,19000.0
2024-03-13,Minyak Goreng,DKI Jakarta,19100.0
2024-03-14,Minyak Goreng,DKI Jakarta,18800.0
2024-03-15,Minyak Goreng,DKI Jakarta,18500.0
2024-03-16,Minyak Goreng,DKI Jakarta,18800.0
2024-03-17,Minyak Goreng,DKI Jakarta,18400.0
2024-03-18,Minyak Goreng,DKI Jakarta,18800.0
2024-03-19,Minyak Goreng,DKI Jakarta,18900.0
2024-03-20,Minyak Goreng,DKI Jakarta,19000.0
2024-03-21,Minyak Goreng,DKI Jakarta,19100.0
2024-03-22,Minyak Goreng,DKI Jakarta,19200.0
2024-03-23,Minyak Goreng,DKI Jakarta,18300.0
2024-03-24,Minyak Goreng,DKI Jakarta,18800.0
2024-03-25,Minyak Goreng,DKI Jakarta,18800.0
2024-03-26,Minyak Goreng,DKI Jakarta,19100.0
2024-03-27,Minyak Goreng,DKI Jakarta,19100.0
2024-03-28,Minyak Goreng,DKI Jakarta,19300.0
2024-03-29,Minyak Goreng,DKI Jakarta,19200.0
2024-03-30,Minyak Goreng,DKI Jakarta,19100.0
2024-03-31,Minyak Goreng,DKI Jakarta,19600.0
2024-04-01,Minyak Goreng,DKI Jakarta,19800.0
2024-04-02,Minyak Goreng,DKI Jakarta,20100.0
2024-04-03,Minyak Goreng,DKI Jakarta,20300.0
2024-04-04,Minyak Goreng,DKI Jakarta,20700.0
2024-04-05,Minyak Goreng,DKI Jakarta,20800.0
2024-04-06,Minyak Goreng,DKI Jakarta,20400.0
2024-04-07,Minyak Goreng,DKI Jakarta,20900.0
2024-04-08,Minyak Goreng,DKI Jakarta,21100.0
2024-04-09,Minyak Goreng,DKI Jakarta,21300.0
2024-04-10,Minyak Goreng,DKI Jakarta,21800.0
2024-04-11,Minyak Goreng,DKI Jakarta,18600.0
2024-04-12,Minyak Goreng,DKI Jakarta,18300.0
2024-04-13,Minyak Goreng,DKI Jakarta,18300.0
2024-04-14,Minyak Goreng,DKI Jakarta,18300.0
2024-04-15,Minyak Goreng,DKI Jakarta,18500.0
2024-04-16,Minyak Goreng,DKI Jakarta,18500.0
2024-04-17,Minyak Goreng,DKI Jakarta,18700.0
2024-04-18,Minyak Goreng,DKI Jakarta,18500.0
2024-04-19,Minyak Goreng,DKI Jakarta,18600.0
2024-04-20,Minyak Goreng,DKI Jakarta,18500.0
2024-04-21,Minyak Goreng,DKI Jakarta,18500.0
2024-04-22,Minyak Goreng,DKI Jakarta,18500.0
2024-04-23,Minyak Goreng,DKI Jakarta,18600.0
2024-04-24,Minyak Goreng,DKI Jakarta,18600.0
2024-04-25,Minyak Goreng,DKI Jakarta,18500.0
2024-04-26,Minyak Goreng,DKI Jakarta,18600.0
2024-04-27,Minyak Goreng,DKI Jakarta,18100.0
2024-04-28,Minyak Goreng,DKI Jakarta,18400.0
2024-04-29,Minyak Goreng,DKI Jakarta,18400.0
2024-04-30,Minyak Goreng,DKI Jakarta,18700.0
2024-05-01,Minyak Goreng,DKI Jakarta,18400.0
2024-05-02,Minyak Goreng,DKI Jakarta,18600.0
2024-05-03,Minyak Goreng,DKI Jakarta,18500.0
2024-05-04,Minyak Goreng,DKI Jakarta,18000.0
2024-05-05,Minyak Goreng,DKI Jakarta,18200.0
2024-05-06,Minyak Goreng,DKI Jakarta,18500.0
2024-05-07,Minyak Goreng,DKI Jakarta,18700.0
2024-05-08,Minyak Goreng,DKI Jakarta,18700.0
2024-05-09,Minyak Goreng,DKI Jakarta,18600.0
2024-05-10,Minyak Goreng,DKI Jakarta,18200.0
2024-05-11,Minyak Goreng,DKI Jakarta,18000.0
2024-05-12,Minyak Goreng,DKI Jakarta,18300.0
2024-05-13,Minyak Goreng,DKI Jakarta,18200.0
2024-05-14,Minyak Goreng,DKI Jakarta,18400.0
2024-05-15,Minyak Goreng,DKI Jakarta,18700.0
2024-05-16,Minyak Goreng,DKI Jakarta,18500.0
2024-05-17,Minyak Goreng,DKI Jakarta,18200.0
2024-05-18,Minyak Goreng,DKI Jakarta,18100.0
2024-05-19,Minyak Goreng,DKI Jakarta,18400.0
2024-05-20,Minyak Goreng,DKI Jakarta,18400.0
2024-05-21,Minyak Goreng,DKI Jakarta,18300.0
2024-05-22,Minyak Goreng,DKI Jakarta,18200.0
2024-05-23,Minyak Goreng,DKI Jakarta,18800.0
2024-05-24,Minyak Goreng,DKI Jakarta,18100.0
2024-05-25,Minyak Goreng,DKI Jakarta,18300.0
2024-05-26,Minyak Goreng,DKI Jakarta,18400.0
2024-05-27,Minyak Goreng,DKI Jakarta,18400.0
2024-05-28,Minyak Goreng,DKI Jakarta,18300.0
2024-05-29,Minyak Goreng,DKI Jakarta,18200.0
2024-05-30,Minyak Goreng,DKI Jakarta,18100.0
2024-05-31,Minyak Goreng,DKI Jakarta,18300.0
2024-06-01,Minyak Goreng,DKI Jakarta,18300.0
2024-06-02,Minyak Goreng,DKI Jakarta,18100.0
2024-06-03,Minyak Goreng,DKI Jakarta,18200.0
2024-06-04,Minyak Goreng,DKI Jakarta,18700.0
2024-06-05,Minyak Goreng,DKI Jakarta,18700.0
2024-06-06,Minyak Goreng,DKI Jakarta,18900.0
2024-06-07,Minyak Goreng,DKI Jakarta,18900.0
2024-06-08,Minyak Goreng,DKI Jakarta,19000.0
2024-06-09,Minyak Goreng,DKI Jakarta,19200.0
2024-06-10,Minyak Goreng,DKI Jakarta,19900.0
2024-06-11,Minyak Goreng,DKI Jakarta,20100.0
2024-06-12,Minyak Goreng,DKI Jakarta,20300.0
2024-06-13,Minyak Goreng,DKI Jakarta,20100.0
2024-06-14,Minyak Goreng,DKI Jakarta,20400.0
2024-06-15,Minyak Goreng,DKI Jakarta,20400.0
2024-06-16,Minyak Goreng,DKI Jakarta,20300.0
2024-06-17,Minyak Goreng,DKI Jakarta,21000.0
2024-06-18,Minyak Goreng,DKI Jakarta,18200.0
2024-06-19,Minyak Goreng,DKI Jakarta,18000.0
2024-06-20,Minyak Goreng,DKI Jakarta,18200.0
2024-06-21,Minyak Goreng,DKI Jakarta,18100.0
2024-06-22,Minyak Goreng,DKI Jakarta,17900.0
2024-06-23,Minyak Goreng,DKI Jakarta,17900.0
2024-06-24,Minyak Goreng,DKI Jakarta,18000.0
2024-06-25,Minyak Goreng,DKI Jakarta,18600.0
2024-06-26,Minyak Goreng,DKI Jakarta,18000.0
2024-06-27,Minyak Goreng,DKI Jakarta,18200.0
2024-06-28,Minyak Goreng,DKI Jakarta,18000.0
2024-06-29,Minyak Goreng,DKI Jakarta,17700.0
2024-06-30,Minyak Goreng,DKI Jakarta,17800.0
2024-07-01,Minyak Goreng,DKI Jakarta,17700.0
2024-07-02,Minyak Goreng,DKI Jakarta,18000.0
2024-07-03,Minyak Goreng,DKI Jakarta,18100.0
2024-07-04,Minyak Goreng,DKI Jakarta,17800.0
2024-07-05,Minyak Goreng,DKI Jakarta,17900.0
2024-07-06,Minyak Goreng,DKI Jakarta,17600.0
2024-07-07,Minyak Goreng,DKI Jakarta,17500.0
2024-07-08,Minyak Goreng,DKI Jakarta,17700.0
2024-07-09,Minyak Goreng,DKI Jakarta,18300.0
2024-07-10,Minyak Goreng,DKI Jakarta,17700.0
2024-07-11,Minyak Goreng,DKI Jakarta,17900.0
2024-07-12,Minyak Goreng,DKI Jakarta,17600.0
2024-07-13,Minyak Goreng,DKI Jakarta,17600.0
2024-07-14,Minyak Goreng,DKI Jakarta,17700.0
2024-07-15,Minyak Goreng,DKI Jakarta,17900.0
2024-07-16,Minyak Goreng,DKI Jakarta,17800.0
2024-07-17,Minyak Goreng,DKI Jakarta,17700.0
2024-07-18,Minyak Goreng,DKI Jakarta,18000.0
2024-07-19,Minyak Goreng,DKI Jakarta,17800.0
2024-07-20,Minyak Goreng,DKI Jakarta,17500.0
2024-07-21,Minyak Goreng,DKI Jakarta,17700.0
2024-07-22,Minyak Goreng,DKI Jakarta,17700.0
2024-07-23,Minyak Goreng,DKI Jakarta,17700.0
2024-07-24,Minyak Goreng,DKI Jakarta,17800.0
2024-07-25,Minyak Goreng,DKI Jakarta,17800.0
2024-07-26,Minyak Goreng,DKI Jakarta,17600.0
2024-07-27,Minyak Goreng,DKI Jakarta,17500.0
2024-07-28,Minyak Goreng,DKI Jakarta,17300.0
2024-07-29,Minyak Goreng,DKI Jakarta,17800.0
2024-07-30,Minyak Goreng,DKI Jakarta,17600.0
2024-07-31,Minyak Goreng,DKI Jakarta,17700.0
2024-08-01,Minyak Goreng,DKI Jakarta,17300.0
2024-08-02,Minyak Goreng,DKI Jakarta,17400.0
2024-08-03,Minyak Goreng,DKI Jakarta,17400.0
2024-08-04,Minyak Goreng,DKI Jakarta,17400.0
2024-08-05,Minyak Goreng,DKI Jakarta,17700.0
2024-08-06,Minyak Goreng,DKI Jakarta,17600.0
2024-08-07,Minyak Goreng,DKI Jakarta,17600.0
2024-08-08,Minyak Goreng,DKI Jakarta,17400.0
2024-08-09,Minyak Goreng,DKI Jakarta,17200.0
2024-08-10,Minyak Goreng,DKI Jakarta,17300.0
2024-08-11,Minyak Goreng,DKI Jakarta,17300.0
2024-08-12,Minyak Goreng,DKI Jakarta,17200.0
2024-08-13,Minyak Goreng,DKI Jakarta,17500.0
2024-08-14,Minyak Goreng,DKI Jakarta,17500.0
2024-08-15,Minyak Goreng,DKI Jakarta,17200.0
2024-08-16,Minyak Goreng,DKI Jakarta,17300.0
2024-08-17,Minyak Goreng,DKI Jakarta,16900.0
2024-08-18,Minyak Goreng,DKI Jakarta,16700.0
2024-08-19,Minyak Goreng,DKI Jakarta,17200.0
2024-08-20,Minyak Goreng,DKI Jakarta,17400.0
2024-08-21,Minyak Goreng,DKI Jakarta,17400.0
2024-08-22,Minyak Goreng,DKI Jakarta,17800.0
2024-08-23,Minyak Goreng,DKI Jakarta,17200.0
2024-08-24,Minyak Goreng,DKI Jakarta,17100.0
2024-08-25,Minyak Goreng,DKI Jakarta,17200.0
2024-08-26,Minyak Goreng,DKI Jakarta,17200.0
2024-08-27,Minyak Goreng,DKI Jakarta,17500.0
2024-08-28,Minyak Goreng,DKI Jakarta,17500.0
2024-08-29,Minyak Goreng,DKI Jakarta,17400.0
2024-08-30,Minyak Goreng,DKI Jakarta,17000.0
2024-08-31,Minyak Goreng,DKI Jakarta,16800.0
2024-09-01,Minyak Goreng,DKI Jakarta,17000.0
2024-09-02,Minyak Goreng,DKI Jakarta,17300.0
2024-09-03,Minyak Goreng,DKI Jakarta,17300.0
2024-09-04,Minyak Goreng,DKI Jakarta,17400.0
2024-09-05,Minyak Goreng,DKI Jakarta,17200.0
2024-09-06,Minyak Goreng,DKI Jakarta,17200.0
2024-09-07,Minyak Goreng,DKI Jakarta,16800.0
2024-09-08,Minyak Goreng,DKI Jakarta,17000.0
2024-09-09,Minyak Goreng,DKI Jakarta,17000.0
2024-09-10,Minyak Goreng,DKI Jakarta,17000.0
2024-09-11,Minyak Goreng,DKI Jakarta,17300.0
2024-09-12,Minyak Goreng,DKI Jakarta,17400.0
2024-09-13,Minyak Goreng,DKI Jakarta,16700.0
2024-09-14,Minyak Goreng,DKI Jakarta,16900.0
2024-09-15,Minyak Goreng,DKI Jakarta,17000.0
2024-09-16,Minyak Goreng,DKI Jakarta,17300.0
2024-09-17,Minyak Goreng,DKI Jakarta,17000.0
2024-09-18,Minyak Goreng,DKI Jakarta,17000.0
2024-09-19,Minyak Goreng,DKI Jakarta,16800.0
2024-09-20,Minyak Goreng,DKI Jakarta,17000.0
2024-09-21,Minyak Goreng,DKI Jakarta,16600.0
2024-09-22,Minyak Goreng,DKI Jakarta,16700.0
2024-09-23,Minyak Goreng,DKI Jakarta,16600.0
2024-09-24,Minyak Goreng,DKI Jakarta,17200.0
2024-09-25,Minyak Goreng,DKI Jakarta,17200.0
2024-09-26,Minyak Goreng,DKI Jakarta,17100.0
2024-09-27,Minyak Goreng,DKI Jakarta,16500.0
2024-09-28,Minyak Goreng,DKI Jakarta,16800.0
2024-09-29,Minyak Goreng,DKI Jakarta,16400.0
2024-09-30,Minyak Goreng,DKI Jakarta,16800.0
2024-10-01,Minyak Goreng,DKI Jakarta,17000.0
2024-10-02,Minyak Goreng,DKI Jakarta,17000.0
2024-10-03,Minyak Goreng,DKI Jakarta,17000.0
2024-10-04,Minyak Goreng,DKI Jakarta,16800.0
2024-10-05,Minyak Goreng,DKI Jakarta,16400.0
2024-10-06,Minyak Goreng,DKI Jakarta,16800.0
2024-10-07,Minyak Goreng,DKI Jakarta,16900.0
2024-10-08,Minyak Goreng,DKI Jakarta,16900.0
2024-10-09,Minyak Goreng,DKI Jakarta,16800.0
2024-10-10,Minyak Goreng,DKI Jakarta,17200.0
2024-10-11,Minyak Goreng,DKI Jakarta,17000.0
2024-10-12,Minyak Goreng,DKI Jakarta,16800.0
2024-10-13,Minyak Goreng,DKI Jakarta,16700.0
2024-10-14,Minyak Goreng,DKI Jakarta,16500.0
2024-10-15,Minyak Goreng,DKI Jakarta,17100.0
2024-10-16,Minyak Goreng,DKI Jakarta,17100.0
2024-10-17,Minyak Goreng,DKI Jakarta,16900.0
2024-10-18,Minyak Goreng,DKI Jakarta,17000.0
2024-10-19,Minyak Goreng,DKI Jakarta,16900.0
2024-10-20,Minyak Goreng,DKI Jakarta,16800.0
2024-10-21,Minyak Goreng,DKI Jakarta,17000.0
2024-10-22,Minyak Goreng,DKI Jakarta,17100.0
2024-10-23,Minyak Goreng,DKI Jakarta,17200.0
2024-10-24,Minyak Goreng,DKI Jakarta,16900.0
2024-10-25,Minyak Goreng,DKI Jakarta,17000.0
2024-10-26,Minyak Goreng,DKI Jakarta,16700.0
2024-10-27,Minyak Goreng,DKI Jakarta,17100.0
2024-10-28,Minyak Goreng,DKI Jakarta,17100.0
2024-10-29,Minyak Goreng,DKI Jakarta,17000.0
2024-10-30,Minyak Goreng,DKI Jakarta,17200.0
2024-10-31,Minyak Goreng,DKI Jakarta,16900.0
2024-11-01,Minyak Goreng,DKI Jakarta,17200.0
2024-11-02,Minyak Goreng,DKI Jakarta,17100.0
2024-11-03,Minyak Goreng,DKI Jakarta,17000.0
2024-11-04,Minyak Goreng,DKI Jakarta,17300.0
2024-11-05,Minyak Goreng,DKI Jakarta,17200.0
2024-11-06,Minyak Goreng,DKI Jakarta,17400.0
2024-11-07,Minyak Goreng,DKI Jakarta,17400.0
2024-11-08,Minyak Goreng,DKI Jakarta,17000.0
2024-11-09,Minyak Goreng,DKI Jakarta,17000.0
2024-11-10,Minyak Goreng,DKI Jakarta,17100.0
2024-11-11,Minyak Goreng,DKI Jakarta,17300.0
2024-11-12,Minyak Goreng,DKI Jakarta,17200.0
2024-11-13,Minyak Goreng,DKI Jakarta,17000.0
2024-11-14,Minyak Goreng,DKI Jakarta,17300.0
2024-11-15,Minyak Goreng,DKI Jakarta,16800.0
2024-11-16,Minyak Goreng,DKI Jakarta,16900.0
2024-11-17,Minyak Goreng,DKI Jakarta,17000.0
2024-11-18,Minyak Goreng,DKI Jakarta,17200.0
2024-11-19,Minyak Goreng,DKI Jakarta,17500.0
2024-11-20,Minyak Goreng,DKI Jakarta,17600.0
2024-11-21,Minyak Goreng,DKI Jakarta,17400.0
2024-11-22,Minyak Goreng,DKI Jakarta,17300.0
2024-11-23,Minyak Goreng,DKI Jakarta,17200.0
2024-11-24,Minyak Goreng,DKI Jakarta,16700.0
2024-11-25,Minyak Goreng,DKI Jakarta,17300.0
2024-11-26,Minyak Goreng,DKI Jakarta,17200.0
2024-11-27,Minyak Goreng,DKI Jakarta,17600.0
2024-11-28,Minyak Goreng,DKI Jakarta,17100.0
2024-11-29,Minyak Goreng,DKI Jakarta,17300.0
2024-11-30,Minyak Goreng,DKI Jakarta,17300.0
2024-12-01,Minyak Goreng,DKI Jakarta,17100.0
2024-12-02,Minyak Goreng,DKI Jakarta,17600.0
2024-12-03,Minyak Goreng,DKI Jakarta,17600.0
2024-12-04,Minyak Goreng,DKI Jakarta,17600.0
2024-12-05,Minyak Goreng,DKI Jakarta,17600.0
2024-12-06,Minyak Goreng,DKI Jakarta,17300.0
2024-12-07,Minyak Goreng,DKI Jakarta,17300.0
2024-12-08,Minyak Goreng,DKI Jakarta,17300.0
2024-12-09,Minyak Goreng,DKI Jakarta,17500.0
2024-12-10,Minyak Goreng,DKI Jakarta,17500.0
2024-12-11,Minyak Goreng,DKI Jakarta,17500.0
2024-12-12,Minyak Goreng,DKI Jakarta,17600.0
2024-12-13,Minyak Goreng,DKI Jakarta,17500.0
2024-12-14,Minyak Goreng,DKI Jakarta,17300.0
2024-12-15,Minyak Goreng,DKI Jakarta,17600.0
2024-12-16,Minyak Goreng,DKI Jakarta,17400.0
2024-12-17,Minyak Goreng,DKI Jakarta,17700.0
2024-12-18,Minyak Goreng,DKI Jakarta,18000.0
2024-12-19,Minyak Goreng,DKI Jakarta,17800.0
2024-12-20,Minyak Goreng,DKI Jakarta,17700.0
2024-12-21,Minyak Goreng,DKI Jakarta,17400.0
2024-12-22,Minyak Goreng,DKI Jakarta,17600.0
2024-12-23,Minyak Goreng,DKI Jakarta,17500.0
2024-12-24,Minyak Goreng,DKI Jakarta,17700.0
2024-12-25,Minyak Goreng,DKI Jakarta,17800.0
2024-12-26,Minyak Goreng,DKI Jakarta,17700.0
2024-12-27,Minyak Goreng,DKI Jakarta,17600.0
2024-12-28,Minyak Goreng,DKI Jakarta,17500.0
2024-12-29,Minyak Goreng,DKI Jakarta,17500.0
2024-12-30,Minyak Goreng,DKI Jakarta,18000.0
2024-12-31,Minyak Goreng,DKI Jakarta,17900.0
2025-01-01,Minyak Goreng,DKI Jakarta,18000.0
2025-01-02,Minyak Goreng,DKI Jakarta,18000.0
2025-01-03,Minyak Goreng,DKI Jakarta,17800.0
2025-01-04,Minyak Goreng,DKI Jakarta,17700.0
2025-01-05,Minyak Goreng,DKI Jakarta,17700.0
2025-01-06,Minyak Goreng,DKI Jakarta,18100.0
2025-01-07,Minyak Goreng,DKI Jakarta,18200.0
2025-01-08,Minyak Goreng,DKI Jakarta,18100.0
2025-01-09,Minyak Goreng,DKI Jakarta,18000.0
2025-01-10,Minyak Goreng,DKI Jakarta,17900.0
2025-01-11,Minyak Goreng,DKI Jakarta,17900.0
2025-01-12,Minyak Goreng,DKI Jakarta,18100.0
2025-01-13,Minyak Goreng,DKI Jakarta,17800.0
2025-01-14,Minyak Goreng,DKI Jakarta,18300.0
2025-01-15,Minyak Goreng,DKI Jakarta,18400.0
2025-01-16,Minyak Goreng,DKI Jakarta,17900.0
2025-01-17,Minyak Goreng,DKI Jakarta,18000.0
2025-01-18,Minyak Goreng,DKI Jakarta,17700.0
2025-01-19,Minyak Goreng,DKI Jakarta,18000.0
2025-01-20,Minyak Goreng,DKI Jakarta,18100.0
2025-01-21,Minyak Goreng,DKI Jakarta,18300.0
2025-01-22,Minyak Goreng,DKI Jakarta,18300.0
2025-01-23,Minyak Goreng,DKI Jakarta,18500.0
2025-01-24,Minyak Goreng,DKI Jakarta,18300.0
2025-01-25,Minyak Goreng,DKI Jakarta,18200.0
2025-01-26,Minyak Goreng,DKI Jakarta,18300.0
2025-01-27,Minyak Goreng,DKI Jakarta,18500.0
2025-01-28,Minyak Goreng,DKI Jakarta,18500.0
2025-01-29,Minyak Goreng,DKI Jakarta,18900.0
2025-01-30,Minyak Goreng,DKI Jakarta,18300.0
2025-01-31,Minyak Goreng,DKI Jakarta,18000.0
2025-02-01,Minyak Goreng,DKI Jakarta,18000.0
2025-02-02,Minyak Goreng,DKI Jakarta,18000.0
2025-02-03,Minyak Goreng,DKI Jakarta,18600.0
2025-02-04,Minyak Goreng,DKI Jakarta,18700.0
2025-02-05,Minyak Goreng,DKI Jakarta,18900.0
2025-02-06,Minyak Goreng,DKI Jakarta,18500.0
2025-02-07,Minyak Goreng,DKI Jakarta,18600.0
2025-02-08,Minyak Goreng,DKI Jakarta,18400.0
2025-02-09,Minyak Goreng,DKI Jakarta,18500.0
2025-02-10,Minyak Goreng,DKI Jakarta,18700.0
2025-02-11,Minyak Goreng,DKI Jakarta,18600.0
2025-02-12,Minyak Goreng,DKI Jakarta,19300.0
2025-02-13,Minyak Goreng,DKI Jakarta,18900.0
2025-02-14,Minyak Goreng,DKI Jakarta,18500.0
2025-02-15,Minyak Goreng,DKI Jakarta,18300.0
2025-02-16,Minyak Goreng,DKI Jakarta,18500.0
2025-02-17,Minyak Goreng,DKI Jakarta,18800.0
2025-02-18,Minyak Goreng,DKI Jakarta,19100.0
2025-02-19,Minyak Goreng,DKI Jakarta,18800.0
2025-02-20,Minyak Goreng,DKI Jakarta,18900.0
2025-02-21,Minyak Goreng,DKI Jakarta,18500.0
2025-02-22,Minyak Goreng,DKI Jakarta,18700.0
2025-02-23,Minyak Goreng,DKI Jakarta,18600.0
2025-02-24,Minyak Goreng,DKI Jakarta,19100.0
2025-02-25,Minyak Goreng,DKI Jakarta,18700.0
2025-02-26,Minyak Goreng,DKI Jakarta,19200.0
2025-02-27,Minyak Goreng,DKI Jakarta,18600.0
2025-02-28,Minyak Goreng,DKI Jakarta,18500.0
2025-03-01,Minyak Goreng,DKI Jakarta,18300.0
2025-03-02,Minyak Goreng,DKI Jakarta,18800.0
2025-03-03,Minyak Goreng,DKI Jakarta,18600.0
2025-03-04,Minyak Goreng,DKI Jakarta,18700.0
2025-03-05,Minyak Goreng,DKI Jakarta,19100.0
2025-03-06,Minyak Goreng,DKI Jakarta,19000.0
2025-03-07,Minyak Goreng,DKI Jakarta,18800.0
2025-03-08,Minyak Goreng,DKI Jakarta,18700.0
2025-03-09,Minyak Goreng,DKI Jakarta,19100.0
2025-03-10,Minyak Goreng,DKI Jakarta,19000.0
2025-03-11,Minyak Goreng,DKI Jakarta,19200.0
2025-03-12,Minyak Goreng,DKI Jakarta,19100.0
2025-03-13,Minyak Goreng,DKI Jakarta,18800.0
2025-03-14,Minyak Goreng,DKI Jakarta,18900.0
2025-03-15,Minyak Goreng,DKI Jakarta,18600.0
2025-03-16,Minyak Goreng,DKI Jakarta,18800.0
2025-03-17,Minyak Goreng,DKI Jakarta,19000.0
2025-03-18,Minyak Goreng,DKI Jakarta,18900.0
2025-03-19,Minyak Goreng,DKI Jakarta,19300.0
2025-03-20,Minyak Goreng,DKI Jakarta,19800.0
2025-03-21,Minyak Goreng,DKI Jakarta,19600.0
2025-03-22,Minyak Goreng,DKI Jakarta,19700.0
2025-03-23,Minyak Goreng,DKI Jakarta,20100.0
2025-03-24,Minyak Goreng,DKI Jakarta,20400.0
2025-03-25,Minyak Goreng,DKI Jakarta,20900.0
2025-03-26,Minyak Goreng,DKI Jakarta,21100.0
2025-03-27,Minyak Goreng,DKI Jakarta,21200.0
2025-03-28,Minyak Goreng,DKI Jakarta,21100.0
2025-03-29,Minyak Goreng,DKI Jakarta,21300.0
2025-03-30,Minyak Goreng,DKI Jakarta,21800.0
2025-03-31,Minyak Goreng,DKI Jakarta,21900.0
2025-04-01,Minyak Goreng,DKI Jakarta,19300.0
2025-04-02,Minyak Goreng,DKI Jakarta,19200.0
2025-04-03,Minyak Goreng,DKI Jakarta,19200.0
2025-04-04,Minyak Goreng,DKI Jakarta,19000.0
2025-04-05,Minyak Goreng,DKI Jakarta,18800.0
2025-04-06,Minyak Goreng,DKI Jakarta,18900.0
2025-04-07,Minyak Goreng,DKI Jakarta,19300.0
2025-04-08,Minyak Goreng,DKI Jakarta,19200.0
2025-04-09,Minyak Goreng,DKI Jakarta,19300.0
2025-04-10,Minyak Goreng,DKI Jakarta,19100.0
2025-04-11,Minyak Goreng,DKI Jakarta,19300.0
2025-04-12,Minyak Goreng,DKI Jakarta,19000.0
2025-04-13,Minyak Goreng,DKI Jakarta,19000.0
2025-04-14,Minyak Goreng,DKI Jakarta,19000.0
2025-04-15,Minyak Goreng,DKI Jakarta,19300.0
2025-04-16,Minyak Goreng,DKI Jakarta,19100.0
2025-04-17,Minyak Goreng,DKI Jakarta,18800.0
2025-04-18,Minyak Goreng,DKI Jakarta,19000.0
2025-04-19,Minyak Goreng,DKI Jakarta,19100.0
2025-04-20,Minyak Goreng,DKI Jakarta,19200.0
2025-04-21,Minyak Goreng,DKI Jakarta,19000.0
2025-04-22,Minyak Goreng,DKI Jakarta,19300.0
2025-04-23,Minyak Goreng,DKI Jakarta,19400.0
2025-04-24,Minyak Goreng,DKI Jakarta,19200.0
2025-04-25,Minyak Goreng,DKI Jakarta,19100.0
2025-04-26,Minyak Goreng,DKI Jakarta,18900.0
2025-04-27,Minyak Goreng,DKI Jakarta,19200.0
2025-04-28,Minyak Goreng,DKI Jakarta,19300.0
2025-04-29,Minyak Goreng,DKI Jakarta,19400.0
2025-04-30,Minyak Goreng,DKI Jakarta,19300.0
2025-05-01,Minyak Goreng,DKI Jakarta,19600.0
2025-05-02,Minyak Goreng,DKI Jakarta,19100.0
2025-05-03,Minyak Goreng,DKI Jakarta,19000.0
2025-05-04,Minyak Goreng,DKI Jakarta,18900.0
2025-05-05,Minyak Goreng,DKI Jakarta,19100.0
2025-05-06,Minyak Goreng,DKI Jakarta,19300.0
2025-05-07,Minyak Goreng,DKI Jakarta,19200.0
2025-05-08,Minyak Goreng,DKI Jakarta,19200.0
2025-05-09,Minyak Goreng,DKI Jakarta,19100.0
2025-05-10,Minyak Goreng,DKI Jakarta,19000.0
2025-05-11,Minyak Goreng,DKI Jakarta,18700.0
2025-05-12,Minyak Goreng,DKI Jakarta,19100.0
2025-05-13,Minyak Goreng,DKI Jakarta,19200.0
2025-05-14,Minyak Goreng,DKI Jakarta,19300.0
2025-05-15,Minyak Goreng,DKI Jakarta,19400.0
2025-05-16,Minyak Goreng,DKI Jakarta,19400.0
2025-05-17,Minyak Goreng,DKI Jakarta,19000.0
2025-05-18,Minyak Goreng,DKI Jakarta,18800.0
2025-05-19,Minyak Goreng,DKI Jakarta,19000.0
2025-05-20,Minyak Goreng,DKI Jakarta,19400.0
2025-05-21,Minyak Goreng,DKI Jakarta,19400.0
2025-05-22,Minyak Goreng,DKI Jakarta,19400.0
2025-05-23,Minyak Goreng,DKI Jakarta,19000.0
2025-05-24,Minyak Goreng,DKI Jakarta,19100.0
2025-05-25,Minyak Goreng,DKI Jakarta,19600.0
2025-05-26,Minyak Goreng,DKI Jakarta,19700.0
2025-05-27,Minyak Goreng,DKI Jakarta,19800.0
2025-05-28,Minyak Goreng,DKI Jakarta,20500.0
2025-05-29,Minyak Goreng,DKI Jakarta,20100.0
2025-05-30,Minyak Goreng,DKI Jakarta,19800.0
2025-05-31,Minyak Goreng,DKI Jakarta,20600.0
2025-06-01,Minyak Goreng,DKI Jakarta,20800.0
2025-06-02,Minyak Goreng,DKI Jakarta,21100.0
2025-06-03,Minyak Goreng,DKI Jakarta,21100.0
2025-06-04,Minyak Goreng,DKI Jakarta,21600.0
2025-06-05,Minyak Goreng,DKI Jakarta,21600.0
2025-06-06,Minyak Goreng,DKI Jakarta,21600.0
2025-06-07,Minyak Goreng,DKI Jakarta,19000.0
2025-06-08,Minyak Goreng,DKI Jakarta,18600.0
2025-06-09,Minyak Goreng,DKI Jakarta,18900.0
2025-06-10,Minyak Goreng,DKI Jakarta,19200.0
2025-06-11,Minyak Goreng,DKI Jakarta,19100.0
2025-06-12,Minyak Goreng,DKI Jakarta,19200.0
2025-06-13,Minyak Goreng,DKI Jakarta,18800.0
2025-06-14,Minyak Goreng,DKI Jakarta,18700.0
2025-06-15,Minyak Goreng,DKI Jakarta,18700.0
2025-06-16,Minyak Goreng,DKI Jakarta,18900.0
2025-06-17,Minyak Goreng,DKI Jakarta,18900.0
2025-06-18,Minyak Goreng,DKI Jakarta,18700.0
2025-06-19,Minyak Goreng,DKI Jakarta,19000.0
2025-06-20,Minyak Goreng,DKI Jakarta,18800.0
2025-06-21,Minyak Goreng,DKI Jakarta,18500.0
2025-06-22,Minyak Goreng,DKI Jakarta,18400.0
2025-06-23,Minyak Goreng,DKI Jakarta,18400.0
2025-06-24,Minyak Goreng,DKI Jakarta,18800.0
2025-06-25,Minyak Goreng,DKI Jakarta,18600.0
2025-06-26,Minyak Goreng,DKI Jakarta,18400.0
2025-06-27,Minyak Goreng,DKI Jakarta,18400.0
2025-06-28,Minyak Goreng,DKI Jakarta,18200.0
2025-06-29,Minyak Goreng,DKI Jakarta,18500.0
2025-06-30,Minyak Goreng,DKI Jakarta,18500.0
2025-07-01,Minyak Goreng,DKI Jakarta,18600.0
2025-07-02,Minyak Goreng,DKI Jakarta,18500.0
2025-07-03,Minyak Goreng,DKI Jakarta,18500.0
2025-07-04,Minyak Goreng,DKI Jakarta,18300.0
2025-07-05,Minyak Goreng,DKI Jakarta,18100.0
2025-07-06,Minyak Goreng,DKI Jakarta,18300.0
2025-07-07,Minyak Goreng,DKI Jakarta,18300.0
2025-07-08,Minyak Goreng,DKI Jakarta,18600.0
2025-07-09,Minyak Goreng,DKI Jakarta,18700.0
2025-07-10,Minyak Goreng,DKI Jakarta,18400.0
2025-07-11,Minyak Goreng,DKI Jakarta,18400.0
2025-07-12,Minyak Goreng,DKI Jakarta,18000.0
2025-07-13,Minyak Goreng,DKI Jakarta,18100.0
2025-07-14,Minyak Goreng,DKI Jakarta,18400.0
2025-07-15,Minyak Goreng,DKI Jakarta,18700.0
2025-07-16,Minyak Goreng,DKI Jakarta,18700.0
2025-07-17,Minyak Goreng,DKI Jakarta,18700.0
2025-07-18,Minyak Goreng,DKI Jakarta,18200.0
2025-07-19,Minyak Goreng,DKI Jakarta,18100.0
2025-07-20,Minyak Goreng,DKI Jakarta,18000.0
2025-07-21,Minyak Goreng,DKI Jakarta,18000.0
2025-07-22,Minyak Goreng,DKI Jakarta,18400.0
2025-07-23,Minyak Goreng,DKI Jakarta,18300.0
2025-07-24,Minyak Goreng,DKI Jakarta,18500.0
2025-07-25,Minyak Goreng,DKI Jakarta,17900.0
2025-07-26,Minyak Goreng,DKI Jakarta,18200.0
2025-07-27,Minyak Goreng,DKI Jakarta,18000.0
2025-07-28,Minyak Goreng,DKI Jakarta,18100.0
2025-07-29,Minyak Goreng,DKI Jakarta,18500.0
2025-07-30,Minyak Goreng,DKI Jakarta,18300.0
2025-07-31,Minyak Goreng,DKI Jakarta,18200.0
2025-08-01,Minyak Goreng,DKI Jakarta,18000.0
2025-08-02,Minyak Goreng,DKI Jakarta,18300.0
2025-08-03,Minyak Goreng,DKI Jakarta,18000.0
2025-08-04,Minyak Goreng,DKI Jakarta,18200.0
2025-08-05,Minyak Goreng,DKI Jakarta,18300.0
2025-08-06,Minyak Goreng,DKI Jakarta,18400.0
2025-08-07,Minyak Goreng,DKI Jakarta,18200.0
2025-08-08,Minyak Goreng,DKI Jakarta,18100.0
2025-08-09,Minyak Goreng,DKI Jakarta,18000.0
2025-08-10,Minyak Goreng,DKI Jakarta,17800.0
2025-08-11,Minyak Goreng,DKI Jakarta,18300.0
2025-08-12,Minyak Goreng,DKI Jakarta,18400.0
2025-08-13,Minyak Goreng,DKI Jakarta,18400.0
2025-08-14,Minyak Goreng,DKI Jakarta,18200.0
2025-08-15,Minyak Goreng,DKI Jakarta,17500.0
2025-08-16,Minyak Goreng,DKI Jakarta,18000.0
2025-08-17,Minyak Goreng,DKI Jakarta,17900.0
2025-08-18,Minyak Goreng,DKI Jakarta,18000.0
2025-08-19,Minyak Goreng,DKI Jakarta,17900.0
2025-08-20,Minyak Goreng,DKI Jakarta,18300.0
2025-08-21,Minyak Goreng,DKI Jakarta,17800.0
2025-08-22,Minyak Goreng,DKI Jakarta,17900.0
2025-08-23,Minyak Goreng,DKI Jakarta,17900.0
2025-08-24,Minyak Goreng,DKI Jakarta,17800.0
2025-08-25,Minyak Goreng,DKI Jakarta,18200.0
2025-08-26,Minyak Goreng,DKI Jakarta,18000.0
2025-08-27,Minyak Goreng,DKI Jakarta,18200.0
2025-08-28,Minyak Goreng,DKI Jakarta,17800.0
2025-08-29,Minyak Goreng,DKI Jakarta,18000.0
2025-08-30,Minyak Goreng,DKI Jakarta,17900.0
2025-08-31,Minyak Goreng,DKI Jakarta,17800.0
2025-09-01,Minyak Goreng,DKI Jakarta,17800.0
2025-09-02,Minyak Goreng,DKI Jakarta,17800.0
2025-09-03,Minyak Goreng,DKI Jakarta,17900.0
2025-09-04,Minyak Goreng,DKI Jakarta,18100.0
2025-09-05,Minyak Goreng,DKI Jakarta,17800.0
2025-09-06,Minyak Goreng,DKI Jakarta,17400.0
2025-09-07,Minyak Goreng,DKI Jakarta,17500.0
2025-09-08,Minyak Goreng,DKI Jakarta,18000.0
2025-09-09,Minyak Goreng,DKI Jakarta,18000.0
2025-09-10,Minyak Goreng,DKI Jakarta,17800.0
2025-09-11,Minyak Goreng,DKI Jakarta,17600.0
2025-09-12,Minyak Goreng,DKI Jakarta,17600.0
2025-09-13,Minyak Goreng,DKI Jakarta,17300.0
2025-09-14,Minyak Goreng,DKI Jakarta,17600.0
2025-09-15,Minyak Goreng,DKI Jakarta,18100.0
2025-09-16,Minyak Goreng,DKI Jakarta,17600.0
2025-09-17,Minyak Goreng,DKI Jakarta,17900.0
2025-09-18,Minyak Goreng,DKI Jakarta,18000.0
2025-09-19,Minyak Goreng,DKI Jakarta,17800.0
2025-09-20,Minyak Goreng,DKI Jakarta,17500.0
2025-09-21,Minyak Goreng,DKI Jakarta,17500.0
2025-09-22,Minyak Goreng,DKI Jakarta,17500.0
2025-09-23,Minyak Goreng,DKI Jakarta,17800.0
2025-09-24,Minyak Goreng,DKI Jakarta,17900.0
2025-09-25,Minyak Goreng,DKI Jakarta,18000.0
2025-09-26,Minyak Goreng,DKI Jakarta,17500.0
2025-09-27,Minyak Goreng,DKI Jakarta,17500.0
2025-09-28,Minyak Goreng,DKI Jakarta,17400.0
2025-09-29,Minyak Goreng,DKI Jakarta,17800.0
2025-09-30,Minyak Goreng,DKI Jakarta,18000.0
2025-10-01,Minyak Goreng,DKI Jakarta,18000.0
2025-10-02,Minyak Goreng,DKI Jakarta,17700.0
2025-10-03,Minyak Goreng,DKI Jakarta,17700.0
2025-10-04,Minyak Goreng,DKI Jakarta,17500.0
2025-10-05,Minyak Goreng,DKI Jakarta,17800.0
2025-10-06,Minyak Goreng,DKI Jakarta,17700.0
2025-10-07,Minyak Goreng,DKI Jakarta,17700.0
2025-10-08,Minyak Goreng,DKI Jakarta,17900.0
2025-10-09,Minyak Goreng,DKI Jakarta,17900.0
2025-10-10,Minyak Goreng,DKI Jakarta,17800.0
2025-10-11,Minyak Goreng,DKI Jakarta,17500.0
2025-10-12,Minyak Goreng,DKI Jakarta,17600.0
2025-10-13,Minyak Goreng,DKI Jakarta,17600.0
2025-10-14,Minyak Goreng,DKI Jakarta,17900.0
2025-10-15,Minyak Goreng,DKI Jakarta,17800.0
2025-10-16,Minyak Goreng,DKI Jakarta,18000.0
2025-10-17,Minyak Goreng,DKI Jakarta,17500.0
2025-10-18,Minyak Goreng,DKI Jakarta,17600.0
2025-10-19,Minyak Goreng,DKI Jakarta,17600.0
2025-10-20,Minyak Goreng,DKI Jakarta,17900.0
2025-10-21,Minyak Goreng,DKI Jakarta,18100.0
2025-10-22,Minyak Goreng,DKI Jakarta,18000.0
2025-10-23,Minyak Goreng,DKI Jakarta,17900.0
2025-10-24,Minyak Goreng,DKI Jakarta,17600.0
2025-10-25,Minyak Goreng,DKI Jakarta,17500.0
2025-10-26,Minyak Goreng,DKI Jakarta,17600.0
2025-10-27,Minyak Goreng,DKI Jakarta,18000.0
2025-10-28,Minyak Goreng,DKI Jakarta,18000.0
2025-10-29,Minyak Goreng,DKI Jakarta,18200.0
2025-10-30,Minyak Goreng,DKI Jakarta,18100.0
2025-10-31,Minyak Goreng,DKI Jakarta,17700.0
2025-11-01,Minyak Goreng,DKI Jakarta,17800.0
2025-11-02,Minyak Goreng,DKI Jakarta,17900.0
2025-11-03,Minyak Goreng,DKI Jakarta,17900.0
2025-11-04,Minyak Goreng,DKI Jakarta,18000.0
2025-11-05,Minyak Goreng,DKI Jakarta,18300.0
2025-11-06,Minyak Goreng,DKI Jakarta,18100.0
2025-11-07,Minyak Goreng,DKI Jakarta,17900.0
2025-11-08,Minyak Goreng,DKI Jakarta,17600.0
2025-11-09,Minyak Goreng,DKI Jakarta,18000.0
2025-11-10,Minyak Goreng,DKI Jakarta,17800.0
2025-11-11,Minyak Goreng,DKI Jakarta,18200.0
2025-11-12,Minyak Goreng,DKI Jakarta,18300.0
2025-11-13,Minyak Goreng,DKI Jakarta,18000.0
2025-11-14,Minyak Goreng,DKI Jakarta,18000.0
2025-11-15,Minyak Goreng,DKI Jakarta,17900.0
2025-11-16,Minyak Goreng,DKI Jakarta,17900.0
2025-11-17,Minyak Goreng,DKI Jakarta,18100.0
2025-11-18,Minyak Goreng,DKI Jakarta,18300.0
2025-11-19,Minyak Goreng,DKI Jakarta,18400.0
2025-11-20,Minyak Goreng,DKI Jakarta,18300.0
2025-11-21,Minyak Goreng,DKI Jakarta,17900.0
2025-11-22,Minyak Goreng,DKI Jakarta,18000.0
2025-11-23,Minyak Goreng,DKI Jakarta,18100.0
2025-11-24,Minyak Goreng,DKI Jakarta,18200.0
2025-11-25,Minyak Goreng,DKI Jakarta,18500.0
2025-11-26,Minyak Goreng,DKI Jakarta,18500.0
2025-11-27,Minyak Goreng,DKI Jakarta,18200.0
2025-11-28,Minyak Goreng,DKI Jakarta,18100.0
2025-11-29,Minyak Goreng,DKI Jakarta,18000.0
2025-11-30,Minyak Goreng,DKI Jakarta,18100.0
2025-12-01,Minyak Goreng,DKI Jakarta,18300.0
2025-12-02,Minyak Goreng,DKI Jakarta,18500.0
2025-12-03,Minyak Goreng,DKI Jakarta,18500.0
2025-12-04,Minyak Goreng,DKI Jakarta,18600.0
2025-12-05,Minyak Goreng,DKI Jakarta,18300.0
2025-12-06,Minyak Goreng,DKI Jakarta,18000.0
2025-12-07,Minyak Goreng,DKI Jakarta,18200.0
2025-12-08,Minyak Goreng,DKI Jakarta,18500.0
2025-12-09,Minyak Goreng,DKI Jakarta,18300.0
2025-12-10,Minyak Goreng,DKI Jakarta,18400.0
2025-12-11,Minyak Goreng,DKI Jakarta,18600.0
2025-12-12,Minyak Goreng,DKI Jakarta,18600.0
2025-12-13,Minyak Goreng,DKI Jakarta,18600.0
2025-12-14,Minyak Goreng,DKI Jakarta,18400.0
2025-12-15,Minyak Goreng,DKI Jakarta,18700.0
2025-12-16,Minyak Goreng,DKI Jakarta,18700.0
2025-12-17,Minyak Goreng,DKI Jakarta,18500.0
2025-12-18,Minyak Goreng,DKI Jakarta,18700.0
2025-12-19,Minyak Goreng,DKI Jakarta,18400.0
2025-12-20,Minyak Goreng,DKI Jakarta,18500.0
2025-12-21,Minyak Goreng,DKI Jakarta,18400.0
2025-12-22,Minyak Goreng,DKI Jakarta,18400.0
2025-12-23,Minyak Goreng,DKI Jakarta,18500.0
2025-12-24,Minyak Goreng,DKI Jakarta,18900.0
2025-12-25,Minyak Goreng,DKI Jakarta,18400.0
2025-12-26,Minyak Goreng,DKI Jakarta,18500.0
2025-12-27,Minyak Goreng,DKI Jakarta,18600.0
2025-12-28,Minyak Goreng,DKI Jakarta,18400.0
2025-12-29,Minyak Goreng,DKI Jakarta,18900.0
2025-12-30,Minyak Goreng,DKI Jakarta,19000.0
2025-12-31,Minyak Goreng,DKI Jakarta,18700.0
2026-01-01,Minyak Goreng,DKI Jakarta,18700.0
2026-01-02,Minyak Goreng,DKI Jakarta,18800.0
2026-01-03,Minyak Goreng,DKI Jakarta,18500.0
2026-01-04,Minyak Goreng,DKI Jakarta,18400.0
2026-01-05,Minyak Goreng,DKI Jakarta,18700.0
2026-01-06,Minyak Goreng,DKI Jakarta,18700.0
2026-01-07,Minyak Goreng,DKI Jakarta,19200.0
2026-01-08,Minyak Goreng,DKI Jakarta,19000.0
2026-01-09,Minyak Goreng,DKI Jakarta,18700.0
2026-01-10,Minyak Goreng,DKI Jakarta,18600.0
2026-01-11,Minyak Goreng,DKI Jakarta,18400.0
2026-01-12,Minyak Goreng,DKI Jakarta,18700.0
2026-01-13,Minyak Goreng,DKI Jakarta,19300.0
2026-01-14,Minyak Goreng,DKI Jakarta,19100.0
2026-01-15,Minyak Goreng,DKI Jakarta,19100.0
2026-01-16,Minyak Goreng,DKI Jakarta,18900.0
2026-01-17,Minyak Goreng,DKI Jakarta,19000.0
2026-01-18,Minyak Goreng,DKI Jakarta,18500.0
2026-01-19,Minyak Goreng,DKI Jakarta,19000.0
2026-01-20,Minyak Goreng,DKI Jakarta,19400.0
2026-01-21,Minyak Goreng,DKI Jakarta,19300.0
2026-01-22,Minyak Goreng,DKI Jakarta,19300.0
2026-01-23,Minyak Goreng,DKI Jakarta,18900.0
2026-01-24,Minyak Goreng,DKI Jakarta,18700.0
2026-01-25,Minyak Goreng,DKI Jakarta,18700.0
2026-01-26,Minyak Goreng,DKI Jakarta,18800.0
2026-01-27,Minyak Goreng,DKI Jakarta,19400.0
2026-01-28,Minyak Goreng,DKI Jakarta,19400.0
2026-01-29,Minyak Goreng,DKI Jakarta,19200.0
2026-01-30,Minyak Goreng,DKI Jakarta,19100.0
2026-01-31,Minyak Goreng,DKI Jakarta,19000.0
2026-02-01,Minyak Goreng,DKI Jakarta,19200.0
2026-02-02,Minyak Goreng,DKI Jakarta,19300.0
2026-02-03,Minyak Goreng,DKI Jakarta,19100.0
2026-02-04,Minyak Goreng,DKI Jakarta,19400.0
2026-02-05,Minyak Goreng,DKI Jakarta,19000.0
2026-02-06,Minyak Goreng,DKI Jakarta,19200.0
2026-02-07,Minyak Goreng,DKI Jakarta,19200.0
2026-02-08,Minyak Goreng,DKI Jakarta,18900.0
2026-02-09,Minyak Goreng,DKI Jakarta,19200.0
2026-02-10,Minyak Goreng,DKI Jakarta,19500.0
2026-02-11,Minyak Goreng,DKI Jakarta,19600.0
2026-02-12,Minyak Goreng,DKI Jakarta,19400.0
2026-02-13,Minyak Goreng,DKI Jakarta,19000.0
2026-02-14,Minyak Goreng,DKI Jakarta,19100.0
2026-02-15,Minyak Goreng,DKI Jakarta,18900.0
2026-02-16,Minyak Goreng,DKI Jakarta,19300.0
2026-02-17,Minyak Goreng,DKI Jakarta,19500.0
2026-02-18,Minyak Goreng,DKI Jakarta,19600.0
2026-02-19,Minyak Goreng,DKI Jakarta,19400.0
2026-02-20,Minyak Goreng,DKI Jakarta,19100.0
2026-02-21,Minyak Goreng,DKI Jakarta,19200.0
2026-02-22,Minyak Goreng,DKI Jakarta,19500.0
2026-02-23,Minyak Goreng,DKI Jakarta,19800.0
2026-02-24,Minyak Goreng,DKI Jakarta,20100.0
2026-02-25,Minyak Goreng,DKI Jakarta,20100.0
2026-02-26,Minyak Goreng,DKI Jakarta,19500.0
2026-02-27,Minyak Goreng,DKI Jakarta,19500.0
2026-02-28,Minyak Goreng,DKI Jakarta,19400.0
2026-03-01,Minyak Goreng,DKI Jakarta,19500.0
2026-03-02,Minyak Goreng,DKI Jakarta,19700.0
2026-03-03,Minyak Goreng,DKI Jakarta,20200.0
2026-03-04,Minyak Goreng,DKI Jakarta,19700.0
2026-03-05,Minyak Goreng,DKI Jakarta,19600.0
2026-03-06,Minyak Goreng,DKI Jakarta,19900.0
2026-03-07,Minyak Goreng,DKI Jakarta,19600.0
2026-03-08,Minyak Goreng,DKI Jakarta,20100.0
2026-03-09,Minyak Goreng,DKI Jakarta,20500.0
2026-03-10,Minyak Goreng,DKI Jakarta,20900.0
2026-03-11,Minyak Goreng,DKI Jakarta,21100.0
2026-03-12,Minyak Goreng,DKI Jakarta,21300.0
2026-03-13,Minyak Goreng,DKI Jakarta,21000.0
2026-03-14,Minyak Goreng,DKI Jakarta,21100.0
2026-03-15,Minyak Goreng,DKI Jakarta,21600.0
2026-03-16,Minyak Goreng,DKI Jakarta,21500.0
2026-03-17,Minyak Goreng,DKI Jakarta,22500.0
2026-03-18,Minyak Goreng,DKI Jakarta,22600.0
2026-03-19,Minyak Goreng,DKI Jakarta,22600.0
2026-03-20,Minyak Goreng,DKI Jakarta,22300.0
2026-03-21,Minyak Goreng,DKI Jakarta,19200.0
2026-03-22,Minyak Goreng,DKI Jakarta,19400.0
2026-03-23,Minyak Goreng,DKI Jakarta,19800.0
2026-03-24,Minyak Goreng,DKI Jakarta,19500.0
2026-03-25,Minyak Goreng,DKI Jakarta,20000.0
2026-03-26,Minyak Goreng,DKI Jakarta,19700.0
2026-03-27,Minyak Goreng,DKI Jakarta,19600.0
2026-03-28,Minyak Goreng,DKI Jakarta,19600.0
2026-03-29,Minyak Goreng,DKI Jakarta,19600.0
2026-03-30,Minyak Goreng,DKI Jakarta,19500.0
2026-03-31,Minyak Goreng,DKI Jakarta,20000.0
2026-04-01,Minyak Goreng,DKI Jakarta,19500.0
2026-04-02,Minyak Goreng,DKI Jakarta,19700.0
2026-04-03,Minyak Goreng,DKI Jakarta,19700.0
2026-04-04,Minyak Goreng,DKI Jakarta,19500.0
2026-04-05,Minyak Goreng,DKI Jakarta,19200.0
2026-04-06,Minyak Goreng,DKI Jakarta,19800.0
2026-04-07,Minyak Goreng,DKI Jakarta,19700.0
2026-04-08,Minyak Goreng,DKI Jakarta,20000.0
2026-04-09,Minyak Goreng,DKI Jakarta,19900.0
2026-04-10,Minyak Goreng,DKI Jakarta,19700.0
2026-04-11,Minyak Goreng,DKI Jakarta,19800.0
2026-04-12,Minyak Goreng,DKI Jakarta,19600.0
2026-04-13,Minyak Goreng,DKI Jakarta,19800.0
2026-04-14,Minyak Goreng,DKI Jakarta,19900.0
2026-04-15,Minyak Goreng,DKI Jakarta,20100.0
2026-04-16,Minyak Goreng,DKI Jakarta,20100.0
2026-04-17,Minyak Goreng,DKI Jakarta,19700.0
2026-04-18,Minyak Goreng,DKI Jakarta,19800.0
2026-04-19,Minyak Goreng,DKI Jakarta,20000.0
2026-04-20,Minyak Goreng,DKI Jakarta,20100.0
2026-04-21,Minyak Goreng,DKI Jakarta,19900.0
2026-04-22,Minyak Goreng,DKI Jakarta,20200.0
2026-04-23,Minyak Goreng,DKI Jakarta,19900.0
2026-04-24,Minyak Goreng,DKI Jakarta,19900.0
2026-04-25,Minyak Goreng,DKI Jakarta,19700.0
2026-04-26,Minyak Goreng,DKI Jakarta,19700.0
2026-04-27,Minyak Goreng,DKI Jakarta,19800.0
2026-04-28,Minyak Goreng,DKI Jakarta,19900.0
2026-04-29,Minyak Goreng,DKI Jakarta,20000.0
2026-04-30,Minyak Goreng,DKI Jakarta,19800.0
2026-05-01,Minyak Goreng,DKI Jakarta,19600.0
2026-05-02,Minyak Goreng,DKI Jakarta,19800.0
2026-05-03,Minyak Goreng,DKI Jakarta,19600.0
2026-05-04,Minyak Goreng,DKI Jakarta,19500.0
2026-05-05,Minyak Goreng,DKI Jakarta,19700.0
2026-05-06,Minyak Goreng,DKI Jakarta,20000.0
2026-05-07,Minyak Goreng,DKI Jakarta,19600.0
2026-05-08,Minyak Goreng,DKI Jakarta,19300.0
2026-05-09,Minyak Goreng,DKI Jakarta,19200.0
2026-05-10,Minyak Goreng,DKI Jakarta,19100.0
2026-05-11,Minyak Goreng,DKI Jakarta,19300.0
2026-05-12,Minyak Goreng,DKI Jakarta,19500.0
2026-05-13,Minyak Goreng,DKI Jakarta,20000.0
2026-05-14,Minyak Goreng,DKI Jakarta,19600.0
2026-05-15,Minyak Goreng,DKI Jakarta,19400.0
2026-05-16,Minyak Goreng,DKI Jakarta,19100.0
2026-05-17,Minyak Goreng,DKI Jakarta,19300.0
2026-05-18,Minyak Goreng,DKI Jakarta,19100.0
2026-05-19,Minyak Goreng,DKI Jakarta,19600.0
2026-05-20,Minyak Goreng,DKI Jakarta,20000.0
2026-05-21,Minyak Goreng,DKI Jakarta,19600.0
2026-05-22,Minyak Goreng,DKI Jakarta,19300.0
2026-05-23,Minyak Goreng,DKI Jakarta,19300.0
2026-05-24,Minyak Goreng,DKI Jakarta,19100.0
2026-05-25,Minyak Goreng,DKI Jakarta,19200.0
2026-05-26,Minyak Goreng,DKI Jakarta,19800.0
2026-05-27,Minyak Goreng,DKI Jakarta,19300.0
2026-05-28,Minyak Goreng,DKI Jakarta,19300.0
2026-05-29,Minyak Goreng,DKI Jakarta,19200.0
2026-05-30,Minyak Goreng,DKI Jakarta,18800.0
2026-05-31,Minyak Goreng,DKI Jakarta,19200.0
2026-06-01,Minyak Goreng,DKI Jakarta,19100.0
2026-06-02,Minyak Goreng,DKI Jakarta,19500.0
2026-06-03,Minyak Goreng,DKI Jakarta,19500.0
2026-06-04,Minyak Goreng,DKI Jakarta,19200.0
2026-06-05,Minyak Goreng,DKI Jakarta,19500.0
2026-06-06,Minyak Goreng,DKI Jakarta,18900.0
2026-06-07,Minyak Goreng,DKI Jakarta,19300.0
2026-06-08,Minyak Goreng,DKI Jakarta,19400.0
2026-06-09,Minyak Goreng,DKI Jakarta,19600.0
2026-06-10,Minyak Goreng,DKI Jakarta,19300.0
2026-06-11,Minyak Goreng,DKI Jakarta,19000.0
2026-06-12,Minyak Goreng,DKI Jakarta,19400.0
2026-06-13,Minyak Goreng,DKI Jakarta,18800.0
2026-06-14,Minyak Goreng,DKI Jakarta,18700.0
2026-06-15,Minyak Goreng,DKI Jakarta,19000.0
2026-06-16,Minyak Goreng,DKI Jakarta,19000.0
2026-06-17,Minyak Goreng,DKI Jakarta,19300.0
2026-06-18,Minyak Goreng,DKI Jakarta,18900.0
2026-06-19,Minyak Goreng,DKI Jakarta,18800.0
2026-06-20,Minyak Goreng,DKI Jakarta,18900.0
2026-06-21,Minyak Goreng,DKI Jakarta,18800.0
2026-06-22,Minyak Goreng,DKI Jakarta,18900.0
2026-06-23,Minyak Goreng,DKI Jakarta,19000.0
2026-06-24,Minyak Goreng,DKI Jakarta,19000.0
2026-06-25,Minyak Goreng,DKI Jakarta,18800.0
2026-06-26,Minyak Goreng,DKI Jakarta,18800.0
2026-06-27,Minyak Goreng,DKI Jakarta,18700.0
2026-06-28,Minyak Goreng,DKI Jakarta,18700.0
2026-06-29,Minyak Goreng,DKI Jakarta,18900.0
2026-06-30,Minyak Goreng,DKI Jakarta,18800.0
2026-07-01,Minyak Goreng,DKI Jakarta,18900.0
2026-07-02,Minyak Goreng,DKI Jakarta,18800.0
2026-07-03,Minyak Goreng,DKI Jakarta,18600.0
2026-07-04,Minyak Goreng,DKI Jakarta,18900.0
2026-07-05,Minyak Goreng,DKI Jakarta,18800.0
2026-07-06,Minyak Goreng,DKI Jakarta,18700.0
2026-07-07,Minyak Goreng,DKI Jakarta,19100.0
2026-07-08,Minyak Goreng,DKI Jakarta,19000.0
2026-07-09,Minyak Goreng,DKI Jakarta,18800.0
2026-07-10,Minyak Goreng,DKI Jakarta,18500.0
2026-07-11,Minyak Goreng,DKI Jakarta,18900.0
2026-07-12,Minyak Goreng,DKI Jakarta,18500.0
2026-07-13,Minyak Goreng,DKI Jakarta,18900.0
2026-07-14,Minyak Goreng,DKI Jakarta,18800.0
2026-07-15,Minyak Goreng,DKI Jakarta,19200.0
2026-07-16,Minyak Goreng,DKI Jakarta,18900.0
2026-07-17,Minyak Goreng,DKI Jakarta,18800.0
2026-07-18,Minyak Goreng,DKI Jakarta,18700.0
2026-07-19,Minyak Goreng,DKI Jakarta,18800.0
2026-07-20,Minyak Goreng,DKI Jakarta,18900.0
2026-07-21,Minyak Goreng,DKI Jakarta,19000.0
2026-07-22,Minyak Goreng,DKI Jakarta,19000.0
2026-07-23,Minyak Goreng,DKI Jakarta,18700.0
2026-07-24,Minyak Goreng,DKI Jakarta,18600.0
2026-07-25,Minyak Goreng,DKI Jakarta,18800.0
2026-07-26,Minyak Goreng,DKI Jakarta,18600.0
2026-07-27,Minyak Goreng,DKI Jakarta,18800.0
2026-07-28,Minyak Goreng,DKI Jakarta,18800.0
2026-07-29,Minyak Goreng,DKI Jakarta,18800.0
2026-07-30,Minyak Goreng,DKI Jakarta,18800.0
2026-07-31,Minyak Goreng,DKI Jakarta,18900.0
2026-08-01,Minyak Goreng,DKI Jakarta,18600.0
2026-08-02,Minyak Goreng,DKI Jakarta,18800.0
2026-08-03,Minyak Goreng,DKI Jakarta,18800.0
2026-08-04,Minyak Goreng,DKI Jakarta,19100.0
2026-08-05,Minyak Goreng,DKI Jakarta,19000.0
2026-08-06,Minyak Goreng,DKI Jakarta,18700.0
2026-08-07,Minyak Goreng,DKI Jakarta,18800.0
2026-08-08,Minyak Goreng,DKI Jakarta,19000.0
2026-08-09,Minyak Goreng,DKI Jakarta,19100.0
2026-08-10,Minyak Goreng,DKI Jakarta,19000.0
2026-08-11,Minyak Goreng,DKI Jakarta,19000.0
2026-08-12,Minyak Goreng,DKI Jakarta,19100.0
2026-08-13,Minyak Goreng,DKI Jakarta,19000.0
2026-08-14,Minyak Goreng,DKI Jakarta,18800.0
2026-08-15,Minyak Goreng,DKI Jakarta,18700.0
2026-08-16,Minyak Goreng,DKI Jakarta,18700.0
2026-08-17,Minyak Goreng,DKI Jakarta,18700.0
2026-08-18,Minyak Goreng,DKI Jakarta,18700.0
2026-08-19,Minyak Goreng,DKI Jakarta,18900.0
2026-08-20,Minyak Goreng,DKI Jakarta,18900.0
2026-08-21,Minyak Goreng,DKI Jakarta,18600.0
2026-08-22,Minyak Goreng,DKI Jakarta,18500.0
2026-08-23,Minyak Goreng,DKI Jakarta,18500.0
2026-08-24,Minyak Goreng,DKI Jakarta,18500.0
2026-08-25,Minyak Goreng,DKI Jakarta,18800.0
2026-08-26,Minyak Goreng,DKI Jakarta,18700.0
2026-08-27,Minyak Goreng,DKI Jakarta,18500.0
2026-08-28,Minyak Goreng,DKI Jakarta,18700.0
2026-08-29,Minyak Goreng,DKI Jakarta,18300.0
2026-08-30,Minyak Goreng,DKI Jakarta,18300.0
2026-08-31,Minyak Goreng,DKI Jakarta,18900.0
2026-09-01,Minyak Goreng,DKI Jakarta,18900.0
2026-09-02,Minyak Goreng,DKI Jakarta,18700.0
2026-09-03,Minyak Goreng,DKI Jakarta,18700.0
2026-09-04,Minyak Goreng,DKI Jakarta,18500.0
2026-09-05,Minyak Goreng,DKI Jakarta,18300.0
2026-09-06,Minyak Goreng,DKI Jakarta,18500.0
2026-09-07,Minyak Goreng,DKI Jakarta,18500.0
2026-09-08,Minyak Goreng,DKI Jakarta,18600.0
2026-09-09,Minyak Goreng,DKI Jakarta,18800.0
2026-09-10,Minyak Goreng,DKI Jakarta,18700.0
2026-09-11,Minyak Goreng,DKI Jakarta,18300.0
2026-09-12,Minyak Goreng,DKI Jakarta,18400.0
2026-09-13,Minyak Goreng,DKI Jakarta,18100.0
2026-09-14,Minyak Goreng,DKI Jakarta,18500.0
2026-09-15,Minyak Goreng,DKI Jakarta,18600.0
2026-09-16,Minyak Goreng,DKI Jakarta,18700.0
2026-09-17,Minyak Goreng,DKI Jakarta,18500.0
2026-09-18,Minyak Goreng,DKI Jakarta,18700.0
2026-09-19,Minyak Goreng,DKI Jakarta,18100.0
2026-09-20,Minyak Goreng,DKI Jakarta,18500.0
2026-09-21,Minyak Goreng,DKI Jakarta,18300.0
2026-09-22,Minyak Goreng,DKI Jakarta,18700.0
2026-09-23,Minyak Goreng,DKI Jakarta,18800.0
2026-09-24,Minyak Goreng,DKI Jakarta,18600.0
2026-09-25,Minyak Goreng,DKI Jakarta,18300.0
2026-09-26,Minyak Goreng,DKI Jakarta,18300.0
2026-09-27,Minyak Goreng,DKI Jakarta,18300.0
2026-09-28,Minyak Goreng,DKI Jakarta,18700.0
2026-09-29,Minyak Goreng,DKI Jakarta,18400.0
2026-09-30,Minyak Goreng,DKI Jakarta,18600.0
2024-01-01,Minyak Goreng,Jawa Barat,17500.0
2024-01-02,Minyak Goreng,Jawa Barat,17800.0
2024-01-03,Minyak Goreng,Jawa Barat,17500.0
2024-01-04,Minyak Goreng,Jawa Barat,17700.0
2024-01-05,Minyak Goreng,Jawa Barat,17300.0
2024-01-06,Minyak Goreng,Jawa Barat,17600.0
2024-01-07,Minyak Goreng,Jawa Barat,17400.0
2024-01-08,Minyak Goreng,Jawa Barat,17200.0
2024-01-09,Minyak Goreng,Jawa Barat,17800.0
2024-01-10,Minyak Goreng,Jawa Barat,17900.0
2024-01-11,Minyak Goreng,Jawa Barat,17600.0
2024-01-12,Minyak Goreng,Jawa Barat,17500.0
2024-01-13,Minyak Goreng,Jawa Barat,17400.0
2024-01-14,Minyak Goreng,Jawa Barat,17200.0
2024-01-15,Minyak Goreng,Jawa Barat,17300.0
2024-01-16,Minyak Goreng,Jawa Barat,18000.0
2024-01-17,Minyak Goreng,Jawa Barat,17700.0
2024-01-18,Minyak Goreng,Jawa Barat,18000.0
2024-01-19,Minyak Goreng,Jawa Barat,17800.0
2024-01-20,Minyak Goreng,Jawa Barat,17800.0
2024-01-21,Minyak Goreng,Jawa Barat,17500.0
2024-01-22,Minyak Goreng,Jawa Barat,17500.0
2024-01-23,Minyak Goreng,Jawa Barat,17700.0
2024-01-24,Minyak Goreng,Jawa Barat,17900.0
2024-01-25,Minyak Goreng,Jawa Barat,17500.0
2024-01-26,Minyak Goreng,Jawa Barat,17600.0
2024-01-27,Minyak Goreng,Jawa Barat,17600.0
2024-01-28,Minyak Goreng,Jawa Barat,17400.0
2024-01-29,Minyak Goreng,Jawa Barat,17700.0
2024-01-30,Minyak Goreng,Jawa Barat,17900.0
2024-01-31,Minyak Goreng,Jawa Barat,18000.0
2024-02-01,Minyak Goreng,Jawa Barat,17700.0
2024-02-02,Minyak Goreng,Jawa Barat,17700.0
2024-02-03,Minyak Goreng,Jawa Barat,17600.0
2024-02-04,Minyak Goreng,Jawa Barat,17700.0
2024-02-05,Minyak Goreng,Jawa Barat,17700.0
2024-02-06,Minyak Goreng,Jawa Barat,17800.0
2024-02-07,Minyak Goreng,Jawa Barat,18300.0
2024-02-08,Minyak Goreng,Jawa Barat,18000.0
2024-02-09,Minyak Goreng,Jawa Barat,17900.0
2024-02-10,Minyak Goreng,Jawa Barat,17700.0
2024-02-11,Minyak Goreng,Jawa Barat,17700.0
2024-02-12,Minyak Goreng,Jawa Barat,18000.0
2024-02-13,Minyak Goreng,Jawa Barat,17800.0
2024-02-14,Minyak Goreng,Jawa Barat,17900.0
2024-02-15,Minyak Goreng,Jawa Barat,17900.0
2024-02-16,Minyak Goreng,Jawa Barat,17800.0
2024-02-17,Minyak Goreng,Jawa Barat,17600.0
2024-02-18,Minyak Goreng,Jawa Barat,17800.0
2024-02-19,Minyak Goreng,Jawa Barat,17900.0
2024-02-20,Minyak Goreng,Jawa Barat,18300.0
2024-02-21,Minyak Goreng,Jawa Barat,18500.0
2024-02-22,Minyak Goreng,Jawa Barat,17800.0
2024-02-23,Minyak Goreng,Jawa Barat,17900.0
2024-02-24,Minyak Goreng,Jawa Barat,17800.0
2024-02-25,Minyak Goreng,Jawa Barat,17800.0
2024-02-26,Minyak Goreng,Jawa Barat,17800.0
2024-02-27,Minyak Goreng,Jawa Barat,18000.0
2024-02-28,Minyak Goreng,Jawa Barat,18200.0
2024-02-29,Minyak Goreng,Jawa Barat,17900.0
2024-03-01,Minyak Goreng,Jawa Barat,17900.0
2024-03-02,Minyak Goreng,Jawa Barat,17700.0
2024-03-03,Minyak Goreng,Jawa Barat,17900.0
2024-03-04,Minyak Goreng,Jawa Barat,17800.0
2024-03-05,Minyak Goreng,Jawa Barat,18200.0
2024-03-06,Minyak Goreng,Jawa Barat,18100.0
2024-03-07,Minyak Goreng,Jawa Barat,18100.0
2024-03-08,Minyak Goreng,Jawa Barat,18200.0
2024-03-09,Minyak Goreng,Jawa Barat,17900.0
2024-03-10,Minyak Goreng,Jawa Barat,17900.0
2024-03-11,Minyak Goreng,Jawa Barat,18200.0
2024-03-12,Minyak Goreng,Jawa Barat,17900.0
2024-03-13,Minyak Goreng,Jawa Barat,18500.0
2024-03-14,Minyak Goreng,Jawa Barat,17900.0
2024-03-15,Minyak Goreng,Jawa Barat,18100.0
2024-03-16,Minyak Goreng,Jawa Barat,17900.0
2024-03-17,Minyak Goreng,Jawa Barat,17700.0
2024-03-18,Minyak Goreng,Jawa Barat,18200.0
2024-03-19,Minyak Goreng,Jawa Barat,18300.0
2024-03-20,Minyak Goreng,Jawa Barat,18500.0
2024-03-21,Minyak Goreng,Jawa Barat,18200.0
2024-03-22,Minyak Goreng,Jawa Barat,18000.0
2024-03-23,Minyak Goreng,Jawa Barat,17900.0
2024-03-24,Minyak Goreng,Jawa Barat,17700.0
2024-03-25,Minyak Goreng,Jawa Barat,18000.0
2024-03-26,Minyak Goreng,Jawa Barat,18200.0
2024-03-27,Minyak Goreng,Jawa Barat,18300.0
2024-03-28,Minyak Goreng,Jawa Barat,18100.0
2024-03-29,Minyak Goreng,Jawa Barat,18300.0
2024-03-30,Minyak Goreng,Jawa Barat,18500.0
2024-03-31,Minyak Goreng,Jawa Barat,18800.0
2024-04-01,Minyak Goreng,Jawa Barat,18700.0
2024-04-02,Minyak Goreng,Jawa Barat,19500.0
2024-04-03,Minyak Goreng,Jawa Barat,19500.0
2024-04-04,Minyak Goreng,Jawa Barat,19600.0
2024-04-05,Minyak Goreng,Jawa Barat,19300.0
2024-04-06,Minyak Goreng,Jawa Barat,20000.0
2024-04-07,Minyak Goreng,Jawa Barat,20000.0
2024-04-08,Minyak Goreng,Jawa Barat,20100.0
2024-04-09,Minyak Goreng,Jawa Barat,20800.0
2024-04-10,Minyak Goreng,Jawa Barat,21000.0
2024-04-11,Minyak Goreng,Jawa Barat,18300.0
2024-04-12,Minyak Goreng,Jawa Barat,17900.0
2024-04-13,Minyak Goreng,Jawa Barat,17800.0
2024-04-14,Minyak Goreng,Jawa Barat,17800.0
2024-04-15,Minyak Goreng,Jawa Barat,18100.0
2024-04-16,Minyak Goreng,Jawa Barat,18000.0
2024-04-17,Minyak Goreng,Jawa Barat,18000.0
2024-04-18,Minyak Goreng,Jawa Barat,18100.0
2024-04-19,Minyak Goreng,Jawa Barat,17800.0
2024-04-20,Minyak Goreng,Jawa Barat,18100.0
2024-04-21,Minyak Goreng,Jawa Barat,18200.0
2024-04-22,Minyak Goreng,Jawa Barat,18000.0
2024-04-23,Minyak Goreng,Jawa Barat,18000.0
2024-04-24,Minyak Goreng,Jawa Barat,18300.0
2024-04-25,Minyak Goreng,Jawa Barat,18000.0
2024-04-26,Minyak Goreng,Jawa Barat,18100.0
2024-04-27,Minyak Goreng,Jawa Barat,17700.0
2024-04-28,Minyak Goreng,Jawa Barat,18000.0
2024-04-29,Minyak Goreng,Jawa Barat,18100.0
2024-04-30,Minyak Goreng,Jawa Barat,18000.0
2024-05-01,Minyak Goreng,Jawa Barat,18200.0
2024-05-02,Minyak Goreng,Jawa Barat,18200.0
2024-05-03,Minyak Goreng,Jawa Barat,18000.0
2024-05-04,Minyak Goreng,Jawa Barat,17900.0
2024-05-05,Minyak Goreng,Jawa Barat,17800.0
2024-05-06,Minyak Goreng,Jawa Barat,18200.0
2024-05-07,Minyak Goreng,Jawa Barat,18300.0
2024-05-08,Minyak Goreng,Jawa Barat,18100.0
2024-05-09,Minyak Goreng,Jawa Barat,18100.0
2024-05-10,Minyak Goreng,Jawa Barat,18100.0
2024-05-11,Minyak Goreng,Jawa Barat,17600.0
2024-05-12,Minyak Goreng,Jawa Barat,17900.0
2024-05-13,Minyak Goreng,Jawa Barat,17800.0
2024-05-14,Minyak Goreng,Jawa Barat,18300.0
2024-05-15,Minyak Goreng,Jawa Barat,18100.0
2024-05-16,Minyak Goreng,Jawa Barat,18200.0
2024-05-17,Minyak Goreng,Jawa Barat,17700.0
2024-05-18,Minyak Goreng,Jawa Barat,17500.0
2024-05-19,Minyak Goreng,Jawa Barat,17700.0
2024-05-20,Minyak Goreng,Jawa Barat,17900.0
2024-05-21,Minyak Goreng,Jawa Barat,17900.0
2024-05-22,Minyak Goreng,Jawa Barat,18100.0
2024-05-23,Minyak Goreng,Jawa Barat,17800.0
2024-05-24,Minyak Goreng,Jawa Barat,17400.0
2024-05-25,Minyak Goreng,Jawa Barat,17700.0
2024-05-26,Minyak Goreng,Jawa Barat,17500.0
2024-05-27,Minyak Goreng,Jawa Barat,17600.0
2024-05-28,Minyak Goreng,Jawa Barat,18100.0
2024-05-29,Minyak Goreng,Jawa Barat,18100.0
2024-05-30,Minyak Goreng,Jawa Barat,17600.0
2024-05-31,Minyak Goreng,Jawa Barat,17600.0
2024-06-01,Minyak Goreng,Jawa Barat,17300.0
2024-06-02,Minyak Goreng,Jawa Barat,17400.0
2024-06-03,Minyak Goreng,Jawa Barat,17500.0
2024-06-04,Minyak Goreng,Jawa Barat,17600.0
2024-06-05,Minyak Goreng,Jawa Barat,18100.0
2024-06-06,Minyak Goreng,Jawa Barat,18300.0
2024-06-07,Minyak Goreng,Jawa Barat,18100.0
2024-06-08,Minyak Goreng,Jawa Barat,18500.0
2024-06-09,Minyak Goreng,Jawa Barat,18500.0
2024-06-10,Minyak Goreng,Jawa Barat,18700.0
2024-06-11,Minyak Goreng,Jawa Barat,19200.0
2024-06-12,Minyak Goreng,Jawa Barat,19200.0
2024-06-13,Minyak Goreng,Jawa Barat,19600.0
2024-06-14,Minyak Goreng,Jawa Barat,19400.0
2024-06-15,Minyak Goreng,Jawa Barat,19700.0
2024-06-16,Minyak Goreng,Jawa Barat,20000.0
2024-06-17,Minyak Goreng,Jawa Barat,20200.0
2024-06-18,Minyak Goreng,Jawa Barat,17500.0
2024-06-19,Minyak Goreng,Jawa Barat,17400.0
2024-06-20,Minyak Goreng,Jawa Barat,17300.0
2024-06-21,Minyak Goreng,Jawa Barat,17600.0
2024-06-22,Minyak Goreng,Jawa Barat,17200.0
2024-06-23,Minyak Goreng,Jawa Barat,17200.0
2024-06-24,Minyak Goreng,Jawa Barat,17400.0
2024-06-25,Minyak Goreng,Jawa Barat,17700.0
2024-06-26,Minyak Goreng,Jawa Barat,17600.0
2024-06-27,Minyak Goreng,Jawa Barat,17500.0
2024-06-28,Minyak Goreng,Jawa Barat,17400.0
2024-06-29,Minyak Goreng,Jawa Barat,17100.0
2024-06-30,Minyak Goreng,Jawa Barat,17200.0
2024-07-01,Minyak Goreng,Jawa Barat,17300.0
2024-07-02,Minyak Goreng,Jawa Barat,17400.0
2024-07-03,Minyak Goreng,Jawa Barat,17600.0
2024-07-04,Minyak Goreng,Jawa Barat,17400.0
2024-07-05,Minyak Goreng,Jawa Barat,17000.0
2024-07-06,Minyak Goreng,Jawa Barat,17200.0
2024-07-07,Minyak Goreng,Jawa Barat,17100.0
2024-07-08,Minyak Goreng,Jawa Barat,17300.0
2024-07-09,Minyak Goreng,Jawa Barat,17300.0
2024-07-10,Minyak Goreng,Jawa Barat,17400.0
2024-07-11,Minyak Goreng,Jawa Barat,17200.0
2024-07-12,Minyak Goreng,Jawa Barat,17200.0
2024-07-13,Minyak Goreng,Jawa Barat,16900.0
2024-07-14,Minyak Goreng,Jawa Barat,17000.0
2024-07-15,Minyak Goreng,Jawa Barat,17200.0
2024-07-16,Minyak Goreng,Jawa Barat,17200.0
2024-07-17,Minyak Goreng,Jawa Barat,17600.0
2024-07-18,Minyak Goreng,Jawa Barat,17200.0
2024-07-19,Minyak Goreng,Jawa Barat,17000.0
2024-07-20,Minyak Goreng,Jawa Barat,17000.0
2024-07-21,Minyak Goreng,Jawa Barat,16800.0
2024-07-22,Minyak Goreng,Jawa Barat,17200.0
2024-07-23,Minyak Goreng,Jawa Barat,17300.0
2024-07-24,Minyak Goreng,Jawa Barat,17400.0
2024-07-25,Minyak Goreng,Jawa Barat,17000.0
2024-07-26,Minyak Goreng,Jawa Barat,16700.0
2024-07-27,Minyak Goreng,Jawa Barat,16700.0
2024-07-28,Minyak Goreng,Jawa Barat,16800.0
2024-07-29,Minyak Goreng,Jawa Barat,17200.0
2024-07-30,Minyak Goreng,Jawa Barat,17400.0
2024-07-31,Minyak Goreng,Jawa Barat,17100.0
2024-08-01,Minyak Goreng,Jawa Barat,17000.0
2024-08-02,Minyak Goreng,Jawa Barat,16700.0
2024-08-03,Minyak Goreng,Jawa Barat,16800.0
2024-08-04,Minyak Goreng,Jawa Barat,17000.0
2024-08-05,Minyak Goreng,Jawa Barat,17100.0
2024-08-06,Minyak Goreng,Jawa Barat,17100.0
2024-08-07,Minyak Goreng,Jawa Barat,17200.0
2024-08-08,Minyak Goreng,Jawa Barat,17000.0
2024-08-09,Minyak Goreng,Jawa Barat,16700.0
2024-08-10,Minyak Goreng,Jawa Barat,16600.0
2024-08-11,Minyak Goreng,Jawa Barat,16700.0
2024-08-12,Minyak Goreng,Jawa Barat,16900.0
2024-08-13,Minyak Goreng,Jawa Barat,16700.0
2024-08-14,Minyak Goreng,Jawa Barat,16900.0
2024-08-15,Minyak Goreng,Jawa Barat,16700.0
2024-08-16,Minyak Goreng,Jawa Barat,16800.0
2024-08-17,Minyak Goreng,Jawa Barat,16500.0
2024-08-18,Minyak Goreng,Jawa Barat,16700.0
2024-08-19,Minyak Goreng,Jawa Barat,16700.0
2024-08-20,Minyak Goreng,Jawa Barat,17100.0
2024-08-21,Minyak Goreng,Jawa Barat,16700.0
2024-08-22,Minyak Goreng,Jawa Barat,16900.0
2024-08-23,Minyak Goreng,Jawa Barat,16500.0
2024-08-24,Minyak Goreng,Jawa Barat,16500.0
2024-08-25,Minyak Goreng,Jawa Barat,16700.0
2024-08-26,Minyak Goreng,Jawa Barat,16800.0
2024-08-27,Minyak Goreng,Jawa Barat,16900.0
2024-08-28,Minyak Goreng,Jawa Barat,16900.0
2024-08-29,Minyak Goreng,Jawa Barat,16600.0
2024-08-30,Minyak Goreng,Jawa Barat,16600.0
2024-08-31,Minyak Goreng,Jawa Barat,16500.0
2024-09-01,Minyak Goreng,Jawa Barat,16500.0
2024-09-02,Minyak Goreng,Jawa Barat,16600.0
2024-09-03,Minyak Goreng,Jawa Barat,16800.0
2024-09-04,Minyak Goreng,Jawa Barat,16800.0
2024-09-05,Minyak Goreng,Jawa Barat,16700.0
2024-09-06,Minyak Goreng,Jawa Barat,16400.0
2024-09-07,Minyak Goreng,Jawa Barat,16200.0
2024-09-08,Minyak Goreng,Jawa Barat,16400.0
2024-09-09,Minyak Goreng,Jawa Barat,16700.0
2024-09-10,Minyak Goreng,Jawa Barat,16700.0
2024-09-11,Minyak Goreng,Jawa Barat,16500.0
2024-09-12,Minyak Goreng,Jawa Barat,16700.0
2024-09-13,Minyak Goreng,Jawa Barat,16400.0
2024-09-14,Minyak Goreng,Jawa Barat,16400.0
2024-09-15,Minyak Goreng,Jawa Barat,16300.0
2024-09-16,Minyak Goreng,Jawa Barat,16500.0
2024-09-17,Minyak Goreng,Jawa Barat,16600.0
2024-09-18,Minyak Goreng,Jawa Barat,16600.0
2024-09-19,Minyak Goreng,Jawa Barat,16300.0
2024-09-20,Minyak Goreng,Jawa Barat,16500.0
2024-09-21,Minyak Goreng,Jawa Barat,16400.0
2024-09-22,Minyak Goreng,Jawa Barat,16400.0
2024-09-23,Minyak Goreng,Jawa Barat,16500.0
2024-09-24,Minyak Goreng,Jawa Barat,16500.0
2024-09-25,Minyak Goreng,Jawa Barat,16800.0
2024-09-26,Minyak Goreng,Jawa Barat,16800.0
2024-09-27,Minyak Goreng,Jawa Barat,16400.0
2024-09-28,Minyak Goreng,Jawa Barat,16500.0
2024-09-29,Minyak Goreng,Jawa Barat,16500.0
2024-09-30,Minyak Goreng,Jawa Barat,16500.0
2024-10-01,Minyak Goreng,Jawa Barat,16600.0
2024-10-02,Minyak Goreng,Jawa Barat,16800.0
2024-10-03,Minyak Goreng,Jawa Barat,16400.0
2024-10-04,Minyak Goreng,Jawa Barat,16300.0
2024-10-05,Minyak Goreng,Jawa Barat,16200.0
2024-10-06,Minyak Goreng,Jawa Barat,16100.0
2024-10-07,Minyak Goreng,Jawa Barat,16700.0
2024-10-08,Minyak Goreng,Jawa Barat,16300.0
2024-10-09,Minyak Goreng,Jawa Barat,16800.0
2024-10-10,Minyak Goreng,Jawa Barat,16700.0
2024-10-11,Minyak Goreng,Jawa Barat,16400.0
2024-10-12,Minyak Goreng,Jawa Barat,16300.0
2024-10-13,Minyak Goreng,Jawa Barat,16500.0
2024-10-14,Minyak Goreng,Jawa Barat,16500.0
2024-10-15,Minyak Goreng,Jawa Barat,16800.0
2024-10-16,Minyak Goreng,Jawa Barat,16200.0
2024-10-17,Minyak Goreng,Jawa Barat,16400.0
2024-10-18,Minyak Goreng,Jawa Barat,16500.0
2024-10-19,Minyak Goreng,Jawa Barat,16300.0
2024-10-20,Minyak Goreng,Jawa Barat,16500.0
2024-10-21,Minyak Goreng,Jawa Barat,16500.0
2024-10-22,Minyak Goreng,Jawa Barat,16600.0
2024-10-23,Minyak Goreng,Jawa Barat,16600.0
2024-10-24,Minyak Goreng,Jawa Barat,16900.0
2024-10-25,Minyak Goreng,Jawa Barat,16700.0
2024-10-26,Minyak Goreng,Jawa Barat,16400.0
2024-10-27,Minyak Goreng,Jawa Barat,16400.0
2024-10-28,Minyak Goreng,Jawa Barat,16600.0
2024-10-29,Minyak Goreng,Jawa Barat,16800.0
2024-10-30,Minyak Goreng,Jawa Barat,16800.0
2024-10-31,Minyak Goreng,Jawa Barat,16500.0
2024-11-01,Minyak Goreng,Jawa Barat,16700.0
2024-11-02,Minyak Goreng,Jawa Barat,16400.0
2024-11-03,Minyak Goreng,Jawa Barat,16800.0
2024-11-04,Minyak Goreng,Jawa Barat,16600.0
2024-11-05,Minyak Goreng,Jawa Barat,16700.0
2024-11-06,Minyak Goreng,Jawa Barat,17000.0
2024-11-07,Minyak Goreng,Jawa Barat,16700.0
2024-11-08,Minyak Goreng,Jawa Barat,16500.0
2024-11-09,Minyak Goreng,Jawa Barat,16300.0
2024-11-10,Minyak Goreng,Jawa Barat,16600.0
2024-11-11,Minyak Goreng,Jawa Barat,16600.0
2024-11-12,Minyak Goreng,Jawa Barat,16700.0
2024-11-13,Minyak Goreng,Jawa Barat,16800.0
2024-11-14,Minyak Goreng,Jawa Barat,16900.0
2024-11-15,Minyak Goreng,Jawa Barat,16400.0
2024-11-16,Minyak Goreng,Jawa Barat,16600.0
2024-11-17,Minyak Goreng,Jawa Barat,16800.0
2024-11-18,Minyak Goreng,Jawa Barat,16500.0
2024-11-19,Minyak Goreng,Jawa Barat,16900.0
2024-11-20,Minyak Goreng,Jawa Barat,16800.0
2024-11-21,Minyak Goreng,Jawa Barat,16800.0
2024-11-22,Minyak Goreng,Jawa Barat,17000.0
2024-11-23,Minyak Goreng,Jawa Barat,16400.0
2024-11-24,Minyak Goreng,Jawa Barat,16900.0
2024-11-25,Minyak Goreng,Jawa Barat,16800.0
2024-11-26,Minyak Goreng,Jawa Barat,16900.0
2024-11-27,Minyak Goreng,Jawa Barat,16900.0
2024-11-28,Minyak Goreng,Jawa Barat,17100.0
2024-11-29,Minyak Goreng,Jawa Barat,16800.0
2024-11-30,Minyak Goreng,Jawa Barat,16700.0
2024-12-01,Minyak Goreng,Jawa Barat,16800.0
2024-12-02,Minyak Goreng,Jawa Barat,16900.0
2024-12-03,Minyak Goreng,Jawa Barat,16800.0
2024-12-04,Minyak Goreng,Jawa Barat,17100.0
2024-12-05,Minyak Goreng,Jawa Barat,17300.0
2024-12-06,Minyak Goreng,Jawa Barat,16800.0
2024-12-07,Minyak Goreng,Jawa Barat,16800.0
2024-12-08,Minyak Goreng,Jawa Barat,16900.0
2024-12-09,Minyak Goreng,Jawa Barat,17000.0
2024-12-10,Minyak Goreng,Jawa Barat,17300.0
2024-12-11,Minyak Goreng,Jawa Barat,17200.0
2024-12-12,Minyak Goreng,Jawa Barat,17200.0
2024-12-13,Minyak Goreng,Jawa Barat,17100.0
2024-12-14,Minyak Goreng,Jawa Barat,17100.0
2024-12-15,Minyak Goreng,Jawa Barat,17300.0
2024-12-16,Minyak Goreng,Jawa Barat,17300.0
2024-12-17,Minyak Goreng,Jawa Barat,17800.0
2024-12-18,Minyak Goreng,Jawa Barat,17500.0
2024-12-19,Minyak Goreng,Jawa Barat,17600.0
2024-12-20,Minyak Goreng,Jawa Barat,17700.0
2024-12-21,Minyak Goreng,Jawa Barat,17300.0
2024-12-22,Minyak Goreng,Jawa Barat,17100.0
2024-12-23,Minyak Goreng,Jawa Barat,17500.0
2024-12-24,Minyak Goreng,Jawa Barat,17600.0
2024-12-25,Minyak Goreng,Jawa Barat,17700.0
2024-12-26,Minyak Goreng,Jawa Barat,17900.0
2024-12-27,Minyak Goreng,Jawa Barat,17300.0
2024-12-28,Minyak Goreng,Jawa Barat,17400.0
2024-12-29,Minyak Goreng,Jawa Barat,17300.0
2024-12-30,Minyak Goreng,Jawa Barat,17600.0
2024-12-31,Minyak Goreng,Jawa Barat,17900.0
2025-01-01,Minyak Goreng,Jawa Barat,17800.0
2025-01-02,Minyak Goreng,Jawa Barat,17600.0
2025-01-03,Minyak Goreng,Jawa Barat,17400.0
2025-01-04,Minyak Goreng,Jawa Barat,17500.0
2025-01-05,Minyak Goreng,Jawa Barat,17800.0
2025-01-06,Minyak Goreng,Jawa Barat,17500.0
2025-01-07,Minyak Goreng,Jawa Barat,18100.0
2025-01-08,Minyak Goreng,Jawa Barat,18100.0
2025-01-09,Minyak Goreng,Jawa Barat,18100.0
2025-01-10,Minyak Goreng,Jawa Barat,17800.0
2025-01-11,Minyak Goreng,Jawa Barat,17800.0
2025-01-12,Minyak Goreng,Jawa Barat,17500.0
2025-01-13,Minyak Goreng,Jawa Barat,17800.0
2025-01-14,Minyak Goreng,Jawa Barat,18200.0
2025-01-15,Minyak Goreng,Jawa Barat,18200.0
2025-01-16,Minyak Goreng,Jawa Barat,18000.0
2025-01-17,Minyak Goreng,Jawa Barat,17500.0
2025-01-18,Minyak Goreng,Jawa Barat,17700.0
2025-01-19,Minyak Goreng,Jawa Barat,17600.0
2025-01-20,Minyak Goreng,Jawa Barat,18000.0
2025-01-21,Minyak Goreng,Jawa Barat,18100.0
2025-01-22,Minyak Goreng,Jawa Barat,18100.0
2025-01-23,Minyak Goreng,Jawa Barat,18500.0
2025-01-24,Minyak Goreng,Jawa Barat,18100.0
2025-01-25,Minyak Goreng,Jawa Barat,17900.0
2025-01-26,Minyak Goreng,Jawa Barat,18200.0
2025-01-27,Minyak Goreng,Jawa Barat,18100.0
2025-01-28,Minyak Goreng,Jawa Barat,18000.0
2025-01-29,Minyak Goreng,Jawa Barat,18000.0
2025-01-30,Minyak Goreng,Jawa Barat,18300.0
2025-01-31,Minyak Goreng,Jawa Barat,17600.0
2025-02-01,Minyak Goreng,Jawa Barat,17900.0
2025-02-02,Minyak Goreng,Jawa Barat,17600.0
2025-02-03,Minyak Goreng,Jawa Barat,18100.0
2025-02-04,Minyak Goreng,Jawa Barat,18300.0
2025-02-05,Minyak Goreng,Jawa Barat,18300.0
2025-02-06,Minyak Goreng,Jawa Barat,18300.0
2025-02-07,Minyak Goreng,Jawa Barat,18400.0
2025-02-08,Minyak Goreng,Jawa Barat,17900.0
2025-02-09,Minyak Goreng,Jawa Barat,18500.0
2025-02-10,Minyak Goreng,Jawa Barat,18300.0
2025-02-11,Minyak Goreng,Jawa Barat,18600.0
2025-02-12,Minyak Goreng,Jawa Barat,18300.0
2025-02-13,Minyak Goreng,Jawa Barat,18600.0
2025-02-14,Minyak Goreng,Jawa Barat,18400.0
2025-02-15,Minyak Goreng,Jawa Barat,18400.0
2025-02-16,Minyak Goreng,Jawa Barat,18200.0
2025-02-17,Minyak Goreng,Jawa Barat,18100.0
2025-02-18,Minyak Goreng,Jawa Barat,18600.0
2025-02-19,Minyak Goreng,Jawa Barat,18300.0
2025-02-20,Minyak Goreng,Jawa Barat,18400.0
2025-02-21,Minyak Goreng,Jawa Barat,18300.0
2025-02-22,Minyak Goreng,Jawa Barat,18600.0
2025-02-23,Minyak Goreng,Jawa Barat,18300.0
2025-02-24,Minyak Goreng,Jawa Barat,18500.0
2025-02-25,Minyak Goreng,Jawa Barat,18600.0
2025-02-26,Minyak Goreng,Jawa Barat,18500.0
2025-02-27,Minyak Goreng,Jawa Barat,18600.0
2025-02-28,Minyak Goreng,Jawa Barat,18500.0
2025-03-01,Minyak Goreng,Jawa Barat,18200.0
2025-03-02,Minyak Goreng,Jawa Barat,18200.0
2025-03-03,Minyak Goreng,Jawa Barat,18400.0
2025-03-04,Minyak Goreng,Jawa Barat,18700.0
2025-03-05,Minyak Goreng,Jawa Barat,18600.0
2025-03-06,Minyak Goreng,Jawa Barat,18400.0
2025-03-07,Minyak Goreng,Jawa Barat,18500.0
2025-03-08,Minyak Goreng,Jawa Barat,18500.0
2025-03-09,Minyak Goreng,Jawa Barat,18500.0
2025-03-10,Minyak Goreng,Jawa Barat,18500.0
2025-03-11,Minyak Goreng,Jawa Barat,18900.0
2025-03-12,Minyak Goreng,Jawa Barat,18800.0
2025-03-13,Minyak Goreng,Jawa Barat,18500.0
2025-03-14,Minyak Goreng,Jawa Barat,18700.0
2025-03-15,Minyak Goreng,Jawa Barat,18500.0
2025-03-16,Minyak Goreng,Jawa Barat,18400.0
2025-03-17,Minyak Goreng,Jawa Barat,18300.0
2025-03-18,Minyak Goreng,Jawa Barat,18800.0
2025-03-19,Minyak Goreng,Jawa Barat,19500.0
2025-03-20,Minyak Goreng,Jawa Barat,19000.0
2025-03-21,Minyak Goreng,Jawa Barat,19300.0
2025-03-22,Minyak Goreng,Jawa Barat,19400.0
2025-03-23,Minyak Goreng,Jawa Barat,19700.0
2025-03-24,Minyak Goreng,Jawa Barat,19700.0
2025-03-25,Minyak Goreng,Jawa Barat,20400.0
2025-03-26,Minyak Goreng,Jawa Barat,20400.0
2025-03-27,Minyak Goreng,Jawa Barat,20800.0
2025-03-28,Minyak Goreng,Jawa Barat,20700.0
2025-03-29,Minyak Goreng,Jawa Barat,20800.0
2025-03-30,Minyak Goreng,Jawa Barat,21300.0
2025-03-31,Minyak Goreng,Jawa Barat,21500.0
2025-04-01,Minyak Goreng,Jawa Barat,18900.0
2025-04-02,Minyak Goreng,Jawa Barat,18900.0
2025-04-03,Minyak Goreng,Jawa Barat,19000.0
2025-04-04,Minyak Goreng,Jawa Barat,18400.0
2025-04-05,Minyak Goreng,Jawa Barat,18600.0
2025-04-06,Minyak Goreng,Jawa Barat,18500.0
2025-04-07,Minyak Goreng,Jawa Barat,18500.0
2025-04-08,Minyak Goreng,Jawa Barat,18600.0
2025-04-09,Minyak Goreng,Jawa Barat,18900.0
2025-04-10,Minyak Goreng,Jawa Barat,18600.0
2025-04-11,Minyak Goreng,Jawa Barat,18600.0
2025-04-12,Minyak Goreng,Jawa Barat,18800.0
2025-04-13,Minyak Goreng,Jawa Barat,18600.0
2025-04-14,Minyak Goreng,Jawa Barat,18800.0
2025-04-15,Minyak Goreng,Jawa Barat,18600.0
2025-04-16,Minyak Goreng,Jawa Barat,19000.0
2025-04-17,Minyak Goreng,Jawa Barat,18600.0
2025-04-18,Minyak Goreng,Jawa Barat,18600.0
2025-04-19,Minyak Goreng,Jawa Barat,18800.0
2025-04-20,Minyak Goreng,Jawa Barat,18400.0
2025-04-21,Minyak Goreng,Jawa Barat,18900.0
2025-04-22,Minyak Goreng,Jawa Barat,19000.0
2025-04-23,Minyak Goreng,Jawa Barat,19100.0
2025-04-24,Minyak Goreng,Jawa Barat,18600.0
2025-04-25,Minyak Goreng,Jawa Barat,18700.0
2025-04-26,Minyak Goreng,Jawa Barat,18400.0
2025-04-27,Minyak Goreng,Jawa Barat,18700.0
2025-04-28,Minyak Goreng,Jawa Barat,18400.0
2025-04-29,Minyak Goreng,Jawa Barat,18900.0
2025-04-30,Minyak Goreng,Jawa Barat,18900.0
2025-05-01,Minyak Goreng,Jawa Barat,18400.0
2025-05-02,Minyak Goreng,Jawa Barat,18400.0
2025-05-03,Minyak Goreng,Jawa Barat,18100.0
2025-05-04,Minyak Goreng,Jawa Barat,18400.0
2025-05-05,Minyak Goreng,Jawa Barat,18700.0
2025-05-06,Minyak Goreng,Jawa Barat,18800.0
2025-05-07,Minyak Goreng,Jawa Barat,18900.0
2025-05-08,Minyak Goreng,Jawa Barat,18600.0
2025-05-09,Minyak Goreng,Jawa Barat,18700.0
2025-05-10,Minyak Goreng,Jawa Barat,18500.0
2025-05-11,Minyak Goreng,Jawa Barat,18500.0
2025-05-12,Minyak Goreng,Jawa Barat,18800.0
2025-05-13,Minyak Goreng,Jawa Barat,18600.0
2025-05-14,Minyak Goreng,Jawa Barat,18800.0
2025-05-15,Minyak Goreng,Jawa Barat,18800.0
2025-05-16,Minyak Goreng,Jawa Barat,18500.0
2025-05-17,Minyak Goreng,Jawa Barat,18500.0
2025-05-18,Minyak Goreng,Jawa Barat,18500.0
2025-05-19,Minyak Goreng,Jawa Barat,18500.0
2025-05-20,Minyak Goreng,Jawa Barat,18600.0
2025-05-21,Minyak Goreng,Jawa Barat,18800.0
2025-05-22,Minyak Goreng,Jawa Barat,18800.0
2025-05-23,Minyak Goreng,Jawa Barat,18500.0
2025-05-24,Minyak Goreng,Jawa Barat,18700.0
2025-05-25,Minyak Goreng,Jawa Barat,18900.0
2025-05-26,Minyak Goreng,Jawa Barat,18800.0
2025-05-27,Minyak Goreng,Jawa Barat,19200.0
2025-05-28,Minyak Goreng,Jawa Barat,19900.0
2025-05-29,Minyak Goreng,Jawa Barat,19800.0
2025-05-30,Minyak Goreng,Jawa Barat,19800.0
2025-05-31,Minyak Goreng,Jawa Barat,20100.0
2025-06-01,Minyak Goreng,Jawa Barat,20100.0
2025-06-02,Minyak Goreng,Jawa Barat,20400.0
2025-06-03,Minyak Goreng,Jawa Barat,20600.0
2025-06-04,Minyak Goreng,Jawa Barat,21100.0
2025-06-05,Minyak Goreng,Jawa Barat,21200.0
2025-06-06,Minyak Goreng,Jawa Barat,21000.0
2025-06-07,Minyak Goreng,Jawa Barat,18100.0
2025-06-08,Minyak Goreng,Jawa Barat,18700.0
2025-06-09,Minyak Goreng,Jawa Barat,18400.0
2025-06-10,Minyak Goreng,Jawa Barat,18400.0
2025-06-11,Minyak Goreng,Jawa Barat,18700.0
2025-06-12,Minyak Goreng,Jawa Barat,18400.0
2025-06-13,Minyak Goreng,Jawa Barat,18000.0
2025-06-14,Minyak Goreng,Jawa Barat,18200.0
2025-06-15,Minyak Goreng,Jawa Barat,18000.0
2025-06-16,Minyak Goreng,Jawa Barat,18500.0
2025-06-17,Minyak Goreng,Jawa Barat,18500.0
2025-06-18,Minyak Goreng,Jawa Barat,18400.0
2025-06-19,Minyak Goreng,Jawa Barat,18300.0
2025-06-20,Minyak Goreng,Jawa Barat,18300.0
2025-06-21,Minyak Goreng,Jawa Barat,18000.0
2025-06-22,Minyak Goreng,Jawa Barat,18400.0
2025-06-23,Minyak Goreng,Jawa Barat,18300.0
2025-06-24,Minyak Goreng,Jawa Barat,18300.0
2025-06-25,Minyak Goreng,Jawa Barat,18100.0
2025-06-26,Minyak Goreng,Jawa Barat,18100.0
2025-06-27,Minyak Goreng,Jawa Barat,18000.0
2025-06-28,Minyak Goreng,Jawa Barat,17700.0
2025-06-29,Minyak Goreng,Jawa Barat,18000.0
2025-06-30,Minyak Goreng,Jawa Barat,17700.0
2025-07-01,Minyak Goreng,Jawa Barat,17900.0
2025-07-02,Minyak Goreng,Jawa Barat,17900.0
2025-07-03,Minyak Goreng,Jawa Barat,18000.0
2025-07-04,Minyak Goreng,Jawa Barat,17600.0
2025-07-05,Minyak Goreng,Jawa Barat,17300.0
2025-07-06,Minyak Goreng,Jawa Barat,17800.0
2025-07-07,Minyak Goreng,Jawa Barat,17700.0
2025-07-08,Minyak Goreng,Jawa Barat,17700.0
2025-07-09,Minyak Goreng,Jawa Barat,17700.0
2025-07-10,Minyak Goreng,Jawa Barat,18000.0
2025-07-11,Minyak Goreng,Jawa Barat,17500.0
2025-07-12,Minyak Goreng,Jawa Barat,17400.0
2025-07-13,Minyak Goreng,Jawa Barat,17400.0
2025-07-14,Minyak Goreng,Jawa Barat,17300.0
2025-07-15,Minyak Goreng,Jawa Barat,17500.0
2025-07-16,Minyak Goreng,Jawa Barat,17500.0
2025-07-17,Minyak Goreng,Jawa Barat,17700.0
2025-07-18,Minyak Goreng,Jawa Barat,17400.0
2025-07-19,Minyak Goreng,Jawa Barat,17700.0
2025-07-20,Minyak Goreng,Jawa Barat,17200.0
2025-07-21,Minyak Goreng,Jawa Barat,17300.0
2025-07-22,Minyak Goreng,Jawa Barat,17900.0
2025-07-23,Minyak Goreng,Jawa Barat,17800.0
2025-07-24,Minyak Goreng,Jawa Barat,17600.0
2025-07-25,Minyak Goreng,Jawa Barat,17200.0
2025-07-26,Minyak Goreng,Jawa Barat,17600.0
2025-07-27,Minyak Goreng,Jawa Barat,17300.0
2025-07-28,Minyak Goreng,Jawa Barat,17400.0
2025-07-29,Minyak Goreng,Jawa Barat,17800.0
2025-07-30,Minyak Goreng,Jawa Barat,17600.0
2025-07-31,Minyak Goreng,Jawa Barat,17300.0
2025-08-01,Minyak Goreng,Jawa Barat,17300.0
2025-08-02,Minyak Goreng,Jawa Barat,17100.0
2025-08-03,Minyak Goreng,Jawa Barat,16700.0
2025-08-04,Minyak Goreng,Jawa Barat,17200.0
2025-08-05,Minyak Goreng,Jawa Barat,17400.0
2025-08-06,Minyak Goreng,Jawa Barat,17300.0
2025-08-07,Minyak Goreng,Jawa Barat,17400.0
2025-08-08,Minyak Goreng,Jawa Barat,17100.0
2025-08-09,Minyak Goreng,Jawa Barat,17200.0
2025-08-10,Minyak Goreng,Jawa Barat,16900.0
2025-08-11,Minyak Goreng,Jawa Barat,17400.0
2025-08-12,Minyak Goreng,Jawa Barat,17200.0
2025-08-13,Minyak Goreng,Jawa Barat,17000.0
2025-08-14,Minyak Goreng,Jawa Barat,17500.0
2025-08-15,Minyak Goreng,Jawa Barat,17000.0
2025-08-16,Minyak Goreng,Jawa Barat,17300.0
2025-08-17,Minyak Goreng,Jawa Barat,17100.0
2025-08-18,Minyak Goreng,Jawa Barat,17200.0
2025-08-19,Minyak Goreng,Jawa Barat,17400.0
2025-08-20,Minyak Goreng,Jawa Barat,17200.0
2025-08-21,Minyak Goreng,Jawa Barat,17200.0
2025-08-22,Minyak Goreng,Jawa Barat,17200.0
2025-08-23,Minyak Goreng,Jawa Barat,17000.0
2025-08-24,Minyak Goreng,Jawa Barat,16800.0
2025-08-25,Minyak Goreng,Jawa Barat,17200.0
2025-08-26,Minyak Goreng,Jawa Barat,16900.0
2025-08-27,Minyak Goreng,Jawa Barat,17500.0
2025-08-28,Minyak Goreng,Jawa Barat,17400.0
2025-08-29,Minyak Goreng,Jawa Barat,17200.0
2025-08-30,Minyak Goreng,Jawa Barat,17100.0
2025-08-31,Minyak Goreng,Jawa Barat,16900.0
2025-09-01,Minyak Goreng,Jawa Barat,17100.0
2025-09-02,Minyak Goreng,Jawa Barat,17100.0
2025-09-03,Minyak Goreng,Jawa Barat,17600.0
2025-09-04,Minyak Goreng,Jawa Barat,17100.0
2025-09-05,Minyak Goreng,Jawa Barat,17100.0
2025-09-06,Minyak Goreng,Jawa Barat,17000.0
2025-09-07,Minyak Goreng,Jawa Barat,16700.0
2025-09-08,Minyak Goreng,Jawa Barat,16800.0
2025-09-09,Minyak Goreng,Jawa Barat,17200.0
2025-09-10,Minyak Goreng,Jawa Barat,17100.0
2025-09-11,Minyak Goreng,Jawa Barat,17100.0
2025-09-12,Minyak Goreng,Jawa Barat,17100.0
2025-09-13,Minyak Goreng,Jawa Barat,16900.0
2025-09-14,Minyak Goreng,Jawa Barat,17000.0
2025-09-15,Minyak Goreng,Jawa Barat,17100.0
2025-09-16,Minyak Goreng,Jawa Barat,17100.0
2025-09-17,Minyak Goreng,Jawa Barat,17000.0
2025-09-18,Minyak Goreng,Jawa Barat,17100.0
2025-09-19,Minyak Goreng,Jawa Barat,17000.0
2025-09-20,Minyak Goreng,Jawa Barat,17000.0
2025-09-21,Minyak Goreng,Jawa Barat,16900.0
2025-09-22,Minyak Goreng,Jawa Barat,17000.0
2025-09-23,Minyak Goreng,Jawa Barat,17200.0
2025-09-24,Minyak Goreng,Jawa Barat,17100.0
2025-09-25,Minyak Goreng,Jawa Barat,17300.0
2025-09-26,Minyak Goreng,Jawa Barat,17100.0
2025-09-27,Minyak Goreng,Jawa Barat,16700.0
2025-09-28,Minyak Goreng,Jawa Barat,17000.0
2025-09-29,Minyak Goreng,Jawa Barat,16700.0
2025-09-30,Minyak Goreng,Jawa Barat,17300.0
2025-10-01,Minyak Goreng,Jawa Barat,17100.0
2025-10-02,Minyak Goreng,Jawa Barat,17100.0
2025-10-03,Minyak Goreng,Jawa Barat,16600.0
2025-10-04,Minyak Goreng,Jawa Barat,16700.0
2025-10-05,Minyak Goreng,Jawa Barat,17000.0
2025-10-06,Minyak Goreng,Jawa Barat,16900.0
2025-10-07,Minyak Goreng,Jawa Barat,17000.0
2025-10-08,Minyak Goreng,Jawa Barat,17400.0
2025-10-09,Minyak Goreng,Jawa Barat,17400.0
2025-10-10,Minyak Goreng,Jawa Barat,17100.0
2025-10-11,Minyak Goreng,Jawa Barat,16700.0
2025-10-12,Minyak Goreng,Jawa Barat,17200.0
2025-10-13,Minyak Goreng,Jawa Barat,16800.0
2025-10-14,Minyak Goreng,Jawa Barat,17100.0
2025-10-15,Minyak Goreng,Jawa Barat,17200.0
2025-10-16,Minyak Goreng,Jawa Barat,17500.0
2025-10-17,Minyak Goreng,Jawa Barat,17200.0
2025-10-18,Minyak Goreng,Jawa Barat,16900.0
2025-10-19,Minyak Goreng,Jawa Barat,16900.0
2025-10-20,Minyak Goreng,Jawa Barat,17300.0
2025-10-21,Minyak Goreng,Jawa Barat,17200.0
2025-10-22,Minyak Goreng,Jawa Barat,17400.0
2025-10-23,Minyak Goreng,Jawa Barat,17000.0
2025-10-24,Minyak Goreng,Jawa Barat,17200.0
2025-10-25,Minyak Goreng,Jawa Barat,17100.0
2025-10-26,Minyak Goreng,Jawa Barat,16900.0
2025-10-27,Minyak Goreng,Jawa Barat,17400.0
2025-10-28,Minyak Goreng,Jawa Barat,17500.0
2025-10-29,Minyak Goreng,Jawa Barat,17500.0
2025-10-30,Minyak Goreng,Jawa Barat,17200.0
2025-10-31,Minyak Goreng,Jawa Barat,17200.0
2025-11-01,Minyak Goreng,Jawa Barat,17100.0
2025-11-02,Minyak Goreng,Jawa Barat,17100.0
2025-11-03,Minyak Goreng,Jawa Barat,17300.0
2025-11-04,Minyak Goreng,Jawa Barat,17600.0
2025-11-05,Minyak Goreng,Jawa Barat,17600.0
2025-11-06,Minyak Goreng,Jawa Barat,17200.0
2025-11-07,Minyak Goreng,Jawa Barat,17400.0
2025-11-08,Minyak Goreng,Jawa Barat,17400.0
2025-11-09,Minyak Goreng,Jawa Barat,17200.0
2025-11-10,Minyak Goreng,Jawa Barat,17400.0
2025-11-11,Minyak Goreng,Jawa Barat,17600.0
2025-11-12,Minyak Goreng,Jawa Barat,17500.0
2025-11-13,Minyak Goreng,Jawa Barat,17500.0
2025-11-14,Minyak Goreng,Jawa Barat,17600.0
2025-11-15,Minyak Goreng,Jawa Barat,17300.0
2025-11-16,Minyak Goreng,Jawa Barat,17600.0
2025-11-17,Minyak Goreng,Jawa Barat,17800.0
2025-11-18,Minyak Goreng,Jawa Barat,17900.0
2025-11-19,Minyak Goreng,Jawa Barat,18100.0
2025-11-20,Minyak Goreng,Jawa Barat,17700.0
2025-11-21,Minyak Goreng,Jawa Barat,17600.0
2025-11-22,Minyak Goreng,Jawa Barat,17500.0
2025-11-23,Minyak Goreng,Jawa Barat,17500.0
2025-11-24,Minyak Goreng,Jawa Barat,17800.0
2025-11-25,Minyak Goreng,Jawa Barat,17600.0
2025-11-26,Minyak Goreng,Jawa Barat,17900.0
2025-11-27,Minyak Goreng,Jawa Barat,17600.0
2025-11-28,Minyak Goreng,Jawa Barat,17500.0
2025-11-29,Minyak Goreng,Jawa Barat,17700.0
2025-11-30,Minyak Goreng,Jawa Barat,17600.0
2025-12-01,Minyak Goreng,Jawa Barat,17900.0
2025-12-02,Minyak Goreng,Jawa Barat,17900.0
2025-12-03,Minyak Goreng,Jawa Barat,18100.0
2025-12-04,Minyak Goreng,Jawa Barat,17900.0
2025-12-05,Minyak Goreng,Jawa Barat,17500.0
2025-12-06,Minyak Goreng,Jawa Barat,17700.0
2025-12-07,Minyak Goreng,Jawa Barat,17400.0
2025-12-08,Minyak Goreng,Jawa Barat,17700.0
2025-12-09,Minyak Goreng,Jawa Barat,18000.0
2025-12-10,Minyak Goreng,Jawa Barat,18000.0
2025-12-11,Minyak Goreng,Jawa Barat,18000.0
2025-12-12,Minyak Goreng,Jawa Barat,17800.0
2025-12-13,Minyak Goreng,Jawa Barat,17600.0
2025-12-14,Minyak Goreng,Jawa Barat,18100.0
2025-12-15,Minyak Goreng,Jawa Barat,17900.0
2025-12-16,Minyak Goreng,Jawa Barat,17800.0
2025-12-17,Minyak Goreng,Jawa Barat,18200.0
2025-12-18,Minyak Goreng,Jawa Barat,17900.0
2025-12-19,Minyak Goreng,Jawa Barat,17900.0
2025-12-20,Minyak Goreng,Jawa Barat,18100.0
2025-12-21,Minyak Goreng,Jawa Barat,18000.0
2025-12-22,Minyak Goreng,Jawa Barat,18100.0
2025-12-23,Minyak Goreng,Jawa Barat,18500.0
2025-12-24,Minyak Goreng,Jawa Barat,18600.0
2025-12-25,Minyak Goreng,Jawa Barat,18500.0
2025-12-26,Minyak Goreng,Jawa Barat,17900.0
2025-12-27,Minyak Goreng,Jawa Barat,18000.0
2025-12-28,Minyak Goreng,Jawa Barat,18300.0
2025-12-29,Minyak Goreng,Jawa Barat,18400.0
2025-12-30,Minyak Goreng,Jawa Barat,18500.0
2025-12-31,Minyak Goreng,Jawa Barat,18400.0
2026-01-01,Minyak Goreng,Jawa Barat,18300.0
2026-01-02,Minyak Goreng,Jawa Barat,18700.0
2026-01-03,Minyak Goreng,Jawa Barat,18300.0
2026-01-04,Minyak Goreng,Jawa Barat,18500.0
2026-01-05,Minyak Goreng,Jawa Barat,18500.0
2026-01-06,Minyak Goreng,Jawa Barat,18700.0
2026-01-07,Minyak Goreng,Jawa Barat,18700.0
2026-01-08,Minyak Goreng,Jawa Barat,18500.0
2026-01-09,Minyak Goreng,Jawa Barat,18300.0
2026-01-10,Minyak Goreng,Jawa Barat,18500.0
2026-01-11,Minyak Goreng,Jawa Barat,18500.0
2026-01-12,Minyak Goreng,Jawa Barat,18800.0
2026-01-13,Minyak Goreng,Jawa Barat,18900.0
2026-01-14,Minyak Goreng,Jawa Barat,18700.0
2026-01-15,Minyak Goreng,Jawa Barat,18900.0
2026-01-16,Minyak Goreng,Jawa Barat,18700.0
2026-01-17,Minyak Goreng,Jawa Barat,18600.0
2026-01-18,Minyak Goreng,Jawa Barat,18900.0
2026-01-19,Minyak Goreng,Jawa Barat,19100.0
2026-01-20,Minyak Goreng,Jawa Barat,19000.0
2026-01-21,Minyak Goreng,Jawa Barat,19100.0
2026-01-22,Minyak Goreng,Jawa Barat,19000.0
2026-01-23,Minyak Goreng,Jawa Barat,18600.0
2026-01-24,Minyak Goreng,Jawa Barat,18500.0
2026-01-25,Minyak Goreng,Jawa Barat,18700.0
2026-01-26,Minyak Goreng,Jawa Barat,18700.0
2026-01-27,Minyak Goreng,Jawa Barat,19100.0
2026-01-28,Minyak Goreng,Jawa Barat,19100.0
2026-01-29,Minyak Goreng,Jawa Barat,18900.0
2026-01-30,Minyak Goreng,Jawa Barat,18800.0
2026-01-31,Minyak Goreng,Jawa Barat,19000.0
2026-02-01,Minyak Goreng,Jawa Barat,18800.0
2026-02-02,Minyak Goreng,Jawa Barat,19000.0
2026-02-03,Minyak Goreng,Jawa Barat,19200.0
2026-02-04,Minyak Goreng,Jawa Barat,19300.0
2026-02-05,Minyak Goreng,Jawa Barat,19000.0
2026-02-06,Minyak Goreng,Jawa Barat,19000.0
2026-02-07,Minyak Goreng,Jawa Barat,18600.0
2026-02-08,Minyak Goreng,Jawa Barat,18700.0
2026-02-09,Minyak Goreng,Jawa Barat,18900.0
2026-02-10,Minyak Goreng,Jawa Barat,19300.0
2026-02-11,Minyak Goreng,Jawa Barat,19300.0
2026-02-12,Minyak Goreng,Jawa Barat,19200.0
2026-02-13,Minyak Goreng,Jawa Barat,19200.0
2026-02-14,Minyak Goreng,Jawa Barat,19000.0
2026-02-15,Minyak Goreng,Jawa Barat,18900.0
2026-02-16,Minyak Goreng,Jawa Barat,19000.0
2026-02-17,Minyak Goreng,Jawa Barat,19200.0
2026-02-18,Minyak Goreng,Jawa Barat,19100.0
2026-02-19,Minyak Goreng,Jawa Barat,19300.0
2026-02-20,Minyak Goreng,Jawa Barat,19000.0
2026-02-21,Minyak Goreng,Jawa Barat,18900.0
2026-02-22,Minyak Goreng,Jawa Barat,19000.0
2026-02-23,Minyak Goreng,Jawa Barat,19400.0
2026-02-24,Minyak Goreng,Jawa Barat,19500.0
2026-02-25,Minyak Goreng,Jawa Barat,19400.0
2026-02-26,Minyak Goreng,Jawa Barat,19600.0
2026-02-27,Minyak Goreng,Jawa Barat,18800.0
2026-02-28,Minyak Goreng,Jawa Barat,19400.0
2026-03-01,Minyak Goreng,Jawa Barat,19200.0
2026-03-02,Minyak Goreng,Jawa Barat,19300.0
2026-03-03,Minyak Goreng,Jawa Barat,19300.0
2026-03-04,Minyak Goreng,Jawa Barat,19400.0
2026-03-05,Minyak Goreng,Jawa Barat,19500.0
2026-03-06,Minyak Goreng,Jawa Barat,19400.0
2026-03-07,Minyak Goreng,Jawa Barat,19500.0
2026-03-08,Minyak Goreng,Jawa Barat,19500.0
2026-03-09,Minyak Goreng,Jawa Barat,19800.0
2026-03-10,Minyak Goreng,Jawa Barat,20300.0
2026-03-11,Minyak Goreng,Jawa Barat,20700.0
2026-03-12,Minyak Goreng,Jawa Barat,20700.0
2026-03-13,Minyak Goreng,Jawa Barat,20900.0
2026-03-14,Minyak Goreng,Jawa Barat,20800.0
2026-03-15,Minyak Goreng,Jawa Barat,21000.0
2026-03-16,Minyak Goreng,Jawa Barat,21500.0
2026-03-17,Minyak Goreng,Jawa Barat,22000.0
2026-03-18,Minyak Goreng,Jawa Barat,21800.0
2026-03-19,Minyak Goreng,Jawa Barat,22000.0
2026-03-20,Minyak Goreng,Jawa Barat,22100.0
2026-03-21,Minyak Goreng,Jawa Barat,19700.0
2026-03-22,Minyak Goreng,Jawa Barat,19200.0
2026-03-23,Minyak Goreng,Jawa Barat,19400.0
2026-03-24,Minyak Goreng,Jawa Barat,19700.0
2026-03-25,Minyak Goreng,Jawa Barat,19800.0
2026-03-26,Minyak Goreng,Jawa Barat,19600.0
2026-03-27,Minyak Goreng,Jawa Barat,19600.0
2026-03-28,Minyak Goreng,Jawa Barat,19100.0
2026-03-29,Minyak Goreng,Jawa Barat,19200.0
2026-03-30,Minyak Goreng,Jawa Barat,19600.0
2026-03-31,Minyak Goreng,Jawa Barat,19500.0
2026-04-01,Minyak Goreng,Jawa Barat,19400.0
2026-04-02,Minyak Goreng,Jawa Barat,19300.0
2026-04-03,Minyak Goreng,Jawa Barat,19200.0
2026-04-04,Minyak Goreng,Jawa Barat,19300.0
2026-04-05,Minyak Goreng,Jawa Barat,19400.0
2026-04-06,Minyak Goreng,Jawa Barat,19400.0
2026-04-07,Minyak Goreng,Jawa Barat,19700.0
2026-04-08,Minyak Goreng,Jawa Barat,19600.0
2026-04-09,Minyak Goreng,Jawa Barat,19800.0
2026-04-10,Minyak Goreng,Jawa Barat,19900.0
2026-04-11,Minyak Goreng,Jawa Barat,19200.0
2026-04-12,Minyak Goreng,Jawa Barat,19400.0
2026-04-13,Minyak Goreng,Jawa Barat,19500.0
2026-04-14,Minyak Goreng,Jawa Barat,19700.0
2026-04-15,Minyak Goreng,Jawa Barat,19800.0
2026-04-16,Minyak Goreng,Jawa Barat,19700.0
2026-04-17,Minyak Goreng,Jawa Barat,19400.0
2026-04-18,Minyak Goreng,Jawa Barat,19500.0
2026-04-19,Minyak Goreng,Jawa Barat,19400.0
2026-04-20,Minyak Goreng,Jawa Barat,19400.0
2026-04-21,Minyak Goreng,Jawa Barat,20100.0
2026-04-22,Minyak Goreng,Jawa Barat,19700.0
2026-04-23,Minyak Goreng,Jawa Barat,19600.0
2026-04-24,Minyak Goreng,Jawa Barat,19400.0
2026-04-25,Minyak Goreng,Jawa Barat,19300.0
2026-04-26,Minyak Goreng,Jawa Barat,19400.0
2026-04-27,Minyak Goreng,Jawa Barat,19300.0
2026-04-28,Minyak Goreng,Jawa Barat,19700.0
2026-04-29,Minyak Goreng,Jawa Barat,19400.0
2026-04-30,Minyak Goreng,Jawa Barat,19300.0
2026-05-01,Minyak Goreng,Jawa Barat,19700.0
2026-05-02,Minyak Goreng,Jawa Barat,19100.0
2026-05-03,Minyak Goreng,Jawa Barat,19000.0
2026-05-04,Minyak Goreng,Jawa Barat,19300.0
2026-05-05,Minyak Goreng,Jawa Barat,19900.0
2026-05-06,Minyak Goreng,Jawa Barat,19300.0
2026-05-07,Minyak Goreng,Jawa Barat,19400.0
2026-05-08,Minyak Goreng,Jawa Barat,19000.0
2026-05-09,Minyak Goreng,Jawa Barat,19100.0
2026-05-10,Minyak Goreng,Jawa Barat,19100.0
2026-05-11,Minyak Goreng,Jawa Barat,19300.0
2026-05-12,Minyak Goreng,Jawa Barat,19800.0
2026-05-13,Minyak Goreng,Jawa Barat,19300.0
2026-05-14,Minyak Goreng,Jawa Barat,19400.0
2026-05-15,Minyak Goreng,Jawa Barat,19300.0
2026-05-16,Minyak Goreng,Jawa Barat,19000.0
2026-05-17,Minyak Goreng,Jawa Barat,19200.0
2026-05-18,Minyak Goreng,Jawa Barat,19200.0
2026-05-19,Minyak Goreng,Jawa Barat,19500.0
2026-05-20,Minyak Goreng,Jawa Barat,19400.0
2026-05-21,Minyak Goreng,Jawa Barat,19000.0
2026-05-22,Minyak Goreng,Jawa Barat,19300.0
2026-05-23,Minyak Goreng,Jawa Barat,19400.0
2026-05-24,Minyak Goreng,Jawa Barat,19000.0
2026-05-25,Minyak Goreng,Jawa Barat,19000.0
2026-05-26,Minyak Goreng,Jawa Barat,19600.0
2026-05-27,Minyak Goreng,Jawa Barat,19700.0
2026-05-28,Minyak Goreng,Jawa Barat,19300.0
2026-05-29,Minyak Goreng,Jawa Barat,19100.0
2026-05-30,Minyak Goreng,Jawa Barat,19000.0
2026-05-31,Minyak Goreng,Jawa Barat,18700.0
2026-06-01,Minyak Goreng,Jawa Barat,19100.0
2026-06-02,Minyak Goreng,Jawa Barat,19600.0
2026-06-03,Minyak Goreng,Jawa Barat,19300.0
2026-06-04,Minyak Goreng,Jawa Barat,19000.0
2026-06-05,Minyak Goreng,Jawa Barat,19100.0
2026-06-06,Minyak Goreng,Jawa Barat,18800.0
2026-06-07,Minyak Goreng,Jawa Barat,18900.0
2026-06-08,Minyak Goreng,Jawa Barat,18800.0
2026-06-09,Minyak Goreng,Jawa Barat,19000.0
2026-06-10,Minyak Goreng,Jawa Barat,19300.0
2026-06-11,Minyak Goreng,Jawa Barat,19100.0
2026-06-12,Minyak Goreng,Jawa Barat,18800.0
2026-06-13,Minyak Goreng,Jawa Barat,18800.0
2026-06-14,Minyak Goreng,Jawa Barat,18700.0
2026-06-15,Minyak Goreng,Jawa Barat,18900.0
2026-06-16,Minyak Goreng,Jawa Barat,19400.0
2026-06-17,Minyak Goreng,Jawa Barat,19300.0
2026-06-18,Minyak Goreng,Jawa Barat,19000.0
2026-06-19,Minyak Goreng,Jawa Barat,18900.0
2026-06-20,Minyak Goreng,Jawa Barat,18800.0
2026-06-21,Minyak Goreng,Jawa Barat,18900.0
2026-06-22,Minyak Goreng,Jawa Barat,18800.0
2026-06-23,Minyak Goreng,Jawa Barat,19200.0
2026-06-24,Minyak Goreng,Jawa Barat,19100.0
2026-06-25,Minyak Goreng,Jawa Barat,18900.0
2026-06-26,Minyak Goreng,Jawa Barat,18700.0
2026-06-27,Minyak Goreng,Jawa Barat,18800.0
2026-06-28,Minyak Goreng,Jawa Barat,18600.0
2026-06-29,Minyak Goreng,Jawa Barat,18600.0
2026-06-30,Minyak Goreng,Jawa Barat,18900.0
2026-07-01,Minyak Goreng,Jawa Barat,19100.0
2026-07-02,Minyak Goreng,Jawa Barat,18600.0
2026-07-03,Minyak Goreng,Jawa Barat,18600.0
2026-07-04,Minyak Goreng,Jawa Barat,18700.0
2026-07-05,Minyak Goreng,Jawa Barat,18600.0
2026-07-06,Minyak Goreng,Jawa Barat,18800.0
2026-07-07,Minyak Goreng,Jawa Barat,19000.0
2026-07-08,Minyak Goreng,Jawa Barat,19000.0
2026-07-09,Minyak Goreng,Jawa Barat,18700.0
2026-07-10,Minyak Goreng,Jawa Barat,18500.0
2026-07-11,Minyak Goreng,Jawa Barat,18600.0
2026-07-12,Minyak Goreng,Jawa Barat,18700.0
2026-07-13,Minyak Goreng,Jawa Barat,18600.0
2026-07-14,Minyak Goreng,Jawa Barat,18800.0
2026-07-15,Minyak Goreng,Jawa Barat,18800.0
2026-07-16,Minyak Goreng,Jawa Barat,18900.0
2026-07-17,Minyak Goreng,Jawa Barat,18700.0
2026-07-18,Minyak Goreng,Jawa Barat,18500.0
2026-07-19,Minyak Goreng,Jawa Barat,18200.0
2026-07-20,Minyak Goreng,Jawa Barat,18500.0
2026-07-21,Minyak Goreng,Jawa Barat,18600.0
2026-07-22,Minyak Goreng,Jawa Barat,18900.0
2026-07-23,Minyak Goreng,Jawa Barat,18500.0
2026-07-24,Minyak Goreng,Jawa Barat,18500.0
2026-07-25,Minyak Goreng,Jawa Barat,18100.0
2026-07-26,Minyak Goreng,Jawa Barat,18100.0
2026-07-27,Minyak Goreng,Jawa Barat,18500.0
2026-07-28,Minyak Goreng,Jawa Barat,18700.0
2026-07-29,Minyak Goreng,Jawa Barat,18500.0
2026-07-30,Minyak Goreng,Jawa Barat,18000.0
2026-07-31,Minyak Goreng,Jawa Barat,18000.0
2026-08-01,Minyak Goreng,Jawa Barat,18200.0
2026-08-02,Minyak Goreng,Jawa Barat,18000.0
2026-08-03,Minyak Goreng,Jawa Barat,18200.0
2026-08-04,Minyak Goreng,Jawa Barat,18500.0
2026-08-05,Minyak Goreng,Jawa Barat,18100.0
2026-08-06,Minyak Goreng,Jawa Barat,18400.0
2026-08-07,Minyak Goreng,Jawa Barat,18100.0
2026-08-08,Minyak Goreng,Jawa Barat,17900.0
2026-08-09,Minyak Goreng,Jawa Barat,18000.0
2026-08-10,Minyak Goreng,Jawa Barat,18100.0
2026-08-11,Minyak Goreng,Jawa Barat,18500.0
2026-08-12,Minyak Goreng,Jawa Barat,18700.0
2026-08-13,Minyak Goreng,Jawa Barat,18300.0
2026-08-14,Minyak Goreng,Jawa Barat,18100.0
2026-08-15,Minyak Goreng,Jawa Barat,18000.0
2026-08-16,Minyak Goreng,Jawa Barat,17900.0
2026-08-17,Minyak Goreng,Jawa Barat,18000.0
2026-08-18,Minyak Goreng,Jawa Barat,18100.0
2026-08-19,Minyak Goreng,Jawa Barat,18100.0
2026-08-20,Minyak Goreng,Jawa Barat,18500.0
2026-08-21,Minyak Goreng,Jawa Barat,18000.0
2026-08-22,Minyak Goreng,Jawa Barat,17500.0
2026-08-23,Minyak Goreng,Jawa Barat,17900.0
2026-08-24,Minyak Goreng,Jawa Barat,17800.0
2026-08-25,Minyak Goreng,Jawa Barat,18200.0
2026-08-26,Minyak Goreng,Jawa Barat,18200.0
2026-08-27,Minyak Goreng,Jawa Barat,18100.0
2026-08-28,Minyak Goreng,Jawa Barat,17900.0
2026-08-29,Minyak Goreng,Jawa Barat,17800.0
2026-08-30,Minyak Goreng,Jawa Barat,17600.0
2026-08-31,Minyak Goreng,Jawa Barat,18000.0
2026-09-01,Minyak Goreng,Jawa Barat,18200.0
2026-09-02,Minyak Goreng,Jawa Barat,18400.0
2026-09-03,Minyak Goreng,Jawa Barat,18000.0
2026-09-04,Minyak Goreng,Jawa Barat,17900.0
2026-09-05,Minyak Goreng,Jawa Barat,17900.0
2026-09-06,Minyak Goreng,Jawa Barat,18100.0
2026-09-07,Minyak Goreng,Jawa Barat,17900.0
2026-09-08,Minyak Goreng,Jawa Barat,18200.0
2026-09-09,Minyak Goreng,Jawa Barat,18000.0
2026-09-10,Minyak Goreng,Jawa Barat,18100.0
2026-09-11,Minyak Goreng,Jawa Barat,18100.0
2026-09-12,Minyak Goreng,Jawa Barat,17600.0
2026-09-13,Minyak Goreng,Jawa Barat,17800.0
2026-09-14,Minyak Goreng,Jawa Barat,18100.0
2026-09-15,Minyak Goreng,Jawa Barat,18200.0
2026-09-16,Minyak Goreng,Jawa Barat,18300.0
2026-09-17,Minyak Goreng,Jawa Barat,18200.0
2026-09-18,Minyak Goreng,Jawa Barat,17800.0
2026-09-19,Minyak Goreng,Jawa Barat,18100.0
2026-09-20,Minyak Goreng,Jawa Barat,17800.0
2026-09-21,Minyak Goreng,Jawa Barat,17400.0
2026-09-22,Minyak Goreng,Jawa Barat,18000.0
2026-09-23,Minyak Goreng,Jawa Barat,17900.0
2026-09-24,Minyak Goreng,Jawa Barat,18100.0
2026-09-25,Minyak Goreng,Jawa Barat,17700.0
2026-09-26,Minyak Goreng,Jawa Barat,17900.0
2026-09-27,Minyak Goreng,Jawa Barat,17800.0
2026-09-28,Minyak Goreng,Jawa Barat,17700.0
2026-09-29,Minyak Goreng,Jawa Barat,18000.0
2026-09-30,Minyak Goreng,Jawa Barat,18000.0
2024-01-01,Minyak Goreng,Jawa Timur,17000.0
2024-01-02,Minyak Goreng,Jawa Timur,17500.0
2024-01-03,Minyak Goreng,Jawa Timur,17300.0
2024-01-04,Minyak Goreng,Jawa Timur,17100.0
2024-01-05,Minyak Goreng,Jawa Timur,17000.0
2024-01-06,Minyak Goreng,Jawa Timur,16800.0
2024-01-07,Minyak Goreng,Jawa Timur,17200.0
2024-01-08,Minyak Goreng,Jawa Timur,17000.0
2024-01-09,Minyak Goreng,Jawa Timur,17600.0
2024-01-10,Minyak Goreng,Jawa Timur,17300.0
2024-01-11,Minyak Goreng,Jawa Timur,17500.0
2024-01-12,Minyak Goreng,Jawa Timur,17200.0
2024-01-13,Minyak Goreng,Jawa Timur,17200.0
2024-01-14,Minyak Goreng,Jawa Timur,17100.0
2024-01-15,Minyak Goreng,Jawa Timur,17400.0
2024-01-16,Minyak Goreng,Jawa Timur,17500.0
2024-01-17,Minyak Goreng,Jawa Timur,17300.0
2024-01-18,Minyak Goreng,Jawa Timur,17300.0
2024-01-19,Minyak Goreng,Jawa Timur,17200.0
2024-01-20,Minyak Goreng,Jawa Timur,17100.0
2024-01-21,Minyak Goreng,Jawa Timur,17400.0
2024-01-22,Minyak Goreng,Jawa Timur,17400.0
2024-01-23,Minyak Goreng,Jawa Timur,17400.0
2024-01-24,Minyak Goreng,Jawa Timur,17500.0
2024-01-25,Minyak Goreng,Jawa Timur,17400.0
2024-01-26,Minyak Goreng,Jawa Timur,17400.0
2024-01-27,Minyak Goreng,Jawa Timur,17200.0
2024-01-28,Minyak Goreng,Jawa Timur,17200.0
2024-01-29,Minyak Goreng,Jawa Timur,17600.0
2024-01-30,Minyak Goreng,Jawa Timur,17700.0
2024-01-31,Minyak Goreng,Jawa Timur,17700.0
2024-02-01,Minyak Goreng,Jawa Timur,17600.0
2024-02-02,Minyak Goreng,Jawa Timur,17500.0
2024-02-03,Minyak Goreng,Jawa Timur,17400.0
2024-02-04,Minyak Goreng,Jawa Timur,17600.0
2024-02-05,Minyak Goreng,Jawa Timur,17700.0
2024-02-06,Minyak Goreng,Jawa Timur,17600.0
2024-02-07,Minyak Goreng,Jawa Timur,17900.0
2024-02-08,Minyak Goreng,Jawa Timur,17500.0
2024-02-09,Minyak Goreng,Jawa Timur,17700.0
2024-02-10,Minyak Goreng,Jawa Timur,17600.0
2024-02-11,Minyak Goreng,Jawa Timur,17500.0
2024-02-12,Minyak Goreng,Jawa Timur,17700.0
2024-02-13,Minyak Goreng,Jawa Timur,17600.0
2024-02-14,Minyak Goreng,Jawa Timur,18100.0
2024-02-15,Minyak Goreng,Jawa Timur,18000.0
2024-02-16,Minyak Goreng,Jawa Timur,17900.0
2024-02-17,Minyak Goreng,Jawa Timur,17800.0
2024-02-18,Minyak Goreng,Jawa Timur,17500.0
2024-02-19,Minyak Goreng,Jawa Timur,18000.0
2024-02-20,Minyak Goreng,Jawa Timur,18300.0
2024-02-21,Minyak Goreng,Jawa Timur,17800.0
2024-02-22,Minyak Goreng,Jawa Timur,18000.0
2024-02-23,Minyak Goreng,Jawa Timur,17800.0
2024-02-24,Minyak Goreng,Jawa Timur,17900.0
2024-02-25,Minyak Goreng,Jawa Timur,17400.0
2024-02-26,Minyak Goreng,Jawa Timur,18200.0
2024-02-27,Minyak Goreng,Jawa Timur,18100.0
2024-02-28,Minyak Goreng,Jawa Timur,18300.0
2024-02-29,Minyak Goreng,Jawa Timur,18100.0
2024-03-01,Minyak Goreng,Jawa Timur,18100.0
2024-03-02,Minyak Goreng,Jawa Timur,17500.0
2024-03-03,Minyak Goreng,Jawa Timur,17800.0
2024-03-04,Minyak Goreng,Jawa Timur,18200.0
2024-03-05,Minyak Goreng,Jawa Timur,18300.0
2024-03-06,Minyak Goreng,Jawa Timur,18000.0
2024-03-07,Minyak Goreng,Jawa Timur,18200.0
2024-03-08,Minyak Goreng,Jawa Timur,18000.0
2024-03-09,Minyak Goreng,Jawa Timur,17900.0
2024-03-10,Minyak Goreng,Jawa Timur,17800.0
2024-03-11,Minyak Goreng,Jawa Timur,18400.0
2024-03-12,Minyak Goreng,Jawa Timur,18600.0
2024-03-13,Minyak Goreng,Jawa Timur,18800.0
2024-03-14,Minyak Goreng,Jawa Timur,18100.0
2024-03-15,Minyak Goreng,Jawa Timur,18400.0
2024-03-16,Minyak Goreng,Jawa Timur,18300.0
2024-03-17,Minyak Goreng,Jawa Timur,18100.0
2024-03-18,Minyak Goreng,Jawa Timur,18200.0
2024-03-19,Minyak Goreng,Jawa Timur,18200.0
2024-03-20,Minyak Goreng,Jawa Timur,18400.0
2024-03-21,Minyak Goreng,Jawa Timur,18400.0
2024-03-22,Minyak Goreng,Jawa Timur,18400.0
2024-03-23,Minyak Goreng,Jawa Timur,18300.0
2024-03-24,Minyak Goreng,Jawa Timur,17900.0
2024-03-25,Minyak Goreng,Jawa Timur,18100.0
2024-03-26,Minyak Goreng,Jawa Timur,18600.0
2024-03-27,Minyak Goreng,Jawa Timur,18300.0
2024-03-28,Minyak Goreng,Jawa Timur,18500.0
2024-03-29,Minyak Goreng,Jawa Timur,18300.0
2024-03-30,Minyak Goreng,Jawa Timur,18800.0
2024-03-31,Minyak Goreng,Jawa Timur,18600.0
2024-04-01,Minyak Goreng,Jawa Timur,18900.0
2024-04-02,Minyak Goreng,Jawa Timur,19700.0
2024-04-03,Minyak Goreng,Jawa Timur,20100.0
2024-04-04,Minyak Goreng,Jawa Timur,19900.0
2024-04-05,Minyak Goreng,Jawa Timur,20000.0
2024-04-06,Minyak Goreng,Jawa Timur,20200.0
2024-04-07,Minyak Goreng,Jawa Timur,20300.0
2024-04-08,Minyak Goreng,Jawa Timur,20500.0
2024-04-09,Minyak Goreng,Jawa Timur,20900.0
2024-04-10,Minyak Goreng,Jawa Timur,20900.0
2024-04-11,Minyak Goreng,Jawa Timur,18400.0
2024-04-12,Minyak Goreng,Jawa Timur,18100.0
2024-04-13,Minyak Goreng,Jawa Timur,18000.0
2024-04-14,Minyak Goreng,Jawa Timur,17900.0
2024-04-15,Minyak Goreng,Jawa Timur,18100.0
2024-04-16,Minyak Goreng,Jawa Timur,18400.0
2024-04-17,Minyak Goreng,Jawa Timur,18600.0
2024-04-18,Minyak Goreng,Jawa Timur,18300.0
2024-04-19,Minyak Goreng,Jawa Timur,18100.0
2024-04-20,Minyak Goreng,Jawa Timur,18000.0
2024-04-21,Minyak Goreng,Jawa Timur,18300.0
2024-04-22,Minyak Goreng,Jawa Timur,18200.0
2024-04-23,Minyak Goreng,Jawa Timur,18500.0
2024-04-24,Minyak Goreng,Jawa Timur,18500.0
2024-04-25,Minyak Goreng,Jawa Timur,18200.0
2024-04-26,Minyak Goreng,Jawa Timur,17900.0
2024-04-27,Minyak Goreng,Jawa Timur,17800.0
2024-04-28,Minyak Goreng,Jawa Timur,18200.0
2024-04-29,Minyak Goreng,Jawa Timur,18100.0
2024-04-30,Minyak Goreng,Jawa Timur,18300.0
2024-05-01,Minyak Goreng,Jawa Timur,18200.0
2024-05-02,Minyak Goreng,Jawa Timur,18100.0
2024-05-03,Minyak Goreng,Jawa Timur,18000.0
2024-05-04,Minyak Goreng,Jawa Timur,18300.0
2024-05-05,Minyak Goreng,Jawa Timur,18200.0
2024-05-06,Minyak Goreng,Jawa Timur,18100.0
2024-05-07,Minyak Goreng,Jawa Timur,18500.0
2024-05-08,Minyak Goreng,Jawa Timur,18300.0
2024-05-09,Minyak Goreng,Jawa Timur,18400.0
2024-05-10,Minyak Goreng,Jawa Timur,18400.0
2024-05-11,Minyak Goreng,Jawa Timur,18100.0
2024-05-12,Minyak Goreng,Jawa Timur,18000.0
2024-05-13,Minyak Goreng,Jawa Timur,18200.0
2024-05-14,Minyak Goreng,Jawa Timur,18300.0
2024-05-15,Minyak Goreng,Jawa Timur,18000.0
2024-05-16,Minyak Goreng,Jawa Timur,18100.0
2024-05-17,Minyak Goreng,Jawa Timur,17900.0
2024-05-18,Minyak Goreng,Jawa Timur,17800.0
2024-05-19,Minyak Goreng,Jawa Timur,18300.0
2024-05-20,Minyak Goreng,Jawa Timur,18400.0
2024-05-21,Minyak Goreng,Jawa Timur,18400.0
2024-05-22,Minyak Goreng,Jawa Timur,18500.0
2024-05-23,Minyak Goreng,Jawa Timur,17900.0
2024-05-24,Minyak Goreng,Jawa Timur,18200.0
2024-05-25,Minyak Goreng,Jawa Timur,18100.0
2024-05-26,Minyak Goreng,Jawa Timur,17600.0
2024-05-27,Minyak Goreng,Jawa Timur,18200.0
2024-05-28,Minyak Goreng,Jawa Timur,18000.0
2024-05-29,Minyak Goreng,Jawa Timur,18000.0
2024-05-30,Minyak Goreng,Jawa Timur,18400.0
2024-05-31,Minyak Goreng,Jawa Timur,17900.0
2024-06-01,Minyak Goreng,Jawa Timur,17800.0
2024-06-02,Minyak Goreng,Jawa Timur,18100.0
2024-06-03,Minyak Goreng,Jawa Timur,18000.0
2024-06-04,Minyak Goreng,Jawa Timur,18400.0
2024-06-05,Minyak Goreng,Jawa Timur,18600.0
2024-06-06,Minyak Goreng,Jawa Timur,18700.0
2024-06-07,Minyak Goreng,Jawa Timur,18700.0
2024-06-08,Minyak Goreng,Jawa Timur,18800.0
2024-06-09,Minyak Goreng,Jawa Timur,18900.0
2024-06-10,Minyak Goreng,Jawa Timur,19400.0
2024-06-11,Minyak Goreng,Jawa Timur,19700.0
2024-06-12,Minyak Goreng,Jawa Timur,20100.0
2024-06-13,Minyak Goreng,Jawa Timur,19800.0
2024-06-14,Minyak Goreng,Jawa Timur,19800.0
2024-06-15,Minyak Goreng,Jawa Timur,20000.0
2024-06-16,Minyak Goreng,Jawa Timur,20300.0
2024-06-17,Minyak Goreng,Jawa Timur,20300.0
2024-06-18,Minyak Goreng,Jawa Timur,18000.0
2024-06-19,Minyak Goreng,Jawa Timur,17600.0
2024-06-20,Minyak Goreng,Jawa Timur,17900.0
2024-06-21,Minyak Goreng,Jawa Timur,17900.0
2024-06-22,Minyak Goreng,Jawa Timur,17500.0
2024-06-23,Minyak Goreng,Jawa Timur,17600.0
2024-06-24,Minyak Goreng,Jawa Timur,17600.0
2024-06-25,Minyak Goreng,Jawa Timur,17800.0
2024-06-26,Minyak Goreng,Jawa Timur,18100.0
2024-06-27,Minyak Goreng,Jawa Timur,17700.0
2024-06-28,Minyak Goreng,Jawa Timur,17700.0
2024-06-29,Minyak Goreng,Jawa Timur,17600.0
2024-06-30,Minyak Goreng,Jawa Timur,17400.0
2024-07-01,Minyak Goreng,Jawa Timur,17700.0
2024-07-02,Minyak Goreng,Jawa Timur,17700.0
2024-07-03,Minyak Goreng,Jawa Timur,17900.0
2024-07-04,Minyak Goreng,Jawa Timur,17500.0
2024-07-05,Minyak Goreng,Jawa Timur,17400.0
2024-07-06,Minyak Goreng,Jawa Timur,17300.0
2024-07-07,Minyak Goreng,Jawa Timur,17600.0
2024-07-08,Minyak Goreng,Jawa Timur,17600.0
2024-07-09,Minyak Goreng,Jawa Timur,17900.0
2024-07-10,Minyak Goreng,Jawa Timur,17900.0
2024-07-11,Minyak Goreng,Jawa Timur,17800.0
2024-07-12,Minyak Goreng,Jawa Timur,17400.0
2024-07-13,Minyak Goreng,Jawa Timur,17600.0
2024-07-14,Minyak Goreng,Jawa Timur,17400.0
2024-07-15,Minyak Goreng,Jawa Timur,17300.0
2024-07-16,Minyak Goreng,Jawa Timur,17700.0
2024-07-17,Minyak Goreng,Jawa Timur,17800.0
2024-07-18,Minyak Goreng,Jawa Timur,17400.0
2024-07-19,Minyak Goreng,Jawa Timur,17300.0
2024-07-20,Minyak Goreng,Jawa Timur,17200.0
2024-07-21,Minyak Goreng,Jawa Timur,17500.0
2024-07-22,Minyak Goreng,Jawa Timur,17700.0
2024-07-23,Minyak Goreng,Jawa Timur,17500.0
2024-07-24,Minyak Goreng,Jawa Timur,17700.0
2024-07-25,Minyak Goreng,Jawa Timur,17600.0
2024-07-26,Minyak Goreng,Jawa Timur,17600.0
2024-07-27,Minyak Goreng,Jawa Timur,17200.0
2024-07-28,Minyak Goreng,Jawa Timur,17200.0
2024-07-29,Minyak Goreng,Jawa Timur,17300.0
2024-07-30,Minyak Goreng,Jawa Timur,17500.0
2024-07-31,Minyak Goreng,Jawa Timur,17900.0
2024-08-01,Minyak Goreng,Jawa Timur,17400.0
2024-08-02,Minyak Goreng,Jawa Timur,17100.0
2024-08-03,Minyak Goreng,Jawa Timur,17000.0
2024-08-04,Minyak Goreng,Jawa Timur,17400.0
2024-08-05,Minyak Goreng,Jawa Timur,17200.0
2024-08-06,Minyak Goreng,Jawa Timur,17500.0
2024-08-07,Minyak Goreng,Jawa Timur,17400.0
2024-08-08,Minyak Goreng,Jawa Timur,17200.0
2024-08-09,Minyak Goreng,Jawa Timur,17300.0
2024-08-10,Minyak Goreng,Jawa Timur,17000.0
2024-08-11,Minyak Goreng,Jawa Timur,17300.0
2024-08-12,Minyak Goreng,Jawa Timur,17400.0
2024-08-13,Minyak Goreng,Jawa Timur,17500.0
2024-08-14,Minyak Goreng,Jawa Timur,17400.0
2024-08-15,Minyak Goreng,Jawa Timur,17400.0
2024-08-16,Minyak Goreng,Jawa Timur,17000.0
2024-08-17,Minyak Goreng,Jawa Timur,16700.0
2024-08-18,Minyak Goreng,Jawa Timur,17200.0
2024-08-19,Minyak Goreng,Jawa Timur,17200.0
2024-08-20,Minyak Goreng,Jawa Timur,17200.0
2024-08-21,Minyak Goreng,Jawa Timur,17100.0
2024-08-22,Minyak Goreng,Jawa Timur,16900.0
2024-08-23,Minyak Goreng,Jawa Timur,17000.0
2024-08-24,Minyak Goreng,Jawa Timur,17200.0
2024-08-25,Minyak Goreng,Jawa Timur,16900.0
2024-08-26,Minyak Goreng,Jawa Timur,17000.0
2024-08-27,Minyak Goreng,Jawa Timur,17200.0
2024-08-28,Minyak Goreng,Jawa Timur,17500.0
2024-08-29,Minyak Goreng,Jawa Timur,17200.0
2024-08-30,Minyak Goreng,Jawa Timur,16900.0
2024-08-31,Minyak Goreng,Jawa Timur,16900.0
2024-09-01,Minyak Goreng,Jawa Timur,17000.0
2024-09-02,Minyak Goreng,Jawa Timur,16900.0
2024-09-03,Minyak Goreng,Jawa Timur,17300.0
2024-09-04,Minyak Goreng,Jawa Timur,17100.0
2024-09-05,Minyak Goreng,Jawa Timur,16900.0
2024-09-06,Minyak Goreng,Jawa Timur,17000.0
2024-09-07,Minyak Goreng,Jawa Timur,16900.0
2024-09-08,Minyak Goreng,Jawa Timur,16900.0
2024-09-09,Minyak Goreng,Jawa Timur,16900.0
2024-09-10,Minyak Goreng,Jawa Timur,17100.0
2024-09-11,Minyak Goreng,Jawa Timur,17400.0
2024-09-12,Minyak Goreng,Jawa Timur,17100.0
2024-09-13,Minyak Goreng,Jawa Timur,16800.0
2024-09-14,Minyak Goreng,Jawa Timur,16500.0
2024-09-15,Minyak Goreng,Jawa Timur,16700.0
2024-09-16,Minyak Goreng,Jawa Timur,17000.0
2024-09-17,Minyak Goreng,Jawa Timur,17000.0
2024-09-18,Minyak Goreng,Jawa Timur,17000.0
2024-09-19,Minyak Goreng,Jawa Timur,17000.0
2024-09-20,Minyak Goreng,Jawa Timur,16900.0
2024-09-21,Minyak Goreng,Jawa Timur,17000.0
2024-09-22,Minyak Goreng,Jawa Timur,16900.0
2024-09-23,Minyak Goreng,Jawa Timur,17000.0
2024-09-24,Minyak Goreng,Jawa Timur,17200.0
2024-09-25,Minyak Goreng,Jawa Timur,17200.0
2024-09-26,Minyak Goreng,Jawa Timur,17300.0
2024-09-27,Minyak Goreng,Jawa Timur,17100.0
2024-09-28,Minyak Goreng,Jawa Timur,17100.0
2024-09-29,Minyak Goreng,Jawa Timur,17000.0
2024-09-30,Minyak Goreng,Jawa Timur,17000.0
2024-10-01,Minyak Goreng,Jawa Timur,17100.0
2024-10-02,Minyak Goreng,Jawa Timur,17400.0
2024-10-03,Minyak Goreng,Jawa Timur,17000.0
2024-10-04,Minyak Goreng,Jawa Timur,17100.0
2024-10-05,Minyak Goreng,Jawa Timur,16800.0
2024-10-06,Minyak Goreng,Jawa Timur,17000.0
2024-10-07,Minyak Goreng,Jawa Timur,17000.0
2024-10-08,Minyak Goreng,Jawa Timur,17400.0
2024-10-09,Minyak Goreng,Jawa Timur,17100.0
2024-10-10,Minyak Goreng,Jawa Timur,17200.0
2024-10-11,Minyak Goreng,Jawa Timur,17000.0
2024-10-12,Minyak Goreng,Jawa Timur,16900.0
2024-10-13,Minyak Goreng,Jawa Timur,16900.0
2024-10-14,Minyak Goreng,Jawa Timur,17000.0
2024-10-15,Minyak Goreng,Jawa Timur,17200.0
2024-10-16,Minyak Goreng,Jawa Timur,17000.0
2024-10-17,Minyak Goreng,Jawa Timur,16900.0
2024-10-18,Minyak Goreng,Jawa Timur,16900.0
2024-10-19,Minyak Goreng,Jawa Timur,16800.0
2024-10-20,Minyak Goreng,Jawa Timur,16700.0
2024-10-21,Minyak Goreng,Jawa Timur,17100.0
2024-10-22,Minyak Goreng,Jawa Timur,17100.0
2024-10-23,Minyak Goreng,Jawa Timur,17100.0
2024-10-24,Minyak Goreng,Jawa Timur,16900.0
2024-10-25,Minyak Goreng,Jawa Timur,17300.0
2024-10-26,Minyak Goreng,Jawa Timur,17200.0
2024-10-27,Minyak Goreng,Jawa Timur,16800.0
2024-10-28,Minyak Goreng,Jawa Timur,17200.0
2024-10-29,Minyak Goreng,Jawa Timur,17200.0
2024-10-30,Minyak Goreng,Jawa Timur,17500.0
2024-10-31,Minyak Goreng,Jawa Timur,17200.0
2024-11-01,Minyak Goreng,Jawa Timur,17000.0
2024-11-02,Minyak Goreng,Jawa Timur,16500.0
2024-11-03,Minyak Goreng,Jawa Timur,16800.0
2024-11-04,Minyak Goreng,Jawa Timur,17100.0
2024-11-05,Minyak Goreng,Jawa Timur,17300.0
2024-11-06,Minyak Goreng,Jawa Timur,17100.0
2024-11-07,Minyak Goreng,Jawa Timur,17100.0
2024-11-08,Minyak Goreng,Jawa Timur,17200.0
2024-11-09,Minyak Goreng,Jawa Timur,16800.0
2024-11-10,Minyak Goreng,Jawa Timur,17100.0
2024-11-11,Minyak Goreng,Jawa Timur,17400.0
2024-11-12,Minyak Goreng,Jawa Timur,17400.0
2024-11-13,Minyak Goreng,Jawa Timur,17400.0
2024-11-14,Minyak Goreng,Jawa Timur,17000.0
2024-11-15,Minyak Goreng,Jawa Timur,17000.0
2024-11-16,Minyak Goreng,Jawa Timur,17400.0
2024-11-17,Minyak Goreng,Jawa Timur,17000.0
2024-11-18,Minyak Goreng,Jawa Timur,17500.0
2024-11-19,Minyak Goreng,Jawa Timur,17300.0
2024-11-20,Minyak Goreng,Jawa Timur,17500.0
2024-11-21,Minyak Goreng,Jawa Timur,17500.0
2024-11-22,Minyak Goreng,Jawa Timur,17300.0
2024-11-23,Minyak Goreng,Jawa Timur,17200.0
2024-11-24,Minyak Goreng,Jawa Timur,17100.0
2024-11-25,Minyak Goreng,Jawa Timur,17200.0
2024-11-26,Minyak Goreng,Jawa Timur,17400.0
2024-11-27,Minyak Goreng,Jawa Timur,17500.0
2024-11-28,Minyak Goreng,Jawa Timur,17400.0
2024-11-29,Minyak Goreng,Jawa Timur,17500.0
2024-11-30,Minyak Goreng,Jawa Timur,17300.0
2024-12-01,Minyak Goreng,Jawa Timur,17400.0
2024-12-02,Minyak Goreng,Jawa Timur,17500.0
2024-12-03,Minyak Goreng,Jawa Timur,17500.0
2024-12-04,Minyak Goreng,Jawa Timur,17700.0
2024-12-05,Minyak Goreng,Jawa Timur,17700.0
2024-12-06,Minyak Goreng,Jawa Timur,17700.0
2024-12-07,Minyak Goreng,Jawa Timur,17300.0
2024-12-08,Minyak Goreng,Jawa Timur,17200.0
2024-12-09,Minyak Goreng,Jawa Timur,17700.0
2024-12-10,Minyak Goreng,Jawa Timur,17900.0
2024-12-11,Minyak Goreng,Jawa Timur,17900.0
2024-12-12,Minyak Goreng,Jawa Timur,17800.0
2024-12-13,Minyak Goreng,Jawa Timur,17800.0
2024-12-14,Minyak Goreng,Jawa Timur,17500.0
2024-12-15,Minyak Goreng,Jawa Timur,17600.0
2024-12-16,Minyak Goreng,Jawa Timur,17800.0
2024-12-17,Minyak Goreng,Jawa Timur,17700.0
2024-12-18,Minyak Goreng,Jawa Timur,18000.0
2024-12-19,Minyak Goreng,Jawa Timur,17900.0
2024-12-20,Minyak Goreng,Jawa Timur,18000.0
2024-12-21,Minyak Goreng,Jawa Timur,17600.0
2024-12-22,Minyak Goreng,Jawa Timur,17800.0
2024-12-23,Minyak Goreng,Jawa Timur,18100.0
2024-12-24,Minyak Goreng,Jawa Timur,17900.0
2024-12-25,Minyak Goreng,Jawa Timur,18300.0
2024-12-26,Minyak Goreng,Jawa Timur,18300.0
2024-12-27,Minyak Goreng,Jawa Timur,17900.0
2024-12-28,Minyak Goreng,Jawa Timur,17700.0
2024-12-29,Minyak Goreng,Jawa Timur,18100.0
2024-12-30,Minyak Goreng,Jawa Timur,18100.0
2024-12-31,Minyak Goreng,Jawa Timur,18200.0
2025-01-01,Minyak Goreng,Jawa Timur,18400.0
2025-01-02,Minyak Goreng,Jawa Timur,18300.0
2025-01-03,Minyak Goreng,Jawa Timur,17900.0
2025-01-04,Minyak Goreng,Jawa Timur,17900.0
2025-01-05,Minyak Goreng,Jawa Timur,18000.0
2025-01-06,Minyak Goreng,Jawa Timur,18100.0
2025-01-07,Minyak Goreng,Jawa Timur,18000.0
2025-01-08,Minyak Goreng,Jawa Timur,18100.0
2025-01-09,Minyak Goreng,Jawa Timur,18000.0
2025-01-10,Minyak Goreng,Jawa Timur,18100.0
2025-01-11,Minyak Goreng,Jawa Timur,17800.0
2025-01-12,Minyak Goreng,Jawa Timur,18000.0
2025-01-13,Minyak Goreng,Jawa Timur,18400.0
2025-01-14,Minyak Goreng,Jawa Timur,18500.0
2025-01-15,Minyak Goreng,Jawa Timur,18100.0
2025-01-16,Minyak Goreng,Jawa Timur,18000.0
2025-01-17,Minyak Goreng,Jawa Timur,18000.0
2025-01-18,Minyak Goreng,Jawa Timur,17900.0
2025-01-19,Minyak Goreng,Jawa Timur,17900.0
2025-01-20,Minyak Goreng,Jawa Timur,18300.0
2025-01-21,Minyak Goreng,Jawa Timur,18500.0
2025-01-22,Minyak Goreng,Jawa Timur,18600.0
2025-01-23,Minyak Goreng,Jawa Timur,18300.0
2025-01-24,Minyak Goreng,Jawa Timur,18200.0
2025-01-25,Minyak Goreng,Jawa Timur,18300.0
2025-01-26,Minyak Goreng,Jawa Timur,18300.0
2025-01-27,Minyak Goreng,Jawa Timur,18600.0
2025-01-28,Minyak Goreng,Jawa Timur,18700.0
2025-01-29,Minyak Goreng,Jawa Timur,18600.0
2025-01-30,Minyak Goreng,Jawa Timur,18300.0
2025-01-31,Minyak Goreng,Jawa Timur,18700.0
2025-02-01,Minyak Goreng,Jawa Timur,18200.0
2025-02-02,Minyak Goreng,Jawa Timur,18400.0
2025-02-03,Minyak Goreng,Jawa Timur,18200.0
2025-02-04,Minyak Goreng,Jawa Timur,18700.0
2025-02-05,Minyak Goreng,Jawa Timur,18700.0
2025-02-06,Minyak Goreng,Jawa Timur,18600.0
2025-02-07,Minyak Goreng,Jawa Timur,18900.0
2025-02-08,Minyak Goreng,Jawa Timur,18200.0
2025-02-09,Minyak Goreng,Jawa Timur,18500.0
2025-02-10,Minyak Goreng,Jawa Timur,18600.0
2025-02-11,Minyak Goreng,Jawa Timur,18500.0
2025-02-12,Minyak Goreng,Jawa Timur,18800.0
2025-02-13,Minyak Goreng,Jawa Timur,18500.0
2025-02-14,Minyak Goreng,Jawa Timur,18600.0
2025-02-15,Minyak Goreng,Jawa Timur,18700.0
2025-02-16,Minyak Goreng,Jawa Timur,18400.0
2025-02-17,Minyak Goreng,Jawa Timur,18500.0
2025-02-18,Minyak Goreng,Jawa Timur,18800.0
2025-02-19,Minyak Goreng,Jawa Timur,18900.0
2025-02-20,Minyak Goreng,Jawa Timur,18500.0
2025-02-21,Minyak Goreng,Jawa Timur,18400.0
2025-02-22,Minyak Goreng,Jawa Timur,18500.0
2025-02-23,Minyak Goreng,Jawa Timur,18400.0
2025-02-24,Minyak Goreng,Jawa Timur,18500.0
2025-02-25,Minyak Goreng,Jawa Timur,18900.0
2025-02-26,Minyak Goreng,Jawa Timur,18900.0
2025-02-27,Minyak Goreng,Jawa Timur,18600.0
2025-02-28,Minyak Goreng,Jawa Timur,18500.0
2025-03-01,Minyak Goreng,Jawa Timur,18400.0
2025-03-02,Minyak Goreng,Jawa Timur,18300.0
2025-03-03,Minyak Goreng,Jawa Timur,18600.0
2025-03-04,Minyak Goreng,Jawa Timur,18800.0
2025-03-05,Minyak Goreng,Jawa Timur,18600.0
2025-03-06,Minyak Goreng,Jawa Timur,18600.0
2025-03-07,Minyak Goreng,Jawa Timur,18600.0
2025-03-08,Minyak Goreng,Jawa Timur,18700.0
2025-03-09,Minyak Goreng,Jawa Timur,18500.0
2025-03-10,Minyak Goreng,Jawa Timur,18500.0
2025-03-11,Minyak Goreng,Jawa Timur,18800.0
2025-03-12,Minyak Goreng,Jawa Timur,18800.0
2025-03-13,Minyak Goreng,Jawa Timur,18900.0
2025-03-14,Minyak Goreng,Jawa Timur,18600.0
2025-03-15,Minyak Goreng,Jawa Timur,18100.0
2025-03-16,Minyak Goreng,Jawa Timur,19200.0
2025-03-17,Minyak Goreng,Jawa Timur,18800.0
2025-03-18,Minyak Goreng,Jawa Timur,19100.0
2025-03-19,Minyak Goreng,Jawa Timur,19100.0
2025-03-20,Minyak Goreng,Jawa Timur,19100.0
2025-03-21,Minyak Goreng,Jawa Timur,19400.0
2025-03-22,Minyak Goreng,Jawa Timur,19600.0
2025-03-23,Minyak Goreng,Jawa Timur,19900.0
2025-03-24,Minyak Goreng,Jawa Timur,20200.0
2025-03-25,Minyak Goreng,Jawa Timur,20300.0
2025-03-26,Minyak Goreng,Jawa Timur,20300.0
2025-03-27,Minyak Goreng,Jawa Timur,20800.0
2025-03-28,Minyak Goreng,Jawa Timur,20700.0
2025-03-29,Minyak Goreng,Jawa Timur,20700.0
2025-03-30,Minyak Goreng,Jawa Timur,21400.0
2025-03-31,Minyak Goreng,Jawa Timur,21300.0
2025-04-01,Minyak Goreng,Jawa Timur,19100.0
2025-04-02,Minyak Goreng,Jawa Timur,18800.0
2025-04-03,Minyak Goreng,Jawa Timur,19000.0
2025-04-04,Minyak Goreng,Jawa Timur,18900.0
2025-04-05,Minyak Goreng,Jawa Timur,18600.0
2025-04-06,Minyak Goreng,Jawa Timur,19000.0
2025-04-07,Minyak Goreng,Jawa Timur,19300.0
2025-04-08,Minyak Goreng,Jawa Timur,19100.0
2025-04-09,Minyak Goreng,Jawa Timur,19200.0
2025-04-10,Minyak Goreng,Jawa Timur,19200.0
2025-04-11,Minyak Goreng,Jawa Timur,19000.0
2025-04-12,Minyak Goreng,Jawa Timur,18900.0
2025-04-13,Minyak Goreng,Jawa Timur,18800.0
2025-04-14,Minyak Goreng,Jawa Timur,18700.0
2025-04-15,Minyak Goreng,Jawa Timur,18900.0
2025-04-16,Minyak Goreng,Jawa Timur,19600.0
2025-04-17,Minyak Goreng,Jawa Timur,19200.0
2025-04-18,Minyak Goreng,Jawa Timur,18900.0
2025-04-19,Minyak Goreng,Jawa Timur,19000.0
2025-04-20,Minyak Goreng,Jawa Timur,18700.0
2025-04-21,Minyak Goreng,Jawa Timur,19100.0
2025-04-22,Minyak Goreng,Jawa Timur,19100.0
2025-04-23,Minyak Goreng,Jawa Timur,19100.0
2025-04-24,Minyak Goreng,Jawa Timur,18900.0
2025-04-25,Minyak Goreng,Jawa Timur,18700.0
2025-04-26,Minyak Goreng,Jawa Timur,18500.0
2025-04-27,Minyak Goreng,Jawa Timur,18500.0
2025-04-28,Minyak Goreng,Jawa Timur,18800.0
2025-04-29,Minyak Goreng,Jawa Timur,18700.0
2025-04-30,Minyak Goreng,Jawa Timur,18800.0
2025-05-01,Minyak Goreng,Jawa Timur,18900.0
2025-05-02,Minyak Goreng,Jawa Timur,18700.0
2025-05-03,Minyak Goreng,Jawa Timur,18600.0
2025-05-04,Minyak Goreng,Jawa Timur,18600.0
2025-05-05,Minyak Goreng,Jawa Timur,19200.0
2025-05-06,Minyak Goreng,Jawa Timur,18900.0
2025-05-07,Minyak Goreng,Jawa Timur,18800.0
2025-05-08,Minyak Goreng,Jawa Timur,18800.0
2025-05-09,Minyak Goreng,Jawa Timur,18800.0
2025-05-10,Minyak Goreng,Jawa Timur,18500.0
2025-05-11,Minyak Goreng,Jawa Timur,18700.0
2025-05-12,Minyak Goreng,Jawa Timur,18700.0
2025-05-13,Minyak Goreng,Jawa Timur,18800.0
2025-05-14,Minyak Goreng,Jawa Timur,18900.0
2025-05-15,Minyak Goreng,Jawa Timur,19000.0
2025-05-16,Minyak Goreng,Jawa Timur,18600.0
2025-05-17,Minyak Goreng,Jawa Timur,18300.0
2025-05-18,Minyak Goreng,Jawa Timur,18400.0
2025-05-19,Minyak Goreng,Jawa Timur,18200.0
2025-05-20,Minyak Goreng,Jawa Timur,18700.0
2025-05-21,Minyak Goreng,Jawa Timur,19000.0
2025-05-22,Minyak Goreng,Jawa Timur,18400.0
2025-05-23,Minyak Goreng,Jawa Timur,18500.0
2025-05-24,Minyak Goreng,Jawa Timur,18700.0
2025-05-25,Minyak Goreng,Jawa Timur,19000.0
2025-05-26,Minyak Goreng,Jawa Timur,19300.0
2025-05-27,Minyak Goreng,Jawa Timur,19200.0
2025-05-28,Minyak Goreng,Jawa Timur,19800.0
2025-05-29,Minyak Goreng,Jawa Timur,19500.0
2025-05-30,Minyak Goreng,Jawa Timur,19600.0
2025-05-31,Minyak Goreng,Jawa Timur,20000.0
2025-06-01,Minyak Goreng,Jawa Timur,20100.0
2025-06-02,Minyak Goreng,Jawa Timur,20500.0
2025-06-03,Minyak Goreng,Jawa Timur,20500.0
2025-06-04,Minyak Goreng,Jawa Timur,21200.0
2025-06-05,Minyak Goreng,Jawa Timur,21100.0
2025-06-06,Minyak Goreng,Jawa Timur,21200.0
2025-06-07,Minyak Goreng,Jawa Timur,18100.0
2025-06-08,Minyak Goreng,Jawa Timur,18500.0
2025-06-09,Minyak Goreng,Jawa Timur,18300.0
2025-06-10,Minyak Goreng,Jawa Timur,18400.0
2025-06-11,Minyak Goreng,Jawa Timur,18600.0
2025-06-12,Minyak Goreng,Jawa Timur,18500.0
2025-06-13,Minyak Goreng,Jawa Timur,18100.0
2025-06-14,Minyak Goreng,Jawa Timur,18400.0
2025-06-15,Minyak Goreng,Jawa Timur,18400.0
2025-06-16,Minyak Goreng,Jawa Timur,18400.0
2025-06-17,Minyak Goreng,Jawa Timur,18500.0
2025-06-18,Minyak Goreng,Jawa Timur,18500.0
2025-06-19,Minyak Goreng,Jawa Timur,18100.0
2025-06-20,Minyak Goreng,Jawa Timur,18200.0
2025-06-21,Minyak Goreng,Jawa Timur,18100.0
2025-06-22,Minyak Goreng,Jawa Timur,18000.0
2025-06-23,Minyak Goreng,Jawa Timur,18200.0
2025-06-24,Minyak Goreng,Jawa Timur,18000.0
2025-06-25,Minyak Goreng,Jawa Timur,18300.0
2025-06-26,Minyak Goreng,Jawa Timur,18400.0
2025-06-27,Minyak Goreng,Jawa Timur,18400.0
2025-06-28,Minyak Goreng,Jawa Timur,17900.0
2025-06-29,Minyak Goreng,Jawa Timur,18100.0
2025-06-30,Minyak Goreng,Jawa Timur,18300.0
2025-07-01,Minyak Goreng,Jawa Timur,18200.0
2025-07-02,Minyak Goreng,Jawa Timur,18400.0
2025-07-03,Minyak Goreng,Jawa Timur,18100.0
2025-07-04,Minyak Goreng,Jawa Timur,18200.0
2025-07-05,Minyak Goreng,Jawa Timur,17700.0
2025-07-06,Minyak Goreng,Jawa Timur,17700.0
2025-07-07,Minyak Goreng,Jawa Timur,18000.0
2025-07-08,Minyak Goreng,Jawa Timur,18200.0
2025-07-09,Minyak Goreng,Jawa Timur,18200.0
2025-07-10,Minyak Goreng,Jawa Timur,18100.0
2025-07-11,Minyak Goreng,Jawa Timur,17800.0
2025-07-12,Minyak Goreng,Jawa Timur,17600.0
2025-07-13,Minyak Goreng,Jawa Timur,17800.0
2025-07-14,Minyak Goreng,Jawa Timur,17900.0
2025-07-15,Minyak Goreng,Jawa Timur,18100.0
2025-07-16,Minyak Goreng,Jawa Timur,18300.0
2025-07-17,Minyak Goreng,Jawa Timur,18100.0
2025-07-18,Minyak Goreng,Jawa Timur,18000.0
2025-07-19,Minyak Goreng,Jawa Timur,17800.0
2025-07-20,Minyak Goreng,Jawa Timur,17700.0
2025-07-21,Minyak Goreng,Jawa Timur,17800.0
2025-07-22,Minyak Goreng,Jawa Timur,17800.0
2025-07-23,Minyak Goreng,Jawa Timur,18000.0
2025-07-24,Minyak Goreng,Jawa Timur,18000.0
2025-07-25,Minyak Goreng,Jawa Timur,17600.0
2025-07-26,Minyak Goreng,Jawa Timur,17700.0
2025-07-27,Minyak Goreng,Jawa Timur,17600.0
2025-07-28,Minyak Goreng,Jawa Timur,17800.0
2025-07-29,Minyak Goreng,Jawa Timur,18100.0
2025-07-30,Minyak Goreng,Jawa Timur,17600.0
2025-07-31,Minyak Goreng,Jawa Timur,17800.0
2025-08-01,Minyak Goreng,Jawa Timur,17400.0
2025-08-02,Minyak Goreng,Jawa Timur,17700.0
2025-08-03,Minyak Goreng,Jawa Timur,17800.0
2025-08-04,Minyak Goreng,Jawa Timur,17600.0
2025-08-05,Minyak Goreng,Jawa Timur,17800.0
2025-08-06,Minyak Goreng,Jawa Timur,17700.0
2025-08-07,Minyak Goreng,Jawa Timur,17900.0
2025-08-08,Minyak Goreng,Jawa Timur,17700.0
2025-08-09,Minyak Goreng,Jawa Timur,17600.0
2025-08-10,Minyak Goreng,Jawa Timur,17600.0
2025-08-11,Minyak Goreng,Jawa Timur,17600.0
2025-08-12,Minyak Goreng,Jawa Timur,18000.0
2025-08-13,Minyak Goreng,Jawa Timur,17900.0
2025-08-14,Minyak Goreng,Jawa Timur,17600.0
2025-08-15,Minyak Goreng,Jawa Timur,17500.0
2025-08-16,Minyak Goreng,Jawa Timur,17400.0
2025-08-17,Minyak Goreng,Jawa Timur,17700.0
2025-08-18,Minyak Goreng,Jawa Timur,17700.0
2025-08-19,Minyak Goreng,Jawa Timur,17700.0
2025-08-20,Minyak Goreng,Jawa Timur,18000.0
2025-08-21,Minyak Goreng,Jawa Timur,17800.0
2025-08-22,Minyak Goreng,Jawa Timur,17400.0
2025-08-23,Minyak Goreng,Jawa Timur,17300.0
2025-08-24,Minyak Goreng,Jawa Timur,17300.0
2025-08-25,Minyak Goreng,Jawa Timur,17400.0
2025-08-26,Minyak Goreng,Jawa Timur,17900.0
2025-08-27,Minyak Goreng,Jawa Timur,17500.0
2025-08-28,Minyak Goreng,Jawa Timur,17700.0
2025-08-29,Minyak Goreng,Jawa Timur,17500.0
2025-08-30,Minyak Goreng,Jawa Timur,17200.0
2025-08-31,Minyak Goreng,Jawa Timur,17500.0
2025-09-01,Minyak Goreng,Jawa Timur,17200.0
2025-09-02,Minyak Goreng,Jawa Timur,17500.0
2025-09-03,Minyak Goreng,Jawa Timur,17500.0
2025-09-04,Minyak Goreng,Jawa Timur,17600.0
2025-09-05,Minyak Goreng,Jawa Timur,17300.0
2025-09-06,Minyak Goreng,Jawa Timur,16900.0
2025-09-07,Minyak Goreng,Jawa Timur,17400.0
2025-09-08,Minyak Goreng,Jawa Timur,17400.0
2025-09-09,Minyak Goreng,Jawa Timur,17300.0
2025-09-10,Minyak Goreng,Jawa Timur,17400.0
2025-09-11,Minyak Goreng,Jawa Timur,17200.0
2025-09-12,Minyak Goreng,Jawa Timur,17300.0
2025-09-13,Minyak Goreng,Jawa Timur,17200.0
2025-09-14,Minyak Goreng,Jawa Timur,17200.0
2025-09-15,Minyak Goreng,Jawa Timur,17300.0
2025-09-16,Minyak Goreng,Jawa Timur,17300.0
2025-09-17,Minyak Goreng,Jawa Timur,17600.0
2025-09-18,Minyak Goreng,Jawa Timur,17200.0
2025-09-19,Minyak Goreng,Jawa Timur,17300.0
2025-09-20,Minyak Goreng,Jawa Timur,16900.0
2025-09-21,Minyak Goreng,Jawa Timur,17300.0
2025-09-22,Minyak Goreng,Jawa Timur,17400.0
2025-09-23,Minyak Goreng,Jawa Timur,17600.0
2025-09-24,Minyak Goreng,Jawa Timur,17700.0
2025-09-25,Minyak Goreng,Jawa Timur,17600.0
2025-09-26,Minyak Goreng,Jawa Timur,17100.0
2025-09-27,Minyak Goreng,Jawa Timur,17200.0
2025-09-28,Minyak Goreng,Jawa Timur,17600.0
2025-09-29,Minyak Goreng,Jawa Timur,17400.0
2025-09-30,Minyak Goreng,Jawa Timur,17400.0
2025-10-01,Minyak Goreng,Jawa Timur,17600.0
2025-10-02,Minyak Goreng,Jawa Timur,17400.0
2025-10-03,Minyak Goreng,Jawa Timur,17200.0
2025-10-04,Minyak Goreng,Jawa Timur,17400.0
2025-10-05,Minyak Goreng,Jawa Timur,17400.0
2025-10-06,Minyak Goreng,Jawa Timur,17200.0
2025-10-07,Minyak Goreng,Jawa Timur,17600.0
2025-10-08,Minyak Goreng,Jawa Timur,17500.0
2025-10-09,Minyak Goreng,Jawa Timur,17300.0
2025-10-10,Minyak Goreng,Jawa Timur,17200.0
2025-10-11,Minyak Goreng,Jawa Timur,17200.0
2025-10-12,Minyak Goreng,Jawa Timur,17400.0
2025-10-13,Minyak Goreng,Jawa Timur,17500.0
2025-10-14,Minyak Goreng,Jawa Timur,17600.0
2025-10-15,Minyak Goreng,Jawa Timur,17700.0
2025-10-16,Minyak Goreng,Jawa Timur,17800.0
2025-10-17,Minyak Goreng,Jawa Timur,17600.0
2025-10-18,Minyak Goreng,Jawa Timur,17600.0
2025-10-19,Minyak Goreng,Jawa Timur,17500.0
2025-10-20,Minyak Goreng,Jawa Timur,17900.0
2025-10-21,Minyak Goreng,Jawa Timur,17900.0
2025-10-22,Minyak Goreng,Jawa Timur,17700.0
2025-10-23,Minyak Goreng,Jawa Timur,17700.0
2025-10-24,Minyak Goreng,Jawa Timur,17400.0
2025-10-25,Minyak Goreng,Jawa Timur,17400.0
2025-10-26,Minyak Goreng,Jawa Timur,17600.0
2025-10-27,Minyak Goreng,Jawa Timur,17700.0
2025-10-28,Minyak Goreng,Jawa Timur,17700.0
2025-10-29,Minyak Goreng,Jawa Timur,18200.0
2025-10-30,Minyak Goreng,Jawa Timur,17700.0
2025-10-31,Minyak Goreng,Jawa Timur,17300.0
2025-11-01,Minyak Goreng,Jawa Timur,17600.0
2025-11-02,Minyak Goreng,Jawa Timur,17600.0
2025-11-03,Minyak Goreng,Jawa Timur,17700.0
2025-11-04,Minyak Goreng,Jawa Timur,17600.0
2025-11-05,Minyak Goreng,Jawa Timur,17800.0
2025-11-06,Minyak Goreng,Jawa Timur,17900.0
2025-11-07,Minyak Goreng,Jawa Timur,17600.0
2025-11-08,Minyak Goreng,Jawa Timur,17200.0
2025-11-09,Minyak Goreng,Jawa Timur,17000.0
2025-11-10,Minyak Goreng,Jawa Timur,17700.0
2025-11-11,Minyak Goreng,Jawa Timur,17700.0
2025-11-12,Minyak Goreng,Jawa Timur,17900.0
2025-11-13,Minyak Goreng,Jawa Timur,17700.0
2025-11-14,Minyak Goreng,Jawa Timur,17500.0
2025-11-15,Minyak Goreng,Jawa Timur,17500.0
2025-11-16,Minyak Goreng,Jawa Timur,17500.0
2025-11-17,Minyak Goreng,Jawa Timur,17900.0
2025-11-18,Minyak Goreng,Jawa Timur,18000.0
2025-11-19,Minyak Goreng,Jawa Timur,17800.0
2025-11-20,Minyak Goreng,Jawa Timur,17700.0
2025-11-21,Minyak Goreng,Jawa Timur,17800.0
2025-11-22,Minyak Goreng,Jawa Timur,17800.0
2025-11-23,Minyak Goreng,Jawa Timur,17800.0
2025-11-24,Minyak Goreng,Jawa Timur,17600.0
2025-11-25,Minyak Goreng,Jawa Timur,18100.0
2025-11-26,Minyak Goreng,Jawa Timur,17600.0
2025-11-27,Minyak Goreng,Jawa Timur,17800.0
2025-11-28,Minyak Goreng,Jawa Timur,17700.0
2025-11-29,Minyak Goreng,Jawa Timur,17300.0
2025-11-30,Minyak Goreng,Jawa Timur,18000.0
2025-12-01,Minyak Goreng,Jawa Timur,18000.0
2025-12-02,Minyak Goreng,Jawa Timur,18100.0
2025-12-03,Minyak Goreng,Jawa Timur,17900.0
2025-12-04,Minyak Goreng,Jawa Timur,17900.0
2025-12-05,Minyak Goreng,Jawa Timur,17900.0
2025-12-06,Minyak Goreng,Jawa Timur,17500.0
2025-12-07,Minyak Goreng,Jawa Timur,17700.0
2025-12-08,Minyak Goreng,Jawa Timur,18000.0
2025-12-09,Minyak Goreng,Jawa Timur,17800.0
2025-12-10,Minyak Goreng,Jawa Timur,18100.0
2025-12-11,Minyak Goreng,Jawa Timur,17700.0
2025-12-12,Minyak Goreng,Jawa Timur,17700.0
2025-12-13,Minyak Goreng,Jawa Timur,17700.0
2025-12-14,Minyak Goreng,Jawa Timur,17900.0
2025-12-15,Minyak Goreng,Jawa Timur,17800.0
2025-12-16,Minyak Goreng,Jawa Timur,18100.0
2025-12-17,Minyak Goreng,Jawa Timur,18000.0
2025-12-18,Minyak Goreng,Jawa Timur,17900.0
2025-12-19,Minyak Goreng,Jawa Timur,18100.0
2025-12-20,Minyak Goreng,Jawa Timur,17600.0
2025-12-21,Minyak Goreng,Jawa Timur,18000.0
2025-12-22,Minyak Goreng,Jawa Timur,18100.0
2025-12-23,Minyak Goreng,Jawa Timur,18100.0
2025-12-24,Minyak Goreng,Jawa Timur,18100.0
2025-12-25,Minyak Goreng,Jawa Timur,18000.0
2025-12-26,Minyak Goreng,Jawa Timur,17900.0
2025-12-27,Minyak Goreng,Jawa Timur,17900.0
2025-12-28,Minyak Goreng,Jawa Timur,18100.0
2025-12-29,Minyak Goreng,Jawa Timur,18100.0
2025-12-30,Minyak Goreng,Jawa Timur,18200.0
2025-12-31,Minyak Goreng,Jawa Timur,18300.0
2026-01-01,Minyak Goreng,Jawa Timur,18300.0
2026-01-02,Minyak Goreng,Jawa Timur,18200.0
2026-01-03,Minyak Goreng,Jawa Timur,17800.0
2026-01-04,Minyak Goreng,Jawa Timur,18100.0
2026-01-05,Minyak Goreng,Jawa Timur,18500.0
2026-01-06,Minyak Goreng,Jawa Timur,18200.0
2026-01-07,Minyak Goreng,Jawa Timur,18500.0
2026-01-08,Minyak Goreng,Jawa Timur,18400.0
2026-01-09,Minyak Goreng,Jawa Timur,18200.0
2026-01-10,Minyak Goreng,Jawa Timur,18400.0
2026-01-11,Minyak Goreng,Jawa Timur,18200.0
2026-01-12,Minyak Goreng,Jawa Timur,18600.0
2026-01-13,Minyak Goreng,Jawa Timur,18500.0
2026-01-14,Minyak Goreng,Jawa Timur,18700.0
2026-01-15,Minyak Goreng,Jawa Timur,18500.0
2026-01-16,Minyak Goreng,Jawa Timur,18400.0
2026-01-17,Minyak Goreng,Jawa Timur,18500.0
2026-01-18,Minyak Goreng,Jawa Timur,18500.0
2026-01-19,Minyak Goreng,Jawa Timur,18700.0
2026-01-20,Minyak Goreng,Jawa Timur,18800.0
2026-01-21,Minyak Goreng,Jawa Timur,18500.0
2026-01-22,Minyak Goreng,Jawa Timur,18500.0
2026-01-23,Minyak Goreng,Jawa Timur,18700.0
2026-01-24,Minyak Goreng,Jawa Timur,18100.0
2026-01-25,Minyak Goreng,Jawa Timur,18500.0
2026-01-26,Minyak Goreng,Jawa Timur,18600.0
2026-01-27,Minyak Goreng,Jawa Timur,19000.0
2026-01-28,Minyak Goreng,Jawa Timur,18900.0
2026-01-29,Minyak Goreng,Jawa Timur,18600.0
2026-01-30,Minyak Goreng,Jawa Timur,18500.0
2026-01-31,Minyak Goreng,Jawa Timur,18500.0
2026-02-01,Minyak Goreng,Jawa Timur,18700.0
2026-02-02,Minyak Goreng,Jawa Timur,18400.0
2026-02-03,Minyak Goreng,Jawa Timur,19000.0
2026-02-04,Minyak Goreng,Jawa Timur,18900.0
2026-02-05,Minyak Goreng,Jawa Timur,19000.0
2026-02-06,Minyak Goreng,Jawa Timur,18900.0
2026-02-07,Minyak Goreng,Jawa Timur,18500.0
2026-02-08,Minyak Goreng,Jawa Timur,18800.0
2026-02-09,Minyak Goreng,Jawa Timur,19000.0
2026-02-10,Minyak Goreng,Jawa Timur,19100.0
2026-02-11,Minyak Goreng,Jawa Timur,19100.0
2026-02-12,Minyak Goreng,Jawa Timur,18900.0
2026-02-13,Minyak Goreng,Jawa Timur,18800.0
2026-02-14,Minyak Goreng,Jawa Timur,18700.0
2026-02-15,Minyak Goreng,Jawa Timur,19000.0
2026-02-16,Minyak Goreng,Jawa Timur,19100.0
2026-02-17,Minyak Goreng,Jawa Timur,19200.0
2026-02-18,Minyak Goreng,Jawa Timur,19000.0
2026-02-19,Minyak Goreng,Jawa Timur,19300.0
2026-02-20,Minyak Goreng,Jawa Timur,19200.0
2026-02-21,Minyak Goreng,Jawa Timur,18700.0
2026-02-22,Minyak Goreng,Jawa Timur,19000.0
2026-02-23,Minyak Goreng,Jawa Timur,19000.0
2026-02-24,Minyak Goreng,Jawa Timur,19300.0
2026-02-25,Minyak Goreng,Jawa Timur,19300.0
2026-02-26,Minyak Goreng,Jawa Timur,19400.0
2026-02-27,Minyak Goreng,Jawa Timur,19200.0
2026-02-28,Minyak Goreng,Jawa Timur,19300.0
2026-03-01,Minyak Goreng,Jawa Timur,19100.0
2026-03-02,Minyak Goreng,Jawa Timur,19300.0
2026-03-03,Minyak Goreng,Jawa Timur,19300.0
2026-03-04,Minyak Goreng,Jawa Timur,19300.0
2026-03-05,Minyak Goreng,Jawa Timur,19500.0
2026-03-06,Minyak Goreng,Jawa Timur,19400.0
2026-03-07,Minyak Goreng,Jawa Timur,19400.0
2026-03-08,Minyak Goreng,Jawa Timur,19600.0
2026-03-09,Minyak Goreng,Jawa Timur,19800.0
2026-03-10,Minyak Goreng,Jawa Timur,20500.0
2026-03-11,Minyak Goreng,Jawa Timur,20700.0
2026-03-12,Minyak Goreng,Jawa Timur,21100.0
2026-03-13,Minyak Goreng,Jawa Timur,20500.0
2026-03-14,Minyak Goreng,Jawa Timur,20900.0
2026-03-15,Minyak Goreng,Jawa Timur,21100.0
2026-03-16,Minyak Goreng,Jawa Timur,21300.0
2026-03-17,Minyak Goreng,Jawa Timur,22000.0
2026-03-18,Minyak Goreng,Jawa Timur,22100.0
2026-03-19,Minyak Goreng,Jawa Timur,21900.0
2026-03-20,Minyak Goreng,Jawa Timur,22200.0
2026-03-21,Minyak Goreng,Jawa Timur,19100.0
2026-03-22,Minyak Goreng,Jawa Timur,19200.0
2026-03-23,Minyak Goreng,Jawa Timur,19600.0
2026-03-24,Minyak Goreng,Jawa Timur,19800.0
2026-03-25,Minyak Goreng,Jawa Timur,19700.0
2026-03-26,Minyak Goreng,Jawa Timur,19500.0
2026-03-27,Minyak Goreng,Jawa Timur,19500.0
2026-03-28,Minyak Goreng,Jawa Timur,19400.0
2026-03-29,Minyak Goreng,Jawa Timur,19000.0
2026-03-30,Minyak Goreng,Jawa Timur,19500.0
2026-03-31,Minyak Goreng,Jawa Timur,19600.0
2026-04-01,Minyak Goreng,Jawa Timur,19900.0
2026-04-02,Minyak Goreng,Jawa Timur,19700.0
2026-04-03,Minyak Goreng,Jawa Timur,19500.0
2026-04-04,Minyak Goreng,Jawa Timur,19200.0
2026-04-05,Minyak Goreng,Jawa Timur,19400.0
2026-04-06,Minyak Goreng,Jawa Timur,19700.0
2026-04-07,Minyak Goreng,Jawa Timur,19700.0
2026-04-08,Minyak Goreng,Jawa Timur,19800.0
2026-04-09,Minyak Goreng,Jawa Timur,19300.0
2026-04-10,Minyak Goreng,Jawa Timur,19400.0
2026-04-11,Minyak Goreng,Jawa Timur,19000.0
2026-04-12,Minyak Goreng,Jawa Timur,19300.0
2026-04-13,Minyak Goreng,Jawa Timur,19500.0
2026-04-14,Minyak Goreng,Jawa Timur,19800.0
2026-04-15,Minyak Goreng,Jawa Timur,19500.0
2026-04-16,Minyak Goreng,Jawa Timur,19700.0
2026-04-17,Minyak Goreng,Jawa Timur,19600.0
2026-04-18,Minyak Goreng,Jawa Timur,19200.0
2026-04-19,Minyak Goreng,Jawa Timur,19100.0
2026-04-20,Minyak Goreng,Jawa Timur,19600.0
2026-04-21,Minyak Goreng,Jawa Timur,19500.0
2026-04-22,Minyak Goreng,Jawa Timur,19600.0
2026-04-23,Minyak Goreng,Jawa Timur,19700.0
2026-04-24,Minyak Goreng,Jawa Timur,19800.0
2026-04-25,Minyak Goreng,Jawa Timur,19100.0
2026-04-26,Minyak Goreng,Jawa Timur,19200.0
2026-04-27,Minyak Goreng,Jawa Timur,19400.0
2026-04-28,Minyak Goreng,Jawa Timur,19600.0
2026-04-29,Minyak Goreng,Jawa Timur,20000.0
2026-04-30,Minyak Goreng,Jawa Timur,19500.0
2026-05-01,Minyak Goreng,Jawa Timur,19300.0
2026-05-02,Minyak Goreng,Jawa Timur,19500.0
2026-05-03,Minyak Goreng,Jawa Timur,19400.0
2026-05-04,Minyak Goreng,Jawa Timur,19600.0
2026-05-05,Minyak Goreng,Jawa Timur,19500.0
2026-05-06,Minyak Goreng,Jawa Timur,19600.0
2026-05-07,Minyak Goreng,Jawa Timur,19400.0
2026-05-08,Minyak Goreng,Jawa Timur,19500.0
2026-05-09,Minyak Goreng,Jawa Timur,19400.0
2026-05-10,Minyak Goreng,Jawa Timur,19200.0
2026-05-11,Minyak Goreng,Jawa Timur,19300.0
2026-05-12,Minyak Goreng,Jawa Timur,19400.0
2026-05-13,Minyak Goreng,Jawa Timur,19300.0
2026-05-14,Minyak Goreng,Jawa Timur,19300.0
2026-05-15,Minyak Goreng,Jawa Timur,19300.0
2026-05-16,Minyak Goreng,Jawa Timur,18900.0
2026-05-17,Minyak Goreng,Jawa Timur,19100.0
2026-05-18,Minyak Goreng,Jawa Timur,19000.0
2026-05-19,Minyak Goreng,Jawa Timur,19300.0
2026-05-20,Minyak Goreng,Jawa Timur,19300.0
2026-05-21,Minyak Goreng,Jawa Timur,19100.0
2026-05-22,Minyak Goreng,Jawa Timur,19200.0
2026-05-23,Minyak Goreng,Jawa Timur,19200.0
2026-05-24,Minyak Goreng,Jawa Timur,18900.0
2026-05-25,Minyak Goreng,Jawa Timur,19200.0
2026-05-26,Minyak Goreng,Jawa Timur,19400.0
2026-05-27,Minyak Goreng,Jawa Timur,19100.0
2026-05-28,Minyak Goreng,Jawa Timur,19000.0
2026-05-29,Minyak Goreng,Jawa Timur,19300.0
2026-05-30,Minyak Goreng,Jawa Timur,18800.0
2026-05-31,Minyak Goreng,Jawa Timur,19200.0
2026-06-01,Minyak Goreng,Jawa Timur,18800.0
2026-06-02,Minyak Goreng,Jawa Timur,19300.0
2026-06-03,Minyak Goreng,Jawa Timur,19100.0
2026-06-04,Minyak Goreng,Jawa Timur,19000.0
2026-06-05,Minyak Goreng,Jawa Timur,19200.0
2026-06-06,Minyak Goreng,Jawa Timur,18500.0
2026-06-07,Minyak Goreng,Jawa Timur,18900.0
2026-06-08,Minyak Goreng,Jawa Timur,19000.0
2026-06-09,Minyak Goreng,Jawa Timur,19600.0
2026-06-10,Minyak Goreng,Jawa Timur,18900.0
2026-06-11,Minyak Goreng,Jawa Timur,18800.0
2026-06-12,Minyak Goreng,Jawa Timur,18900.0
2026-06-13,Minyak Goreng,Jawa Timur,18600.0
2026-06-14,Minyak Goreng,Jawa Timur,18600.0
2026-06-15,Minyak Goreng,Jawa Timur,18900.0
2026-06-16,Minyak Goreng,Jawa Timur,18800.0
2026-06-17,Minyak Goreng,Jawa Timur,18700.0
2026-06-18,Minyak Goreng,Jawa Timur,18800.0
2026-06-19,Minyak Goreng,Jawa Timur,18600.0
2026-06-20,Minyak Goreng,Jawa Timur,18400.0
2026-06-21,Minyak Goreng,Jawa Timur,18400.0
2026-06-22,Minyak Goreng,Jawa Timur,18400.0
2026-06-23,Minyak Goreng,Jawa Timur,18800.0
2026-06-24,Minyak Goreng,Jawa Timur,18700.0
2026-06-25,Minyak Goreng,Jawa Timur,18500.0
2026-06-26,Minyak Goreng,Jawa Timur,18200.0
2026-06-27,Minyak Goreng,Jawa Timur,18400.0
2026-06-28,Minyak Goreng,Jawa Timur,18300.0
2026-06-29,Minyak Goreng,Jawa Timur,18200.0
2026-06-30,Minyak Goreng,Jawa Timur,18400.0
2026-07-01,Minyak Goreng,Jawa Timur,18600.0
2026-07-02,Minyak Goreng,Jawa Timur,18500.0
2026-07-03,Minyak Goreng,Jawa Timur,18300.0
2026-07-04,Minyak Goreng,Jawa Timur,18100.0
2026-07-05,Minyak Goreng,Jawa Timur,18000.0
2026-07-06,Minyak Goreng,Jawa Timur,18200.0
2026-07-07,Minyak Goreng,Jawa Timur,18700.0
2026-07-08,Minyak Goreng,Jawa Timur,18700.0
2026-07-09,Minyak Goreng,Jawa Timur,18500.0
2026-07-10,Minyak Goreng,Jawa Timur,18300.0
2026-07-11,Minyak Goreng,Jawa Timur,18300.0
2026-07-12,Minyak Goreng,Jawa Timur,18000.0
2026-07-13,Minyak Goreng,Jawa Timur,18300.0
2026-07-14,Minyak Goreng,Jawa Timur,18200.0
2026-07-15,Minyak Goreng,Jawa Timur,18200.0
2026-07-16,Minyak Goreng,Jawa Timur,18400.0
2026-07-17,Minyak Goreng,Jawa Timur,18300.0
2026-07-18,Minyak Goreng,Jawa Timur,18000.0
2026-07-19,Minyak Goreng,Jawa Timur,18300.0
2026-07-20,Minyak Goreng,Jawa Timur,18200.0
2026-07-21,Minyak Goreng,Jawa Timur,18100.0
2026-07-22,Minyak Goreng,Jawa Timur,18100.0
2026-07-23,Minyak Goreng,Jawa Timur,18300.0
2026-07-24,Minyak Goreng,Jawa Timur,18000.0
2026-07-25,Minyak Goreng,Jawa Timur,18000.0
2026-07-26,Minyak Goreng,Jawa Timur,17400.0
2026-07-27,Minyak Goreng,Jawa Timur,18000.0
2026-07-28,Minyak Goreng,Jawa Timur,18000.0
2026-07-29,Minyak Goreng,Jawa Timur,17900.0
2026-07-30,Minyak Goreng,Jawa Timur,18000.0
2026-07-31,Minyak Goreng,Jawa Timur,18000.0
2026-08-01,Minyak Goreng,Jawa Timur,18100.0
2026-08-02,Minyak Goreng,Jawa Timur,17800.0
2026-08-03,Minyak Goreng,Jawa Timur,17800.0
2026-08-04,Minyak Goreng,Jawa Timur,17900.0
2026-08-05,Minyak Goreng,Jawa Timur,18200.0
2026-08-06,Minyak Goreng,Jawa Timur,17800.0
2026-08-07,Minyak Goreng,Jawa Timur,17900.0
2026-08-08,Minyak Goreng,Jawa Timur,17800.0
2026-08-09,Minyak Goreng,Jawa Timur,17800.0
2026-08-10,Minyak Goreng,Jawa Timur,17700.0
2026-08-11,Minyak Goreng,Jawa Timur,18000.0
2026-08-12,Minyak Goreng,Jawa Timur,17800.0
2026-08-13,Minyak Goreng,Jawa Timur,17900.0
2026-08-14,Minyak Goreng,Jawa Timur,17900.0
2026-08-15,Minyak Goreng,Jawa Timur,17900.0
2026-08-16,Minyak Goreng,Jawa Timur,17800.0
2026-08-17,Minyak Goreng,Jawa Timur,17800.0
2026-08-18,Minyak Goreng,Jawa Timur,18200.0
2026-08-19,Minyak Goreng,Jawa Timur,17900.0
2026-08-20,Minyak Goreng,Jawa Timur,17700.0
2026-08-21,Minyak Goreng,Jawa Timur,17900.0
2026-08-22,Minyak Goreng,Jawa Timur,17700.0
2026-08-23,Minyak Goreng,Jawa Timur,17600.0
2026-08-24,Minyak Goreng,Jawa Timur,17800.0
2026-08-25,Minyak Goreng,Jawa Timur,18000.0
2026-08-26,Minyak Goreng,Jawa Timur,18000.0
2026-08-27,Minyak Goreng,Jawa Timur,17900.0
2026-08-28,Minyak Goreng,Jawa Timur,17500.0
2026-08-29,Minyak Goreng,Jawa Timur,17600.0
2026-08-30,Minyak Goreng,Jawa Timur,17500.0
2026-08-31,Minyak Goreng,Jawa Timur,17600.0
2026-09-01,Minyak Goreng,Jawa Timur,17700.0
2026-09-02,Minyak Goreng,Jawa Timur,17800.0
2026-09-03,Minyak Goreng,Jawa Timur,17500.0
2026-09-04,Minyak Goreng,Jawa Timur,17500.0
2026-09-05,Minyak Goreng,Jawa Timur,17500.0
2026-09-06,Minyak Goreng,Jawa Timur,17300.0
2026-09-07,Minyak Goreng,Jawa Timur,17500.0
2026-09-08,Minyak Goreng,Jawa Timur,18100.0
2026-09-09,Minyak Goreng,Jawa Timur,17600.0
2026-09-10,Minyak Goreng,Jawa Timur,17600.0
2026-09-11,Minyak Goreng,Jawa Timur,17400.0
2026-09-12,Minyak Goreng,Jawa Timur,17400.0
2026-09-13,Minyak Goreng,Jawa Timur,17300.0
2026-09-14,Minyak Goreng,Jawa Timur,17500.0
2026-09-15,Minyak Goreng,Jawa Timur,17600.0
2026-09-16,Minyak Goreng,Jawa Timur,17900.0
2026-09-17,Minyak Goreng,Jawa Timur,17700.0
2026-09-18,Minyak Goreng,Jawa Timur,17300.0
2026-09-19,Minyak Goreng,Jawa Timur,17500.0
2026-09-20,Minyak Goreng,Jawa Timur,17300.0
2026-09-21,Minyak Goreng,Jawa Timur,17300.0
2026-09-22,Minyak Goreng,Jawa Timur,17700.0
2026-09-23,Minyak Goreng,Jawa Timur,18000.0
2026-09-24,Minyak Goreng,Jawa Timur,17300.0
2026-09-25,Minyak Goreng,Jawa Timur,17300.0
2026-09-26,Minyak Goreng,Jawa Timur,17500.0
2026-09-27,Minyak Goreng,Jawa Timur,17400.0
2026-09-28,Minyak Goreng,Jawa Timur,17700.0
2026-09-29,Minyak Goreng,Jawa Timur,17600.0
2026-09-30,Minyak Goreng,Jawa Timur,17700.0
2024-01-01,Minyak Goreng,Sumatera Utara,19100.0
2024-01-02,Minyak Goreng,Sumatera Utara,19000.0
2024-01-03,Minyak Goreng,Sumatera Utara,19300.0
2024-01-04,Minyak Goreng,Sumatera Utara,19300.0
2024-01-05,Minyak Goreng,Sumatera Utara,19200.0
2024-01-06,Minyak Goreng,Sumatera Utara,19000.0
2024-01-07,Minyak Goreng,Sumatera Utara,19000.0
2024-01-08,Minyak Goreng,Sumatera Utara,18900.0
2024-01-09,Minyak Goreng,Sumatera Utara,19200.0
2024-01-10,Minyak Goreng,Sumatera Utara,19300.0
2024-01-11,Minyak Goreng,Sumatera Utara,19100.0
2024-01-12,Minyak Goreng,Sumatera Utara,19200.0
2024-01-13,Minyak Goreng,Sumatera Utara,19400.0
2024-01-14,Minyak Goreng,Sumatera Utara,19400.0
2024-01-15,Minyak Goreng,Sumatera Utara,19300.0
2024-01-16,Minyak Goreng,Sumatera Utara,19600.0
2024-01-17,Minyak Goreng,Sumatera Utara,19400.0
2024-01-18,Minyak Goreng,Sumatera Utara,19700.0
2024-01-19,Minyak Goreng,Sumatera Utara,19000.0
2024-01-20,Minyak Goreng,Sumatera Utara,19300.0
2024-01-21,Minyak Goreng,Sumatera Utara,19300.0
2024-01-22,Minyak Goreng,Sumatera Utara,19300.0
2024-01-23,Minyak Goreng,Sumatera Utara,19600.0
2024-01-24,Minyak Goreng,Sumatera Utara,19400.0
2024-01-25,Minyak Goreng,Sumatera Utara,19400.0
2024-01-26,Minyak Goreng,Sumatera Utara,19100.0
2024-01-27,Minyak Goreng,Sumatera Utara,19400.0
2024-01-28,Minyak Goreng,Sumatera Utara,19500.0
2024-01-29,Minyak Goreng,Sumatera Utara,19100.0
2024-01-30,Minyak Goreng,Sumatera Utara,20000.0
2024-01-31,Minyak Goreng,Sumatera Utara,19700.0
2024-02-01,Minyak Goreng,Sumatera Utara,19700.0
2024-02-02,Minyak Goreng,Sumatera Utara,19300.0
2024-02-03,Minyak Goreng,Sumatera Utara,19700.0
2024-02-04,Minyak Goreng,Sumatera Utara,19600.0
2024-02-05,Minyak Goreng,Sumatera Utara,19900.0
2024-02-06,Minyak Goreng,Sumatera Utara,20200.0
2024-02-07,Minyak Goreng,Sumatera Utara,20200.0
2024-02-08,Minyak Goreng,Sumatera Utara,19700.0
2024-02-09,Minyak Goreng,Sumatera Utara,19700.0
2024-02-10,Minyak Goreng,Sumatera Utara,19500.0
2024-02-11,Minyak Goreng,Sumatera Utara,19800.0
2024-02-12,Minyak Goreng,Sumatera Utara,19900.0
2024-02-13,Minyak Goreng,Sumatera Utara,20200.0
2024-02-14,Minyak Goreng,Sumatera Utara,20300.0
2024-02-15,Minyak Goreng,Sumatera Utara,19700.0
2024-02-16,Minyak Goreng,Sumatera Utara,20100.0
2024-02-17,Minyak Goreng,Sumatera Utara,20000.0
2024-02-18,Minyak Goreng,Sumatera Utara,19800.0
2024-02-19,Minyak Goreng,Sumatera Utara,20100.0
2024-02-20,Minyak Goreng,Sumatera Utara,20200.0
2024-02-21,Minyak Goreng,Sumatera Utara,20500.0
2024-02-22,Minyak Goreng,Sumatera Utara,20200.0
2024-02-23,Minyak Goreng,Sumatera Utara,20200.0
2024-02-24,Minyak Goreng,Sumatera Utara,20000.0
2024-02-25,Minyak Goreng,Sumatera Utara,20000.0
2024-02-26,Minyak Goreng,Sumatera Utara,20300.0
2024-02-27,Minyak Goreng,Sumatera Utara,20900.0
2024-02-28,Minyak Goreng,Sumatera Utara,20400.0
2024-02-29,Minyak Goreng,Sumatera Utara,20400.0
2024-03-01,Minyak Goreng,Sumatera Utara,20100.0
2024-03-02,Minyak Goreng,Sumatera Utara,20100.0
2024-03-03,Minyak Goreng,Sumatera Utara,20400.0
2024-03-04,Minyak Goreng,Sumatera Utara,20500.0
2024-03-05,Minyak Goreng,Sumatera Utara,20500.0
2024-03-06,Minyak Goreng,Sumatera Utara,20800.0
2024-03-07,Minyak Goreng,Sumatera Utara,20600.0
2024-03-08,Minyak Goreng,Sumatera Utara,20300.0
2024-03-09,Minyak Goreng,Sumatera Utara,20000.0
2024-03-10,Minyak Goreng,Sumatera Utara,20400.0
2024-03-11,Minyak Goreng,Sumatera Utara,20500.0
2024-03-12,Minyak Goreng,Sumatera Utara,20600.0
2024-03-13,Minyak Goreng,Sumatera Utara,20600.0
2024-03-14,Minyak Goreng,Sumatera Utara,20600.0
2024-03-15,Minyak Goreng,Sumatera Utara,20400.0
2024-03-16,Minyak Goreng,Sumatera Utara,20200.0
2024-03-17,Minyak Goreng,Sumatera Utara,20100.0
2024-03-18,Minyak Goreng,Sumatera Utara,20600.0
2024-03-19,Minyak Goreng,Sumatera Utara,20700.0
2024-03-20,Minyak Goreng,Sumatera Utara,20700.0
2024-03-21,Minyak Goreng,Sumatera Utara,20000.0
2024-03-22,Minyak Goreng,Sumatera Utara,20400.0
2024-03-23,Minyak Goreng,Sumatera Utara,20200.0
2024-03-24,Minyak Goreng,Sumatera Utara,20100.0
2024-03-25,Minyak Goreng,Sumatera Utara,20500.0
2024-03-26,Minyak Goreng,Sumatera Utara,20700.0
2024-03-27,Minyak Goreng,Sumatera Utara,20600.0
2024-03-28,Minyak Goreng,Sumatera Utara,20900.0
2024-03-29,Minyak Goreng,Sumatera Utara,20500.0
2024-03-30,Minyak Goreng,Sumatera Utara,20700.0
2024-03-31,Minyak Goreng,Sumatera Utara,21100.0
2024-04-01,Minyak Goreng,Sumatera Utara,21300.0
2024-04-02,Minyak Goreng,Sumatera Utara,21900.0
2024-04-03,Minyak Goreng,Sumatera Utara,22000.0
2024-04-04,Minyak Goreng,Sumatera Utara,22400.0
2024-04-05,Minyak Goreng,Sumatera Utara,22100.0
2024-04-06,Minyak Goreng,Sumatera Utara,22700.0
2024-04-07,Minyak Goreng,Sumatera Utara,23000.0
2024-04-08,Minyak Goreng,Sumatera Utara,23000.0
2024-04-09,Minyak Goreng,Sumatera Utara,23600.0
2024-04-10,Minyak Goreng,Sumatera Utara,23600.0
2024-04-11,Minyak Goreng,Sumatera Utara,20700.0
2024-04-12,Minyak Goreng,Sumatera Utara,20300.0
2024-04-13,Minyak Goreng,Sumatera Utara,20000.0
2024-04-14,Minyak Goreng,Sumatera Utara,19700.0
2024-04-15,Minyak Goreng,Sumatera Utara,20400.0
2024-04-16,Minyak Goreng,Sumatera Utara,20700.0
2024-04-17,Minyak Goreng,Sumatera Utara,20900.0
2024-04-18,Minyak Goreng,Sumatera Utara,20600.0
2024-04-19,Minyak Goreng,Sumatera Utara,20600.0
2024-04-20,Minyak Goreng,Sumatera Utara,20200.0
2024-04-21,Minyak Goreng,Sumatera Utara,20200.0
2024-04-22,Minyak Goreng,Sumatera Utara,20600.0
2024-04-23,Minyak Goreng,Sumatera Utara,20200.0
2024-04-24,Minyak Goreng,Sumatera Utara,20700.0
2024-04-25,Minyak Goreng,Sumatera Utara,20400.0
2024-04-26,Minyak Goreng,Sumatera Utara,20600.0
2024-04-27,Minyak Goreng,Sumatera Utara,20100.0
2024-04-28,Minyak Goreng,Sumatera Utara,20400.0
2024-04-29,Minyak Goreng,Sumatera Utara,20600.0
2024-04-30,Minyak Goreng,Sumatera Utara,20400.0
2024-05-01,Minyak Goreng,Sumatera Utara,20600.0
2024-05-02,Minyak Goreng,Sumatera Utara,20400.0
2024-05-03,Minyak Goreng,Sumatera Utara,20500.0
2024-05-04,Minyak Goreng,Sumatera Utara,20400.0
2024-05-05,Minyak Goreng,Sumatera Utara,20200.0
2024-05-06,Minyak Goreng,Sumatera Utara,20300.0
2024-05-07,Minyak Goreng,Sumatera Utara,20800.0
2024-05-08,Minyak Goreng,Sumatera Utara,20600.0
2024-05-09,Minyak Goreng,Sumatera Utara,20200.0
2024-05-10,Minyak Goreng,Sumatera Utara,20000.0
2024-05-11,Minyak Goreng,Sumatera Utara,20300.0
2024-05-12,Minyak Goreng,Sumatera Utara,20000.0
2024-05-13,Minyak Goreng,Sumatera Utara,20700.0
2024-05-14,Minyak Goreng,Sumatera Utara,20300.0
2024-05-15,Minyak Goreng,Sumatera Utara,20500.0
2024-05-16,Minyak Goreng,Sumatera Utara,20400.0
2024-05-17,Minyak Goreng,Sumatera Utara,20100.0
2024-05-18,Minyak Goreng,Sumatera Utara,19700.0
2024-05-19,Minyak Goreng,Sumatera Utara,20100.0
2024-05-20,Minyak Goreng,Sumatera Utara,20200.0
2024-05-21,Minyak Goreng,Sumatera Utara,20400.0
2024-05-22,Minyak Goreng,Sumatera Utara,20400.0
2024-05-23,Minyak Goreng,Sumatera Utara,20400.0
2024-05-24,Minyak Goreng,Sumatera Utara,20400.0
2024-05-25,Minyak Goreng,Sumatera Utara,19900.0
2024-05-26,Minyak Goreng,Sumatera Utara,19900.0
2024-05-27,Minyak Goreng,Sumatera Utara,19800.0
2024-05-28,Minyak Goreng,Sumatera Utara,20300.0
2024-05-29,Minyak Goreng,Sumatera Utara,20400.0
2024-05-30,Minyak Goreng,Sumatera Utara,20200.0
2024-05-31,Minyak Goreng,Sumatera Utara,20100.0
2024-06-01,Minyak Goreng,Sumatera Utara,19800.0
2024-06-02,Minyak Goreng,Sumatera Utara,19700.0
2024-06-03,Minyak Goreng,Sumatera Utara,20100.0
2024-06-04,Minyak Goreng,Sumatera Utara,20400.0
2024-06-05,Minyak Goreng,Sumatera Utara,20600.0
2024-06-06,Minyak Goreng,Sumatera Utara,20600.0
2024-06-07,Minyak Goreng,Sumatera Utara,20600.0
2024-06-08,Minyak Goreng,Sumatera Utara,20800.0
2024-06-09,Minyak Goreng,Sumatera Utara,21000.0
2024-06-10,Minyak Goreng,Sumatera Utara,21700.0
2024-06-11,Minyak Goreng,Sumatera Utara,21900.0
2024-06-12,Minyak Goreng,Sumatera Utara,22100.0
2024-06-13,Minyak Goreng,Sumatera Utara,22000.0
2024-06-14,Minyak Goreng,Sumatera Utara,21700.0
2024-06-15,Minyak Goreng,Sumatera Utara,22000.0
2024-06-16,Minyak Goreng,Sumatera Utara,22300.0
2024-06-17,Minyak Goreng,Sumatera Utara,22700.0
2024-06-18,Minyak Goreng,Sumatera Utara,20000.0
2024-06-19,Minyak Goreng,Sumatera Utara,20100.0
2024-06-20,Minyak Goreng,Sumatera Utara,19900.0
2024-06-21,Minyak Goreng,Sumatera Utara,19900.0
2024-06-22,Minyak Goreng,Sumatera Utara,19500.0
2024-06-23,Minyak Goreng,Sumatera Utara,19600.0
2024-06-24,Minyak Goreng,Sumatera Utara,19800.0
2024-06-25,Minyak Goreng,Sumatera Utara,19900.0
2024-06-26,Minyak Goreng,Sumatera Utara,20200.0
2024-06-27,Minyak Goreng,Sumatera Utara,19900.0
2024-06-28,Minyak Goreng,Sumatera Utara,19400.0
2024-06-29,Minyak Goreng,Sumatera Utara,19400.0
2024-06-30,Minyak Goreng,Sumatera Utara,19500.0
2024-07-01,Minyak Goreng,Sumatera Utara,20000.0
2024-07-02,Minyak Goreng,Sumatera Utara,19700.0
2024-07-03,Minyak Goreng,Sumatera Utara,19600.0
2024-07-04,Minyak Goreng,Sumatera Utara,19800.0
2024-07-05,Minyak Goreng,Sumatera Utara,19600.0
2024-07-06,Minyak Goreng,Sumatera Utara,19400.0
2024-07-07,Minyak Goreng,Sumatera Utara,19400.0
2024-07-08,Minyak Goreng,Sumatera Utara,19800.0
2024-07-09,Minyak Goreng,Sumatera Utara,19600.0
2024-07-10,Minyak Goreng,Sumatera Utara,19700.0
2024-07-11,Minyak Goreng,Sumatera Utara,19500.0
2024-07-12,Minyak Goreng,Sumatera Utara,19600.0
2024-07-13,Minyak Goreng,Sumatera Utara,19400.0
2024-07-14,Minyak Goreng,Sumatera Utara,19200.0
2024-07-15,Minyak Goreng,Sumatera Utara,19300.0
2024-07-16,Minyak Goreng,Sumatera Utara,19900.0
2024-07-17,Minyak Goreng,Sumatera Utara,19800.0
2024-07-18,Minyak Goreng,Sumatera Utara,19600.0
2024-07-19,Minyak Goreng,Sumatera Utara,19300.0
2024-07-20,Minyak Goreng,Sumatera Utara,19500.0
2024-07-21,Minyak Goreng,Sumatera Utara,19000.0
2024-07-22,Minyak Goreng,Sumatera Utara,19500.0
2024-07-23,Minyak Goreng,Sumatera Utara,19500.0
2024-07-24,Minyak Goreng,Sumatera Utara,19500.0
2024-07-25,Minyak Goreng,Sumatera Utara,19600.0
2024-07-26,Minyak Goreng,Sumatera Utara,19200.0
2024-07-27,Minyak Goreng,Sumatera Utara,19100.0
2024-07-28,Minyak Goreng,Sumatera Utara,19100.0
2024-07-29,Minyak Goreng,Sumatera Utara,19000.0
2024-07-30,Minyak Goreng,Sumatera Utara,19500.0
2024-07-31,Minyak Goreng,Sumatera Utara,19300.0
2024-08-01,Minyak Goreng,Sumatera Utara,19700.0
2024-08-02,Minyak Goreng,Sumatera Utara,19100.0
2024-08-03,Minyak Goreng,Sumatera Utara,19300.0
2024-08-04,Minyak Goreng,Sumatera Utara,18800.0
2024-08-05,Minyak Goreng,Sumatera Utara,19300.0
2024-08-06,Minyak Goreng,Sumatera Utara,19500.0
2024-08-07,Minyak Goreng,Sumatera Utara,19600.0
2024-08-08,Minyak Goreng,Sumatera Utara,19000.0
2024-08-09,Minyak Goreng,Sumatera Utara,19000.0
2024-08-10,Minyak Goreng,Sumatera Utara,19100.0
2024-08-11,Minyak Goreng,Sumatera Utara,19000.0
2024-08-12,Minyak Goreng,Sumatera Utara,19200.0
2024-08-13,Minyak Goreng,Sumatera Utara,19200.0
2024-08-14,Minyak Goreng,Sumatera Utara,19600.0
2024-08-15,Minyak Goreng,Sumatera Utara,19600.0
2024-08-16,Minyak Goreng,Sumatera Utara,19000.0
2024-08-17,Minyak Goreng,Sumatera Utara,19000.0
2024-08-18,Minyak Goreng,Sumatera Utara,19000.0
2024-08-19,Minyak Goreng,Sumatera Utara,19400.0
2024-08-20,Minyak Goreng,Sumatera Utara,19400.0
2024-08-21,Minyak Goreng,Sumatera Utara,19100.0
2024-08-22,Minyak Goreng,Sumatera Utara,19100.0
2024-08-23,Minyak Goreng,Sumatera Utara,18900.0
2024-08-24,Minyak Goreng,Sumatera Utara,19400.0
2024-08-25,Minyak Goreng,Sumatera Utara,19000.0
2024-08-26,Minyak Goreng,Sumatera Utara,19000.0
2024-08-27,Minyak Goreng,Sumatera Utara,19100.0
2024-08-28,Minyak Goreng,Sumatera Utara,19400.0
2024-08-29,Minyak Goreng,Sumatera Utara,19300.0
2024-08-30,Minyak Goreng,Sumatera Utara,19100.0
2024-08-31,Minyak Goreng,Sumatera Utara,18800.0
2024-09-01,Minyak Goreng,Sumatera Utara,19000.0
2024-09-02,Minyak Goreng,Sumatera Utara,19100.0
2024-09-03,Minyak Goreng,Sumatera Utara,19000.0
2024-09-04,Minyak Goreng,Sumatera Utara,19000.0
2024-09-05,Minyak Goreng,Sumatera Utara,19200.0
2024-09-06,Minyak Goreng,Sumatera Utara,18900.0
2024-09-07,Minyak Goreng,Sumatera Utara,18900.0
2024-09-08,Minyak Goreng,Sumatera Utara,18900.0
2024-09-09,Minyak Goreng,Sumatera Utara,19200.0
2024-09-10,Minyak Goreng,Sumatera Utara,18900.0
2024-09-11,Minyak Goreng,Sumatera Utara,19200.0
2024-09-12,Minyak Goreng,Sumatera Utara,19100.0
2024-09-13,Minyak Goreng,Sumatera Utara,18800.0
2024-09-14,Minyak Goreng,Sumatera Utara,18700.0
2024-09-15,Minyak Goreng,Sumatera Utara,18700.0
2024-09-16,Minyak Goreng,Sumatera Utara,19200.0
2024-09-17,Minyak Goreng,Sumatera Utara,19000.0
2024-09-18,Minyak Goreng,Sumatera Utara,19100.0
2024-09-19,Minyak Goreng,Sumatera Utara,18900.0
2024-09-20,Minyak Goreng,Sumatera Utara,18700.0
2024-09-21,Minyak Goreng,Sumatera Utara,18500.0
2024-09-22,Minyak Goreng,Sumatera Utara,18900.0
2024-09-23,Minyak Goreng,Sumatera Utara,18900.0
2024-09-24,Minyak Goreng,Sumatera Utara,18900.0
2024-09-25,Minyak Goreng,Sumatera Utara,18800.0
2024-09-26,Minyak Goreng,Sumatera Utara,18900.0
2024-09-27,Minyak Goreng,Sumatera Utara,18700.0
2024-09-28,Minyak Goreng,Sumatera Utara,18600.0
2024-09-29,Minyak Goreng,Sumatera Utara,18500.0
2024-09-30,Minyak Goreng,Sumatera Utara,18900.0
2024-10-01,Minyak Goreng,Sumatera Utara,19100.0
2024-10-02,Minyak Goreng,Sumatera Utara,19300.0
2024-10-03,Minyak Goreng,Sumatera Utara,19000.0
2024-10-04,Minyak Goreng,Sumatera Utara,18800.0
2024-10-05,Minyak Goreng,Sumatera Utara,18500.0
2024-10-06,Minyak Goreng,Sumatera Utara,18900.0
2024-10-07,Minyak Goreng,Sumatera Utara,19100.0
2024-10-08,Minyak Goreng,Sumatera Utara,19000.0
2024-10-09,Minyak Goreng,Sumatera Utara,18800.0
2024-10-10,Minyak Goreng,Sumatera Utara,18800.0
2024-10-11,Minyak Goreng,Sumatera Utara,18700.0
2024-10-12,Minyak Goreng,Sumatera Utara,18900.0
2024-10-13,Minyak Goreng,Sumatera Utara,18800.0
2024-10-14,Minyak Goreng,Sumatera Utara,18600.0
2024-10-15,Minyak Goreng,Sumatera Utara,19100.0
2024-10-16,Minyak Goreng,Sumatera Utara,19000.0
2024-10-17,Minyak Goreng,Sumatera Utara,18900.0
2024-10-18,Minyak Goreng,Sumatera Utara,19000.0
2024-10-19,Minyak Goreng,Sumatera Utara,18800.0
2024-10-20,Minyak Goreng,Sumatera Utara,18900.0
2024-10-21,Minyak Goreng,Sumatera Utara,18900.0
2024-10-22,Minyak Goreng,Sumatera Utara,19200.0
2024-10-23,Minyak Goreng,Sumatera Utara,19100.0
2024-10-24,Minyak Goreng,Sumatera Utara,19000.0
2024-10-25,Minyak Goreng,Sumatera Utara,18900.0
2024-10-26,Minyak Goreng,Sumatera Utara,18800.0
2024-10-27,Minyak Goreng,Sumatera Utara,18600.0
2024-10-28,Minyak Goreng,Sumatera Utara,18900.0
2024-10-29,Minyak Goreng,Sumatera Utara,19400.0
2024-10-30,Minyak Goreng,Sumatera Utara,19000.0
2024-10-31,Minyak Goreng,Sumatera Utara,18900.0
2024-11-01,Minyak Goreng,Sumatera Utara,18800.0
2024-11-02,Minyak Goreng,Sumatera Utara,19300.0
2024-11-03,Minyak Goreng,Sumatera Utara,19000.0
2024-11-04,Minyak Goreng,Sumatera Utara,19000.0
2024-11-05,Minyak Goreng,Sumatera Utara,19300.0
2024-11-06,Minyak Goreng,Sumatera Utara,19300.0
2024-11-07,Minyak Goreng,Sumatera Utara,19000.0
2024-11-08,Minyak Goreng,Sumatera Utara,18900.0
2024-11-09,Minyak Goreng,Sumatera Utara,18900.0
2024-11-10,Minyak Goreng,Sumatera Utara,18800.0
2024-11-11,Minyak Goreng,Sumatera Utara,19000.0
2024-11-12,Minyak Goreng,Sumatera Utara,19300.0
2024-11-13,Minyak Goreng,Sumatera Utara,19200.0
2024-11-14,Minyak Goreng,Sumatera Utara,19700.0
2024-11-15,Minyak Goreng,Sumatera Utara,19200.0
2024-11-16,Minyak Goreng,Sumatera Utara,18800.0
2024-11-17,Minyak Goreng,Sumatera Utara,18600.0
2024-11-18,Minyak Goreng,Sumatera Utara,19100.0
2024-11-19,Minyak Goreng,Sumatera Utara,19500.0
2024-11-20,Minyak Goreng,Sumatera Utara,19500.0
2024-11-21,Minyak Goreng,Sumatera Utara,19300.0
2024-11-22,Minyak Goreng,Sumatera Utara,19100.0
2024-11-23,Minyak Goreng,Sumatera Utara,18900.0
2024-11-24,Minyak Goreng,Sumatera Utara,19000.0
2024-11-25,Minyak Goreng,Sumatera Utara,19100.0
2024-11-26,Minyak Goreng,Sumatera Utara,19300.0
2024-11-27,Minyak Goreng,Sumatera Utara,19700.0
2024-11-28,Minyak Goreng,Sumatera Utara,19300.0
2024-11-29,Minyak Goreng,Sumatera Utara,19300.0
2024-11-30,Minyak Goreng,Sumatera Utara,19300.0
2024-12-01,Minyak Goreng,Sumatera Utara,19000.0
2024-12-02,Minyak Goreng,Sumatera Utara,19300.0
2024-12-03,Minyak Goreng,Sumatera Utara,19800.0
2024-12-04,Minyak Goreng,Sumatera Utara,19500.0
2024-12-05,Minyak Goreng,Sumatera Utara,19600.0
2024-12-06,Minyak Goreng,Sumatera Utara,19800.0
2024-12-07,Minyak Goreng,Sumatera Utara,19600.0
2024-12-08,Minyak Goreng,Sumatera Utara,19500.0
2024-12-09,Minyak Goreng,Sumatera Utara,19800.0
2024-12-10,Minyak Goreng,Sumatera Utara,19800.0
2024-12-11,Minyak Goreng,Sumatera Utara,20000.0
2024-12-12,Minyak Goreng,Sumatera Utara,19400.0
2024-12-13,Minyak Goreng,Sumatera Utara,19600.0
2024-12-14,Minyak Goreng,Sumatera Utara,19200.0
2024-12-15,Minyak Goreng,Sumatera Utara,19700.0
2024-12-16,Minyak Goreng,Sumatera Utara,19700.0
2024-12-17,Minyak Goreng,Sumatera Utara,20200.0
2024-12-18,Minyak Goreng,Sumatera Utara,20100.0
2024-12-19,Minyak Goreng,Sumatera Utara,19800.0
2024-12-20,Minyak Goreng,Sumatera Utara,19700.0
2024-12-21,Minyak Goreng,Sumatera Utara,19800.0
2024-12-22,Minyak Goreng,Sumatera Utara,19700.0
2024-12-23,Minyak Goreng,Sumatera Utara,20000.0
2024-12-24,Minyak Goreng,Sumatera Utara,20400.0
2024-12-25,Minyak Goreng,Sumatera Utara,20100.0
2024-12-26,Minyak Goreng,Sumatera Utara,20100.0
2024-12-27,Minyak Goreng,Sumatera Utara,20000.0
2024-12-28,Minyak Goreng,Sumatera Utara,20500.0
2024-12-29,Minyak Goreng,Sumatera Utara,20100.0
2024-12-30,Minyak Goreng,Sumatera Utara,20300.0
2024-12-31,Minyak Goreng,Sumatera Utara,20500.0
2025-01-01,Minyak Goreng,Sumatera Utara,20500.0
2025-01-02,Minyak Goreng,Sumatera Utara,20300.0
2025-01-03,Minyak Goreng,Sumatera Utara,20100.0
2025-01-04,Minyak Goreng,Sumatera Utara,19800.0
2025-01-05,Minyak Goreng,Sumatera Utara,20100.0
2025-01-06,Minyak Goreng,Sumatera Utara,20200.0
2025-01-07,Minyak Goreng,Sumatera Utara,20500.0
2025-01-08,Minyak Goreng,Sumatera Utara,20500.0
2025-01-09,Minyak Goreng,Sumatera Utara,20600.0
2025-01-10,Minyak Goreng,Sumatera Utara,20400.0
2025-01-11,Minyak Goreng,Sumatera Utara,19700.0
2025-01-12,Minyak Goreng,Sumatera Utara,20100.0
2025-01-13,Minyak Goreng,Sumatera Utara,20100.0
2025-01-14,Minyak Goreng,Sumatera Utara,20600.0
2025-01-15,Minyak Goreng,Sumatera Utara,20600.0
2025-01-16,Minyak Goreng,Sumatera Utara,20800.0
2025-01-17,Minyak Goreng,Sumatera Utara,20400.0
2025-01-18,Minyak Goreng,Sumatera Utara,20300.0
2025-01-19,Minyak Goreng,Sumatera Utara,20500.0
2025-01-20,Minyak Goreng,Sumatera Utara,20500.0
2025-01-21,Minyak Goreng,Sumatera Utara,20700.0
2025-01-22,Minyak Goreng,Sumatera Utara,20800.0
2025-01-23,Minyak Goreng,Sumatera Utara,21000.0
2025-01-24,Minyak Goreng,Sumatera Utara,20700.0
2025-01-25,Minyak Goreng,Sumatera Utara,20600.0
2025-01-26,Minyak Goreng,Sumatera Utara,21000.0
2025-01-27,Minyak Goreng,Sumatera Utara,20600.0
2025-01-28,Minyak Goreng,Sumatera Utara,20700.0
2025-01-29,Minyak Goreng,Sumatera Utara,21000.0
2025-01-30,Minyak Goreng,Sumatera Utara,21100.0
2025-01-31,Minyak Goreng,Sumatera Utara,20500.0
2025-02-01,Minyak Goreng,Sumatera Utara,20900.0
2025-02-02,Minyak Goreng,Sumatera Utara,20300.0
2025-02-03,Minyak Goreng,Sumatera Utara,20800.0
2025-02-04,Minyak Goreng,Sumatera Utara,21000.0
2025-02-05,Minyak Goreng,Sumatera Utara,20800.0
2025-02-06,Minyak Goreng,Sumatera Utara,20800.0
2025-02-07,Minyak Goreng,Sumatera Utara,20900.0
2025-02-08,Minyak Goreng,Sumatera Utara,20900.0
2025-02-09,Minyak Goreng,Sumatera Utara,20300.0
2025-02-10,Minyak Goreng,Sumatera Utara,20900.0
2025-02-11,Minyak Goreng,Sumatera Utara,21000.0
2025-02-12,Minyak Goreng,Sumatera Utara,21100.0
2025-02-13,Minyak Goreng,Sumatera Utara,20900.0
2025-02-14,Minyak Goreng,Sumatera Utara,20600.0
2025-02-15,Minyak Goreng,Sumatera Utara,21000.0
2025-02-16,Minyak Goreng,Sumatera Utara,21000.0
2025-02-17,Minyak Goreng,Sumatera Utara,20900.0
2025-02-18,Minyak Goreng,Sumatera Utara,21000.0
2025-02-19,Minyak Goreng,Sumatera Utara,21000.0
2025-02-20,Minyak Goreng,Sumatera Utara,20600.0
2025-02-21,Minyak Goreng,Sumatera Utara,21000.0
2025-02-22,Minyak Goreng,Sumatera Utara,20900.0
2025-02-23,Minyak Goreng,Sumatera Utara,20900.0
2025-02-24,Minyak Goreng,Sumatera Utara,21000.0
2025-02-25,Minyak Goreng,Sumatera Utara,21100.0
2025-02-26,Minyak Goreng,Sumatera Utara,21000.0
2025-02-27,Minyak Goreng,Sumatera Utara,21000.0
2025-02-28,Minyak Goreng,Sumatera Utara,20800.0
2025-03-01,Minyak Goreng,Sumatera Utara,20900.0
2025-03-02,Minyak Goreng,Sumatera Utara,21100.0
2025-03-03,Minyak Goreng,Sumatera Utara,20900.0
2025-03-04,Minyak Goreng,Sumatera Utara,20900.0
2025-03-05,Minyak Goreng,Sumatera Utara,21100.0
2025-03-06,Minyak Goreng,Sumatera Utara,21400.0
2025-03-07,Minyak Goreng,Sumatera Utara,20600.0
2025-03-08,Minyak Goreng,Sumatera Utara,20900.0
2025-03-09,Minyak Goreng,Sumatera Utara,21000.0
2025-03-10,Minyak Goreng,Sumatera Utara,20900.0
2025-03-11,Minyak Goreng,Sumatera Utara,21000.0
2025-03-12,Minyak Goreng,Sumatera Utara,21200.0
2025-03-13,Minyak Goreng,Sumatera Utara,21000.0
2025-03-14,Minyak Goreng,Sumatera Utara,20900.0
2025-03-15,Minyak Goreng,Sumatera Utara,21100.0
2025-03-16,Minyak Goreng,Sumatera Utara,20800.0
2025-03-17,Minyak Goreng,Sumatera Utara,20700.0
2025-03-18,Minyak Goreng,Sumatera Utara,21300.0
2025-03-19,Minyak Goreng,Sumatera Utara,21600.0
2025-03-20,Minyak Goreng,Sumatera Utara,21900.0
2025-03-21,Minyak Goreng,Sumatera Utara,21700.0
2025-03-22,Minyak Goreng,Sumatera Utara,21800.0
2025-03-23,Minyak Goreng,Sumatera Utara,21900.0
2025-03-24,Minyak Goreng,Sumatera Utara,22600.0
2025-03-25,Minyak Goreng,Sumatera Utara,23500.0
2025-03-26,Minyak Goreng,Sumatera Utara,23100.0
2025-03-27,Minyak Goreng,Sumatera Utara,23400.0
2025-03-28,Minyak Goreng,Sumatera Utara,23100.0
2025-03-29,Minyak Goreng,Sumatera Utara,23100.0
2025-03-30,Minyak Goreng,Sumatera Utara,23700.0
2025-03-31,Minyak Goreng,Sumatera Utara,24000.0
2025-04-01,Minyak Goreng,Sumatera Utara,20600.0
2025-04-02,Minyak Goreng,Sumatera Utara,21400.0
2025-04-03,Minyak Goreng,Sumatera Utara,21100.0
2025-04-04,Minyak Goreng,Sumatera Utara,20800.0
2025-04-05,Minyak Goreng,Sumatera Utara,20600.0
2025-04-06,Minyak Goreng,Sumatera Utara,20800.0
2025-04-07,Minyak Goreng,Sumatera Utara,21000.0
2025-04-08,Minyak Goreng,Sumatera Utara,21200.0
2025-04-09,Minyak Goreng,Sumatera Utara,21400.0
2025-04-10,Minyak Goreng,Sumatera Utara,21200.0
2025-04-11,Minyak Goreng,Sumatera Utara,21200.0
2025-04-12,Minyak Goreng,Sumatera Utara,20500.0
2025-04-13,Minyak Goreng,Sumatera Utara,20600.0
2025-04-14,Minyak Goreng,Sumatera Utara,20900.0
2025-04-15,Minyak Goreng,Sumatera Utara,20900.0
2025-04-16,Minyak Goreng,Sumatera Utara,20900.0
2025-04-17,Minyak Goreng,Sumatera Utara,21000.0
2025-04-18,Minyak Goreng,Sumatera Utara,20900.0
2025-04-19,Minyak Goreng,Sumatera Utara,20900.0
2025-04-20,Minyak Goreng,Sumatera Utara,20600.0
2025-04-21,Minyak Goreng,Sumatera Utara,20900.0
2025-04-22,Minyak Goreng,Sumatera Utara,21100.0
2025-04-23,Minyak Goreng,Sumatera Utara,21100.0
2025-04-24,Minyak Goreng,Sumatera Utara,20800.0
2025-04-25,Minyak Goreng,Sumatera Utara,20600.0
2025-04-26,Minyak Goreng,Sumatera Utara,20700.0
2025-04-27,Minyak Goreng,Sumatera Utara,20500.0
2025-04-28,Minyak Goreng,Sumatera Utara,20500.0
2025-04-29,Minyak Goreng,Sumatera Utara,21000.0
2025-04-30,Minyak Goreng,Sumatera Utara,21300.0
2025-05-01,Minyak Goreng,Sumatera Utara,20400.0
2025-05-02,Minyak Goreng,Sumatera Utara,20700.0
2025-05-03,Minyak Goreng,Sumatera Utara,20800.0
2025-05-04,Minyak Goreng,Sumatera Utara,20300.0
2025-05-05,Minyak Goreng,Sumatera Utara,20800.0
2025-05-06,Minyak Goreng,Sumatera Utara,20700.0
2025-05-07,Minyak Goreng,Sumatera Utara,20800.0
2025-05-08,Minyak Goreng,Sumatera Utara,20800.0
2025-05-09,Minyak Goreng,Sumatera Utara,20400.0
2025-05-10,Minyak Goreng,Sumatera Utara,20300.0
2025-05-11,Minyak Goreng,Sumatera Utara,20500.0
2025-05-12,Minyak Goreng,Sumatera Utara,21100.0
2025-05-13,Minyak Goreng,Sumatera Utara,21000.0
2025-05-14,Minyak Goreng,Sumatera Utara,21100.0
2025-05-15,Minyak Goreng,Sumatera Utara,21000.0
2025-05-16,Minyak Goreng,Sumatera Utara,20500.0
2025-05-17,Minyak Goreng,Sumatera Utara,20600.0
2025-05-18,Minyak Goreng,Sumatera Utara,20800.0
2025-05-19,Minyak Goreng,Sumatera Utara,20900.0
2025-05-20,Minyak Goreng,Sumatera Utara,21000.0
2025-05-21,Minyak Goreng,Sumatera Utara,21100.0
2025-05-22,Minyak Goreng,Sumatera Utara,21300.0
2025-05-23,Minyak Goreng,Sumatera Utara,20800.0
2025-05-24,Minyak Goreng,Sumatera Utara,20600.0
2025-05-25,Minyak Goreng,Sumatera Utara,20900.0
2025-05-26,Minyak Goreng,Sumatera Utara,21100.0
2025-05-27,Minyak Goreng,Sumatera Utara,22100.0
2025-05-28,Minyak Goreng,Sumatera Utara,22200.0
2025-05-29,Minyak Goreng,Sumatera Utara,22000.0
2025-05-30,Minyak Goreng,Sumatera Utara,22400.0
2025-05-31,Minyak Goreng,Sumatera Utara,22300.0
2025-06-01,Minyak Goreng,Sumatera Utara,22300.0
2025-06-02,Minyak Goreng,Sumatera Utara,22900.0
2025-06-03,Minyak Goreng,Sumatera Utara,23200.0
2025-06-04,Minyak Goreng,Sumatera Utara,23500.0
2025-06-05,Minyak Goreng,Sumatera Utara,23100.0
2025-06-06,Minyak Goreng,Sumatera Utara,23200.0
2025-06-07,Minyak Goreng,Sumatera Utara,20500.0
2025-06-08,Minyak Goreng,Sumatera Utara,20600.0
2025-06-09,Minyak Goreng,Sumatera Utara,20700.0
2025-06-10,Minyak Goreng,Sumatera Utara,21000.0
2025-06-11,Minyak Goreng,Sumatera Utara,20700.0
2025-06-12,Minyak Goreng,Sumatera Utara,20600.0
2025-06-13,Minyak Goreng,Sumatera Utara,20100.0
2025-06-14,Minyak Goreng,Sumatera Utara,20100.0
2025-06-15,Minyak Goreng,Sumatera Utara,19800.0
2025-06-16,Minyak Goreng,Sumatera Utara,20300.0
2025-06-17,Minyak Goreng,Sumatera Utara,20100.0
2025-06-18,Minyak Goreng,Sumatera Utara,20700.0
2025-06-19,Minyak Goreng,Sumatera Utara,20400.0
2025-06-20,Minyak Goreng,Sumatera Utara,19800.0
2025-06-21,Minyak Goreng,Sumatera Utara,20000.0
2025-06-22,Minyak Goreng,Sumatera Utara,20400.0
2025-06-23,Minyak Goreng,Sumatera Utara,20200.0
2025-06-24,Minyak Goreng,Sumatera Utara,20200.0
2025-06-25,Minyak Goreng,Sumatera Utara,20100.0
2025-06-26,Minyak Goreng,Sumatera Utara,20000.0
2025-06-27,Minyak Goreng,Sumatera Utara,20200.0
2025-06-28,Minyak Goreng,Sumatera Utara,19800.0
2025-06-29,Minyak Goreng,Sumatera Utara,19900.0
2025-06-30,Minyak Goreng,Sumatera Utara,20000.0
2025-07-01,Minyak Goreng,Sumatera Utara,20200.0
2025-07-02,Minyak Goreng,Sumatera Utara,20000.0
2025-07-03,Minyak Goreng,Sumatera Utara,20100.0
2025-07-04,Minyak Goreng,Sumatera Utara,19700.0
2025-07-05,Minyak Goreng,Sumatera Utara,19700.0
2025-07-06,Minyak Goreng,Sumatera Utara,20000.0
2025-07-07,Minyak Goreng,Sumatera Utara,20000.0
2025-07-08,Minyak Goreng,Sumatera Utara,20200.0
2025-07-09,Minyak Goreng,Sumatera Utara,20400.0
2025-07-10,Minyak Goreng,Sumatera Utara,19900.0
2025-07-11,Minyak Goreng,Sumatera Utara,19700.0
2025-07-12,Minyak Goreng,Sumatera Utara,19600.0
2025-07-13,Minyak Goreng,Sumatera Utara,19500.0
2025-07-14,Minyak Goreng,Sumatera Utara,19600.0
2025-07-15,Minyak Goreng,Sumatera Utara,19900.0
2025-07-16,Minyak Goreng,Sumatera Utara,20000.0
2025-07-17,Minyak Goreng,Sumatera Utara,19900.0
2025-07-18,Minyak Goreng,Sumatera Utara,19600.0
2025-07-19,Minyak Goreng,Sumatera Utara,19700.0
2025-07-20,Minyak Goreng,Sumatera Utara,19500.0
2025-07-21,Minyak Goreng,Sumatera Utara,19600.0
2025-07-22,Minyak Goreng,Sumatera Utara,19700.0
2025-07-23,Minyak Goreng,Sumatera Utara,19600.0
2025-07-24,Minyak Goreng,Sumatera Utara,19900.0
2025-07-25,Minyak Goreng,Sumatera Utara,19400.0
2025-07-26,Minyak Goreng,Sumatera Utara,19200.0
2025-07-27,Minyak Goreng,Sumatera Utara,19400.0
2025-07-28,Minyak Goreng,Sumatera Utara,19500.0
2025-07-29,Minyak Goreng,Sumatera Utara,20000.0
2025-07-30,Minyak Goreng,Sumatera Utara,19700.0
2025-07-31,Minyak Goreng,Sumatera Utara,20100.0
2025-08-01,Minyak Goreng,Sumatera Utara,19500.0
2025-08-02,Minyak Goreng,Sumatera Utara,19700.0
2025-08-03,Minyak Goreng,Sumatera Utara,19500.0
2025-08-04,Minyak Goreng,Sumatera Utara,19600.0
2025-08-05,Minyak Goreng,Sumatera Utara,19900.0
2025-08-06,Minyak Goreng,Sumatera Utara,19900.0
2025-08-07,Minyak Goreng,Sumatera Utara,19600.0
2025-08-08,Minyak Goreng,Sumatera Utara,19800.0
2025-08-09,Minyak Goreng,Sumatera Utara,19100.0
2025-08-10,Minyak Goreng,Sumatera Utara,19100.0
2025-08-11,Minyak Goreng,Sumatera Utara,19300.0
2025-08-12,Minyak Goreng,Sumatera Utara,19900.0
2025-08-13,Minyak Goreng,Sumatera Utara,19900.0
2025-08-14,Minyak Goreng,Sumatera Utara,19400.0
2025-08-15,Minyak Goreng,Sumatera Utara,18900.0
2025-08-16,Minyak Goreng,Sumatera Utara,19200.0
2025-08-17,Minyak Goreng,Sumatera Utara,19100.0
2025-08-18,Minyak Goreng,Sumatera Utara,19300.0
2025-08-19,Minyak Goreng,Sumatera Utara,19300.0
2025-08-20,Minyak Goreng,Sumatera Utara,19200.0
2025-08-21,Minyak Goreng,Sumatera Utara,19700.0
2025-08-22,Minyak Goreng,Sumatera Utara,19100.0
2025-08-23,Minyak Goreng,Sumatera Utara,19300.0
2025-08-24,Minyak Goreng,Sumatera Utara,19100.0
2025-08-25,Minyak Goreng,Sumatera Utara,19100.0
2025-08-26,Minyak Goreng,Sumatera Utara,19500.0
2025-08-27,Minyak Goreng,Sumatera Utara,19400.0
2025-08-28,Minyak Goreng,Sumatera Utara,19300.0
2025-08-29,Minyak Goreng,Sumatera Utara,19200.0
2025-08-30,Minyak Goreng,Sumatera Utara,18900.0
2025-08-31,Minyak Goreng,Sumatera Utara,18800.0
2025-09-01,Minyak Goreng,Sumatera Utara,19200.0
2025-09-02,Minyak Goreng,Sumatera Utara,19600.0
2025-09-03,Minyak Goreng,Sumatera Utara,19200.0
2025-09-04,Minyak Goreng,Sumatera Utara,19300.0
2025-09-05,Minyak Goreng,Sumatera Utara,19400.0
2025-09-06,Minyak Goreng,Sumatera Utara,19000.0
2025-09-07,Minyak Goreng,Sumatera Utara,19100.0
2025-09-08,Minyak Goreng,Sumatera Utara,19200.0
2025-09-09,Minyak Goreng,Sumatera Utara,19200.0
2025-09-10,Minyak Goreng,Sumatera Utara,19200.0
2025-09-11,Minyak Goreng,Sumatera Utara,19100.0
2025-09-12,Minyak Goreng,Sumatera Utara,19200.0
2025-09-13,Minyak Goreng,Sumatera Utara,19100.0
2025-09-14,Minyak Goreng,Sumatera Utara,19200.0
2025-09-15,Minyak Goreng,Sumatera Utara,19100.0
2025-09-16,Minyak Goreng,Sumatera Utara,19500.0
2025-09-17,Minyak Goreng,Sumatera Utara,19400.0
2025-09-18,Minyak Goreng,Sumatera Utara,19300.0
2025-09-19,Minyak Goreng,Sumatera Utara,18500.0
2025-09-20,Minyak Goreng,Sumatera Utara,18800.0
2025-09-21,Minyak Goreng,Sumatera Utara,18800.0
2025-09-22,Minyak Goreng,Sumatera Utara,19300.0
2025-09-23,Minyak Goreng,Sumatera Utara,19300.0
2025-09-24,Minyak Goreng,Sumatera Utara,19200.0
2025-09-25,Minyak Goreng,Sumatera Utara,19300.0
2025-09-26,Minyak Goreng,Sumatera Utara,18800.0
2025-09-27,Minyak Goreng,Sumatera Utara,18800.0
2025-09-28,Minyak Goreng,Sumatera Utara,18900.0
2025-09-29,Minyak Goreng,Sumatera Utara,19200.0
2025-09-30,Minyak Goreng,Sumatera Utara,19500.0
2025-10-01,Minyak Goreng,Sumatera Utara,19300.0
2025-10-02,Minyak Goreng,Sumatera Utara,19500.0
2025-10-03,Minyak Goreng,Sumatera Utara,19100.0
2025-10-04,Minyak Goreng,Sumatera Utara,19100.0
2025-10-05,Minyak Goreng,Sumatera Utara,19000.0
2025-10-06,Minyak Goreng,Sumatera Utara,19100.0
2025-10-07,Minyak Goreng,Sumatera Utara,19400.0
2025-10-08,Minyak Goreng,Sumatera Utara,19500.0
2025-10-09,Minyak Goreng,Sumatera Utara,19100.0
2025-10-10,Minyak Goreng,Sumatera Utara,19100.0
2025-10-11,Minyak Goreng,Sumatera Utara,19300.0
2025-10-12,Minyak Goreng,Sumatera Utara,19100.0
2025-10-13,Minyak Goreng,Sumatera Utara,19300.0
2025-10-14,Minyak Goreng,Sumatera Utara,19600.0
2025-10-15,Minyak Goreng,Sumatera Utara,19400.0
2025-10-16,Minyak Goreng,Sumatera Utara,19400.0
2025-10-17,Minyak Goreng,Sumatera Utara,19400.0
2025-10-18,Minyak Goreng,Sumatera Utara,19400.0
2025-10-19,Minyak Goreng,Sumatera Utara,18800.0
2025-10-20,Minyak Goreng,Sumatera Utara,19200.0
2025-10-21,Minyak Goreng,Sumatera Utara,19300.0
2025-10-22,Minyak Goreng,Sumatera Utara,19500.0
2025-10-23,Minyak Goreng,Sumatera Utara,19300.0
2025-10-24,Minyak Goreng,Sumatera Utara,19400.0
2025-10-25,Minyak Goreng,Sumatera Utara,19300.0
2025-10-26,Minyak Goreng,Sumatera Utara,19400.0
2025-10-27,Minyak Goreng,Sumatera Utara,19600.0
2025-10-28,Minyak Goreng,Sumatera Utara,19800.0
2025-10-29,Minyak Goreng,Sumatera Utara,19600.0
2025-10-30,Minyak Goreng,Sumatera Utara,19600.0
2025-10-31,Minyak Goreng,Sumatera Utara,19300.0
2025-11-01,Minyak Goreng,Sumatera Utara,19000.0
2025-11-02,Minyak Goreng,Sumatera Utara,19500.0
2025-11-03,Minyak Goreng,Sumatera Utara,19500.0
2025-11-04,Minyak Goreng,Sumatera Utara,19300.0
2025-11-05,Minyak Goreng,Sumatera Utara,19700.0
2025-11-06,Minyak Goreng,Sumatera Utara,19500.0
2025-11-07,Minyak Goreng,Sumatera Utara,19100.0
2025-11-08,Minyak Goreng,Sumatera Utara,19100.0
2025-11-09,Minyak Goreng,Sumatera Utara,19300.0
2025-11-10,Minyak Goreng,Sumatera Utara,19600.0
2025-11-11,Minyak Goreng,Sumatera Utara,19900.0
2025-11-12,Minyak Goreng,Sumatera Utara,19900.0
2025-11-13,Minyak Goreng,Sumatera Utara,19800.0
2025-11-14,Minyak Goreng,Sumatera Utara,19500.0
2025-11-15,Minyak Goreng,Sumatera Utara,19600.0
2025-11-16,Minyak Goreng,Sumatera Utara,19500.0
2025-11-17,Minyak Goreng,Sumatera Utara,19600.0
2025-11-18,Minyak Goreng,Sumatera Utara,19800.0
2025-11-19,Minyak Goreng,Sumatera Utara,19700.0
2025-11-20,Minyak Goreng,Sumatera Utara,19700.0
2025-11-21,Minyak Goreng,Sumatera Utara,19200.0
2025-11-22,Minyak Goreng,Sumatera Utara,19400.0
2025-11-23,Minyak Goreng,Sumatera Utara,19800.0
2025-11-24,Minyak Goreng,Sumatera Utara,19600.0
2025-11-25,Minyak Goreng,Sumatera Utara,19800.0
2025-11-26,Minyak Goreng,Sumatera Utara,20000.0
2025-11-27,Minyak Goreng,Sumatera Utara,19800.0
2025-11-28,Minyak Goreng,Sumatera Utara,19500.0
2025-11-29,Minyak Goreng,Sumatera Utara,19500.0
2025-11-30,Minyak Goreng,Sumatera Utara,19400.0
2025-12-01,Minyak Goreng,Sumatera Utara,19800.0
2025-12-02,Minyak Goreng,Sumatera Utara,19800.0
2025-12-03,Minyak Goreng,Sumatera Utara,20200.0
2025-12-04,Minyak Goreng,Sumatera Utara,19800.0
2025-12-05,Minyak Goreng,Sumatera Utara,19600.0
2025-12-06,Minyak Goreng,Sumatera Utara,19600.0
2025-12-07,Minyak Goreng,Sumatera Utara,19800.0
2025-12-08,Minyak Goreng,Sumatera Utara,19700.0
2025-12-09,Minyak Goreng,Sumatera Utara,20000.0
2025-12-10,Minyak Goreng,Sumatera Utara,20200.0
2025-12-11,Minyak Goreng,Sumatera Utara,20400.0
2025-12-12,Minyak Goreng,Sumatera Utara,19500.0
2025-12-13,Minyak Goreng,Sumatera Utara,20000.0
2025-12-14,Minyak Goreng,Sumatera Utara,19800.0
2025-12-15,Minyak Goreng,Sumatera Utara,20000.0
2025-12-16,Minyak Goreng,Sumatera Utara,20100.0
2025-12-17,Minyak Goreng,Sumatera Utara,20200.0
2025-12-18,Minyak Goreng,Sumatera Utara,20300.0
2025-12-19,Minyak Goreng,Sumatera Utara,19900.0
2025-12-20,Minyak Goreng,Sumatera Utara,20200.0
2025-12-21,Minyak Goreng,Sumatera Utara,20100.0
2025-12-22,Minyak Goreng,Sumatera Utara,20200.0
2025-12-23,Minyak Goreng,Sumatera Utara,20300.0
2025-12-24,Minyak Goreng,Sumatera Utara,20600.0
2025-12-25,Minyak Goreng,Sumatera Utara,20600.0
2025-12-26,Minyak Goreng,Sumatera Utara,20000.0
2025-12-27,Minyak Goreng,Sumatera Utara,19900.0
2025-12-28,Minyak Goreng,Sumatera Utara,20200.0
2025-12-29,Minyak Goreng,Sumatera Utara,20400.0
2025-12-30,Minyak Goreng,Sumatera Utara,20400.0
2025-12-31,Minyak Goreng,Sumatera Utara,20400.0
2026-01-01,Minyak Goreng,Sumatera Utara,20400.0
2026-01-02,Minyak Goreng,Sumatera Utara,20500.0
2026-01-03,Minyak Goreng,Sumatera Utara,20200.0
2026-01-04,Minyak Goreng,Sumatera Utara,20000.0
2026-01-05,Minyak Goreng,Sumatera Utara,20400.0
2026-01-06,Minyak Goreng,Sumatera Utara,20800.0
2026-01-07,Minyak Goreng,Sumatera Utara,20600.0
2026-01-08,Minyak Goreng,Sumatera Utara,20800.0
2026-01-09,Minyak Goreng,Sumatera Utara,20600.0
2026-01-10,Minyak Goreng,Sumatera Utara,20300.0
2026-01-11,Minyak Goreng,Sumatera Utara,20400.0
2026-01-12,Minyak Goreng,Sumatera Utara,20200.0
2026-01-13,Minyak Goreng,Sumatera Utara,21000.0
2026-01-14,Minyak Goreng,Sumatera Utara,20800.0
2026-01-15,Minyak Goreng,Sumatera Utara,20700.0
2026-01-16,Minyak Goreng,Sumatera Utara,20500.0
2026-01-17,Minyak Goreng,Sumatera Utara,20600.0
2026-01-18,Minyak Goreng,Sumatera Utara,20400.0
2026-01-19,Minyak Goreng,Sumatera Utara,20600.0
2026-01-20,Minyak Goreng,Sumatera Utara,21000.0
2026-01-21,Minyak Goreng,Sumatera Utara,21000.0
2026-01-22,Minyak Goreng,Sumatera Utara,21000.0
2026-01-23,Minyak Goreng,Sumatera Utara,20700.0
2026-01-24,Minyak Goreng,Sumatera Utara,21100.0
2026-01-25,Minyak Goreng,Sumatera Utara,21000.0
2026-01-26,Minyak Goreng,Sumatera Utara,21200.0
2026-01-27,Minyak Goreng,Sumatera Utara,21100.0
2026-01-28,Minyak Goreng,Sumatera Utara,21700.0
2026-01-29,Minyak Goreng,Sumatera Utara,21100.0
2026-01-30,Minyak Goreng,Sumatera Utara,20900.0
2026-01-31,Minyak Goreng,Sumatera Utara,21100.0
2026-02-01,Minyak Goreng,Sumatera Utara,21100.0
2026-02-02,Minyak Goreng,Sumatera Utara,21000.0
2026-02-03,Minyak Goreng,Sumatera Utara,21800.0
2026-02-04,Minyak Goreng,Sumatera Utara,21600.0
2026-02-05,Minyak Goreng,Sumatera Utara,21400.0
2026-02-06,Minyak Goreng,Sumatera Utara,21600.0
2026-02-07,Minyak Goreng,Sumatera Utara,21200.0
2026-02-08,Minyak Goreng,Sumatera Utara,21100.0
2026-02-09,Minyak Goreng,Sumatera Utara,21700.0
2026-02-10,Minyak Goreng,Sumatera Utara,21600.0
2026-02-11,Minyak Goreng,Sumatera Utara,21700.0
2026-02-12,Minyak Goreng,Sumatera Utara,21400.0
2026-02-13,Minyak Goreng,Sumatera Utara,21300.0
2026-02-14,Minyak Goreng,Sumatera Utara,21100.0
2026-02-15,Minyak Goreng,Sumatera Utara,21500.0
2026-02-16,Minyak Goreng,Sumatera Utara,21100.0
2026-02-17,Minyak Goreng,Sumatera Utara,21800.0
2026-02-18,Minyak Goreng,Sumatera Utara,21400.0
2026-02-19,Minyak Goreng,Sumatera Utara,21500.0
2026-02-20,Minyak Goreng,Sumatera Utara,21300.0
2026-02-21,Minyak Goreng,Sumatera Utara,21200.0
2026-02-22,Minyak Goreng,Sumatera Utara,21500.0
2026-02-23,Minyak Goreng,Sumatera Utara,21600.0
2026-02-24,Minyak Goreng,Sumatera Utara,21600.0
2026-02-25,Minyak Goreng,Sumatera Utara,21800.0
2026-02-26,Minyak Goreng,Sumatera Utara,21500.0
2026-02-27,Minyak Goreng,Sumatera Utara,21400.0
2026-02-28,Minyak Goreng,Sumatera Utara,21100.0
2026-03-01,Minyak Goreng,Sumatera Utara,21400.0
2026-03-02,Minyak Goreng,Sumatera Utara,21800.0
2026-03-03,Minyak Goreng,Sumatera Utara,21900.0
2026-03-04,Minyak Goreng,Sumatera Utara,22300.0
2026-03-05,Minyak Goreng,Sumatera Utara,22300.0
2026-03-06,Minyak Goreng,Sumatera Utara,21600.0
2026-03-07,Minyak Goreng,Sumatera Utara,21600.0
2026-03-08,Minyak Goreng,Sumatera Utara,22300.0
2026-03-09,Minyak Goreng,Sumatera Utara,22500.0
2026-03-10,Minyak Goreng,Sumatera Utara,23100.0
2026-03-11,Minyak Goreng,Sumatera Utara,23200.0
2026-03-12,Minyak Goreng,Sumatera Utara,23200.0
2026-03-13,Minyak Goreng,Sumatera Utara,23300.0
2026-03-14,Minyak Goreng,Sumatera Utara,23500.0
2026-03-15,Minyak Goreng,Sumatera Utara,23700.0
2026-03-16,Minyak Goreng,Sumatera Utara,24400.0
2026-03-17,Minyak Goreng,Sumatera Utara,24300.0
2026-03-18,Minyak Goreng,Sumatera Utara,25100.0
2026-03-19,Minyak Goreng,Sumatera Utara,24600.0
2026-03-20,Minyak Goreng,Sumatera Utara,25000.0
2026-03-21,Minyak Goreng,Sumatera Utara,21600.0
2026-03-22,Minyak Goreng,Sumatera Utara,21400.0
2026-03-23,Minyak Goreng,Sumatera Utara,21500.0
2026-03-24,Minyak Goreng,Sumatera Utara,21800.0
2026-03-25,Minyak Goreng,Sumatera Utara,22000.0
2026-03-26,Minyak Goreng,Sumatera Utara,21800.0
2026-03-27,Minyak Goreng,Sumatera Utara,21600.0
2026-03-28,Minyak Goreng,Sumatera Utara,21800.0
2026-03-29,Minyak Goreng,Sumatera Utara,21400.0
2026-03-30,Minyak Goreng,Sumatera Utara,22000.0
2026-03-31,Minyak Goreng,Sumatera Utara,21800.0
2026-04-01,Minyak Goreng,Sumatera Utara,21900.0
2026-04-02,Minyak Goreng,Sumatera Utara,21800.0
2026-04-03,Minyak Goreng,Sumatera Utara,21900.0
2026-04-04,Minyak Goreng,Sumatera Utara,21400.0
2026-04-05,Minyak Goreng,Sumatera Utara,21800.0
2026-04-06,Minyak Goreng,Sumatera Utara,21700.0
2026-04-07,Minyak Goreng,Sumatera Utara,21900.0
2026-04-08,Minyak Goreng,Sumatera Utara,22100.0
2026-04-09,Minyak Goreng,Sumatera Utara,22300.0
2026-04-10,Minyak Goreng,Sumatera Utara,21500.0
2026-04-11,Minyak Goreng,Sumatera Utara,21700.0
2026-04-12,Minyak Goreng,Sumatera Utara,21600.0
2026-04-13,Minyak Goreng,Sumatera Utara,21700.0
2026-04-14,Minyak Goreng,Sumatera Utara,22100.0
2026-04-15,Minyak Goreng,Sumatera Utara,21800.0
2026-04-16,Minyak Goreng,Sumatera Utara,21600.0
2026-04-17,Minyak Goreng,Sumatera Utara,21700.0
2026-04-18,Minyak Goreng,Sumatera Utara,21700.0
2026-04-19,Minyak Goreng,Sumatera Utara,21700.0
2026-04-20,Minyak Goreng,Sumatera Utara,21400.0
2026-04-21,Minyak Goreng,Sumatera Utara,21700.0
2026-04-22,Minyak Goreng,Sumatera Utara,22100.0
2026-04-23,Minyak Goreng,Sumatera Utara,22100.0
2026-04-24,Minyak Goreng,Sumatera Utara,21600.0
2026-04-25,Minyak Goreng,Sumatera Utara,21300.0
2026-04-26,Minyak Goreng,Sumatera Utara,21700.0
2026-04-27,Minyak Goreng,Sumatera Utara,21500.0
2026-04-28,Minyak Goreng,Sumatera Utara,21500.0
2026-04-29,Minyak Goreng,Sumatera Utara,21500.0
2026-04-30,Minyak Goreng,Sumatera Utara,21400.0
2026-05-01,Minyak Goreng,Sumatera Utara,21900.0
2026-05-02,Minyak Goreng,Sumatera Utara,21500.0
2026-05-03,Minyak Goreng,Sumatera Utara,21200.0
2026-05-04,Minyak Goreng,Sumatera Utara,21800.0
2026-05-05,Minyak Goreng,Sumatera Utara,21700.0
2026-05-06,Minyak Goreng,Sumatera Utara,21800.0
2026-05-07,Minyak Goreng,Sumatera Utara,21400.0
2026-05-08,Minyak Goreng,Sumatera Utara,21300.0
2026-05-09,Minyak Goreng,Sumatera Utara,21200.0
2026-05-10,Minyak Goreng,Sumatera Utara,20900.0
2026-05-11,Minyak Goreng,Sumatera Utara,21300.0
2026-05-12,Minyak Goreng,Sumatera Utara,21600.0
2026-05-13,Minyak Goreng,Sumatera Utara,21900.0
2026-05-14,Minyak Goreng,Sumatera Utara,21400.0
2026-05-15,Minyak Goreng,Sumatera Utara,21500.0
2026-05-16,Minyak Goreng,Sumatera Utara,20800.0
2026-05-17,Minyak Goreng,Sumatera Utara,21400.0
2026-05-18,Minyak Goreng,Sumatera Utara,21100.0
2026-05-19,Minyak Goreng,Sumatera Utara,21500.0
2026-05-20,Minyak Goreng,Sumatera Utara,21600.0
2026-05-21,Minyak Goreng,Sumatera Utara,21500.0
2026-05-22,Minyak Goreng,Sumatera Utara,21200.0
2026-05-23,Minyak Goreng,Sumatera Utara,20900.0
2026-05-24,Minyak Goreng,Sumatera Utara,21000.0
2026-05-25,Minyak Goreng,Sumatera Utara,21500.0
2026-05-26,Minyak Goreng,Sumatera Utara,21400.0
2026-05-27,Minyak Goreng,Sumatera Utara,21400.0
2026-05-28,Minyak Goreng,Sumatera Utara,21000.0
2026-05-29,Minyak Goreng,Sumatera Utara,21300.0
2026-05-30,Minyak Goreng,Sumatera Utara,20700.0
2026-05-31,Minyak Goreng,Sumatera Utara,21100.0
2026-06-01,Minyak Goreng,Sumatera Utara,20900.0
2026-06-02,Minyak Goreng,Sumatera Utara,21400.0
2026-06-03,Minyak Goreng,Sumatera Utara,21200.0
2026-06-04,Minyak Goreng,Sumatera Utara,21000.0
2026-06-05,Minyak Goreng,Sumatera Utara,21100.0
2026-06-06,Minyak Goreng,Sumatera Utara,20700.0
2026-06-07,Minyak Goreng,Sumatera Utara,20600.0
2026-06-08,Minyak Goreng,Sumatera Utara,21000.0
2026-06-09,Minyak Goreng,Sumatera Utara,20700.0
2026-06-10,Minyak Goreng,Sumatera Utara,20500.0
2026-06-11,Minyak Goreng,Sumatera Utara,21000.0
2026-06-12,Minyak Goreng,Sumatera Utara,20400.0
2026-06-13,Minyak Goreng,Sumatera Utara,20700.0
2026-06-14,Minyak Goreng,Sumatera Utara,20600.0
2026-06-15,Minyak Goreng,Sumatera Utara,20500.0
2026-06-16,Minyak Goreng,Sumatera Utara,20900.0
2026-06-17,Minyak Goreng,Sumatera Utara,20800.0
2026-06-18,Minyak Goreng,Sumatera Utara,20500.0
2026-06-19,Minyak Goreng,Sumatera Utara,20300.0
2026-06-20,Minyak Goreng,Sumatera Utara,20100.0
2026-06-21,Minyak Goreng,Sumatera Utara,20500.0
2026-06-22,Minyak Goreng,Sumatera Utara,20400.0
2026-06-23,Minyak Goreng,Sumatera Utara,20700.0
2026-06-24,Minyak Goreng,Sumatera Utara,20700.0
2026-06-25,Minyak Goreng,Sumatera Utara,20400.0
2026-06-26,Minyak Goreng,Sumatera Utara,20100.0
2026-06-27,Minyak Goreng,Sumatera Utara,20800.0
2026-06-28,Minyak Goreng,Sumatera Utara,20300.0
2026-06-29,Minyak Goreng,Sumatera Utara,20800.0
2026-06-30,Minyak Goreng,Sumatera Utara,20800.0
2026-07-01,Minyak Goreng,Sumatera Utara,20600.0
2026-07-02,Minyak Goreng,Sumatera Utara,20500.0
2026-07-03,Minyak Goreng,Sumatera Utara,20400.0
2026-07-04,Minyak Goreng,Sumatera Utara,20500.0
2026-07-05,Minyak Goreng,Sumatera Utara,20400.0
2026-07-06,Minyak Goreng,Sumatera Utara,20200.0
2026-07-07,Minyak Goreng,Sumatera Utara,20600.0
2026-07-08,Minyak Goreng,Sumatera Utara,20700.0
2026-07-09,Minyak Goreng,Sumatera Utara,20200.0
2026-07-10,Minyak Goreng,Sumatera Utara,20300.0
2026-07-11,Minyak Goreng,Sumatera Utara,20400.0
2026-07-12,Minyak Goreng,Sumatera Utara,20000.0
2026-07-13,Minyak Goreng,Sumatera Utara,20100.0
2026-07-14,Minyak Goreng,Sumatera Utara,20700.0
2026-07-15,Minyak Goreng,Sumatera Utara,20400.0
2026-07-16,Minyak Goreng,Sumatera Utara,20200.0
2026-07-17,Minyak Goreng,Sumatera Utara,20300.0
2026-07-18,Minyak Goreng,Sumatera Utara,20100.0
2026-07-19,Minyak Goreng,Sumatera Utara,20000.0
2026-07-20,Minyak Goreng,Sumatera Utara,20400.0
2026-07-21,Minyak Goreng,Sumatera Utara,20500.0
2026-07-22,Minyak Goreng,Sumatera Utara,20300.0
2026-07-23,Minyak Goreng,Sumatera Utara,20500.0
2026-07-24,Minyak Goreng,Sumatera Utara,20300.0
2026-07-25,Minyak Goreng,Sumatera Utara,19400.0
2026-07-26,Minyak Goreng,Sumatera Utara,19700.0
2026-07-27,Minyak Goreng,Sumatera Utara,19600.0
2026-07-28,Minyak Goreng,Sumatera Utara,20100.0
2026-07-29,Minyak Goreng,Sumatera Utara,20000.0
2026-07-30,Minyak Goreng,Sumatera Utara,20000.0
2026-07-31,Minyak Goreng,Sumatera Utara,20100.0
2026-08-01,Minyak Goreng,Sumatera Utara,19500.0
2026-08-02,Minyak Goreng,Sumatera Utara,19800.0
2026-08-03,Minyak Goreng,Sumatera Utara,19900.0
2026-08-04,Minyak Goreng,Sumatera Utara,20000.0
2026-08-05,Minyak Goreng,Sumatera Utara,20100.0
2026-08-06,Minyak Goreng,Sumatera Utara,19500.0
2026-08-07,Minyak Goreng,Sumatera Utara,19600.0
2026-08-08,Minyak Goreng,Sumatera Utara,19900.0
2026-08-09,Minyak Goreng,Sumatera Utara,19400.0
2026-08-10,Minyak Goreng,Sumatera Utara,20100.0
2026-08-11,Minyak Goreng,Sumatera Utara,19600.0
2026-08-12,Minyak Goreng,Sumatera Utara,19600.0
2026-08-13,Minyak Goreng,Sumatera Utara,19600.0
2026-08-14,Minyak Goreng,Sumatera Utara,19900.0
2026-08-15,Minyak Goreng,Sumatera Utara,19400.0
2026-08-16,Minyak Goreng,Sumatera Utara,19700.0
2026-08-17,Minyak Goreng,Sumatera Utara,19700.0
2026-08-18,Minyak Goreng,Sumatera Utara,19800.0
2026-08-19,Minyak Goreng,Sumatera Utara,20100.0
2026-08-20,Minyak Goreng,Sumatera Utara,19900.0
2026-08-21,Minyak Goreng,Sumatera Utara,19300.0
2026-08-22,Minyak Goreng,Sumatera Utara,19300.0
2026-08-23,Minyak Goreng,Sumatera Utara,19700.0
2026-08-24,Minyak Goreng,Sumatera Utara,19600.0
2026-08-25,Minyak Goreng,Sumatera Utara,19400.0
2026-08-26,Minyak Goreng,Sumatera Utara,19400.0
2026-08-27,Minyak Goreng,Sumatera Utara,19700.0
2026-08-28,Minyak Goreng,Sumatera Utara,19500.0
2026-08-29,Minyak Goreng,Sumatera Utara,19100.0
2026-08-30,Minyak Goreng,Sumatera Utara,19400.0
2026-08-31,Minyak Goreng,Sumatera Utara,19700.0
2026-09-01,Minyak Goreng,Sumatera Utara,19800.0
2026-09-02,Minyak Goreng,Sumatera Utara,19900.0
2026-09-03,Minyak Goreng,Sumatera Utara,19700.0
2026-09-04,Minyak Goreng,Sumatera Utara,19400.0
2026-09-05,Minyak Goreng,Sumatera Utara,19300.0
2026-09-06,Minyak Goreng,Sumatera Utara,19300.0
2026-09-07,Minyak Goreng,Sumatera Utara,19300.0
2026-09-08,Minyak Goreng,Sumatera Utara,19600.0
2026-09-09,Minyak Goreng,Sumatera Utara,19900.0
2026-09-10,Minyak Goreng,Sumatera Utara,19300.0
2026-09-11,Minyak Goreng,Sumatera Utara,19100.0
2026-09-12,Minyak Goreng,Sumatera Utara,19400.0
2026-09-13,Minyak Goreng,Sumatera Utara,19300.0
2026-09-14,Minyak Goreng,Sumatera Utara,19100.0
2026-09-15,Minyak Goreng,Sumatera Utara,19600.0
2026-09-16,Minyak Goreng,Sumatera Utara,19600.0
2026-09-17,Minyak Goreng,Sumatera Utara,19400.0
2026-09-18,Minyak Goreng,Sumatera Utara,19400.0
2026-09-19,Minyak Goreng,Sumatera Utara,18900.0
2026-09-20,Minyak Goreng,Sumatera Utara,19200.0
2026-09-21,Minyak Goreng,Sumatera Utara,19300.0
2026-09-22,Minyak Goreng,Sumatera Utara,19500.0
2026-09-23,Minyak Goreng,Sumatera Utara,19300.0
2026-09-24,Minyak Goreng,Sumatera Utara,19400.0
2026-09-25,Minyak Goreng,Sumatera Utara,19300.0
2026-09-26,Minyak Goreng,Sumatera Utara,19300.0
2026-09-27,Minyak Goreng,Sumatera Utara,19600.0
2026-09-28,Minyak Goreng,Sumatera Utara,19500.0
2026-09-29,Minyak Goreng,Sumatera Utara,19600.0
2026-09-30,Minyak Goreng,Sumatera Utara,19800.0
2024-01-01,Telur Ayam,DKI Jakarta,27500.0
2024-01-02,Telur Ayam,DKI Jakarta,28900.0
2024-01-03,Telur Ayam,DKI Jakarta,28200.0
2024-01-04,Telur Ayam,DKI Jakarta,28300.0
2024-01-05,Telur Ayam,DKI Jakarta,28600.0
2024-01-06,Telur Ayam,DKI Jakarta,28100.0
2024-01-07,Telur Ayam,DKI Jakarta,28700.0
2024-01-08,Telur Ayam,DKI Jakarta,28200.0
2024-01-09,Telur Ayam,DKI Jakarta,29300.0
2024-01-10,Telur Ayam,DKI Jakarta,28500.0
2024-01-11,Telur Ayam,DKI Jakarta,29200.0
2024-01-12,Telur Ayam,DKI Jakarta,27400.0
2024-01-13,Telur Ayam,DKI Jakarta,27800.0
2024-01-14,Telur Ayam,DKI Jakarta,28500.0
2024-01-15,Telur Ayam,DKI Jakarta,28400.0
2024-01-16,Telur Ayam,DKI Jakarta,28800.0
2024-01-17,Telur Ayam,DKI Jakarta,28900.0
2024-01-18,Telur Ayam,DKI Jakarta,28200.0
2024-01-19,Telur Ayam,DKI Jakarta,28000.0
2024-01-20,Telur Ayam,DKI Jakarta,28500.0
2024-01-21,Telur Ayam,DKI Jakarta,28200.0
2024-01-22,Telur Ayam,DKI Jakarta,29400.0
2024-01-23,Telur Ayam,DKI Jakarta,29000.0
2024-01-24,Telur Ayam,DKI Jakarta,29500.0
2024-01-25,Telur Ayam,DKI Jakarta,29200.0
2024-01-26,Telur Ayam,DKI Jakarta,28500.0
2024-01-27,Telur Ayam,DKI Jakarta,27800.0
2024-01-28,Telur Ayam,DKI Jakarta,29200.0
2024-01-29,Telur Ayam,DKI Jakarta,28500.0
2024-01-30,Telur Ayam,DKI Jakarta,29000.0
2024-01-31,Telur Ayam,DKI Jakarta,29100.0
2024-02-01,Telur Ayam,DKI Jakarta,29000.0
2024-02-02,Telur Ayam,DKI Jakarta,29200.0
2024-02-03,Telur Ayam,DKI Jakarta,28700.0
2024-02-04,Telur Ayam,DKI Jakarta,28800.0
2024-02-05,Telur Ayam,DKI Jakarta,29500.0
2024-02-06,Telur Ayam,DKI Jakarta,29500.0
2024-02-07,Telur Ayam,DKI Jakarta,28900.0
2024-02-08,Telur Ayam,DKI Jakarta,28600.0
2024-02-09,Telur Ayam,DKI Jakarta,28500.0
2024-02-10,Telur Ayam,DKI Jakarta,28700.0
2024-02-11,Telur Ayam,DKI Jakarta,28200.0
2024-02-12,Telur Ayam,DKI Jakarta,29100.0
2024-02-13,Telur Ayam,DKI Jakarta,29300.0
2024-02-14,Telur Ayam,DKI Jakarta,28200.0
2024-02-15,Telur Ayam,DKI Jakarta,28600.0
2024-02-16,Telur Ayam,DKI Jakarta,27800.0
2024-02-17,Telur Ayam,DKI Jakarta,28800.0
2024-02-18,Telur Ayam,DKI Jakarta,29500.0
2024-02-19,Telur Ayam,DKI Jakarta,28500.0
2024-02-20,Telur Ayam,DKI Jakarta,28900.0
2024-02-21,Telur Ayam,DKI Jakarta,29600.0
2024-02-22,Telur Ayam,DKI Jakarta,29000.0
2024-02-23,Telur Ayam,DKI Jakarta,28900.0
2024-02-24,Telur Ayam,DKI Jakarta,29400.0
2024-02-25,Telur Ayam,DKI Jakarta,29000.0
2024-02-26,Telur Ayam,DKI Jakarta,28800.0
2024-02-27,Telur Ayam,DKI Jakarta,28700.0
2024-02-28,Telur Ayam,DKI Jakarta,30500.0
2024-02-29,Telur Ayam,DKI Jakarta,29900.0
2024-03-01,Telur Ayam,DKI Jakarta,29100.0
2024-03-02,Telur Ayam,DKI Jakarta,29200.0
2024-03-03,Telur Ayam,DKI Jakarta,28900.0
2024-03-04,Telur Ayam,DKI Jakarta,29600.0
2024-03-05,Telur Ayam,DKI Jakarta,29200.0
2024-03-06,Telur Ayam,DKI Jakarta,29500.0
2024-03-07,Telur Ayam,DKI Jakarta,29800.0
2024-03-08,Telur Ayam,DKI Jakarta,30000.0
2024-03-09,Telur Ayam,DKI Jakarta,29700.0
2024-03-10,Telur Ayam,DKI Jakarta,29900.0
2024-03-11,Telur Ayam,DKI Jakarta,29500.0
2024-03-12,Telur Ayam,DKI Jakarta,29600.0
2024-03-13,Telur Ayam,DKI Jakarta,29000.0
2024-03-14,Telur Ayam,DKI Jakarta,29700.0
2024-03-15,Telur Ayam,DKI Jakarta,29600.0
2024-03-16,Telur Ayam,DKI Jakarta,29100.0
2024-03-17,Telur Ayam,DKI Jakarta,29000.0
2024-03-18,Telur Ayam,DKI Jakarta,30000.0
2024-03-19,Telur Ayam,DKI Jakarta,29900.0
2024-03-20,Telur Ayam,DKI Jakarta,30400.0
2024-03-21,Telur Ayam,DKI Jakarta,29100.0
2024-03-22,Telur Ayam,DKI Jakarta,29000.0
2024-03-23,Telur Ayam,DKI Jakarta,29600.0
2024-03-24,Telur Ayam,DKI Jakarta,29200.0
2024-03-25,Telur Ayam,DKI Jakarta,29300.0
2024-03-26,Telur Ayam,DKI Jakarta,29500.0
2024-03-27,Telur Ayam,DKI Jakarta,29800.0
2024-03-28,Telur Ayam,DKI Jakarta,30400.0
2024-03-29,Telur Ayam,DKI Jakarta,30000.0
2024-03-30,Telur Ayam,DKI Jakarta,30500.0
2024-03-31,Telur Ayam,DKI Jakarta,30800.0
2024-04-01,Telur Ayam,DKI Jakarta,30700.0
2024-04-02,Telur Ayam,DKI Jakarta,31200.0
2024-04-03,Telur Ayam,DKI Jakarta,31800.0
2024-04-04,Telur Ayam,DKI Jakarta,31600.0
2024-04-05,Telur Ayam,DKI Jakarta,31900.0
2024-04-06,Telur Ayam,DKI Jakarta,32900.0
2024-04-07,Telur Ayam,DKI Jakarta,32500.0
2024-04-08,Telur Ayam,DKI Jakarta,32800.0
2024-04-09,Telur Ayam,DKI Jakarta,34500.0
2024-04-10,Telur Ayam,DKI Jakarta,33700.0
2024-04-11,Telur Ayam,DKI Jakarta,29000.0
2024-04-12,Telur Ayam,DKI Jakarta,29700.0
2024-04-13,Telur Ayam,DKI Jakarta,29200.0
2024-04-14,Telur Ayam,DKI Jakarta,29000.0
2024-04-15,Telur Ayam,DKI Jakarta,29700.0
2024-04-16,Telur Ayam,DKI Jakarta,29700.0
2024-04-17,Telur Ayam,DKI Jakarta,29000.0
2024-04-18,Telur Ayam,DKI Jakarta,28200.0
2024-04-19,Telur Ayam,DKI Jakarta,28800.0
2024-04-20,Telur Ayam,DKI Jakarta,29400.0
2024-04-21,Telur Ayam,DKI Jakarta,28800.0
2024-04-22,Telur Ayam,DKI Jakarta,29500.0
2024-04-23,Telur Ayam,DKI Jakarta,29600.0
2024-04-24,Telur Ayam,DKI Jakarta,28900.0
2024-04-25,Telur Ayam,DKI Jakarta,29400.0
2024-04-26,Telur Ayam,DKI Jakarta,29500.0
2024-04-27,Telur Ayam,DKI Jakarta,28800.0
2024-04-28,Telur Ayam,DKI Jakarta,29100.0
2024-04-29,Telur Ayam,DKI Jakarta,29700.0
2024-04-30,Telur Ayam,DKI Jakarta,29800.0
2024-05-01,Telur Ayam,DKI Jakarta,30400.0
2024-05-02,Telur Ayam,DKI Jakarta,29900.0
2024-05-03,Telur Ayam,DKI Jakarta,29100.0
2024-05-04,Telur Ayam,DKI Jakarta,29000.0
2024-05-05,Telur Ayam,DKI Jakarta,29300.0
2024-05-06,Telur Ayam,DKI Jakarta,30100.0
2024-05-07,Telur Ayam,DKI Jakarta,29500.0
2024-05-08,Telur Ayam,DKI Jakarta,29000.0
2024-05-09,Telur Ayam,DKI Jakarta,29900.0
2024-05-10,Telur Ayam,DKI Jakarta,29100.0
2024-05-11,Telur Ayam,DKI Jakarta,28700.0
2024-05-12,Telur Ayam,DKI Jakarta,29300.0
2024-05-13,Telur Ayam,DKI Jakarta,29900.0
2024-05-14,Telur Ayam,DKI Jakarta,29600.0
2024-05-15,Telur Ayam,DKI Jakarta,30100.0
2024-05-16,Telur Ayam,DKI Jakarta,30000.0
2024-05-17,Telur Ayam,DKI Jakarta,29800.0
2024-05-18,Telur Ayam,DKI Jakarta,29000.0
2024-05-19,Telur Ayam,DKI Jakarta,28900.0
2024-05-20,Telur Ayam,DKI Jakarta,29300.0
2024-05-21,Telur Ayam,DKI Jakarta,30300.0
2024-05-22,Telur Ayam,DKI Jakarta,30400.0
2024-05-23,Telur Ayam,DKI Jakarta,29500.0
2024-05-24,Telur Ayam,DKI Jakarta,30600.0
2024-05-25,Telur Ayam,DKI Jakarta,29100.0
2024-05-26,Telur Ayam,DKI Jakarta,30100.0
2024-05-27,Telur Ayam,DKI Jakarta,30600.0
2024-05-28,Telur Ayam,DKI Jakarta,30400.0
2024-05-29,Telur Ayam,DKI Jakarta,30100.0
2024-05-30,Telur Ayam,DKI Jakarta,29800.0
2024-05-31,Telur Ayam,DKI Jakarta,29800.0
2024-06-01,Telur Ayam,DKI Jakarta,30200.0
2024-06-02,Telur Ayam,DKI Jakarta,29300.0
2024-06-03,Telur Ayam,DKI Jakarta,29400.0
2024-06-04,Telur Ayam,DKI Jakarta,31000.0
2024-06-05,Telur Ayam,DKI Jakarta,31400.0
2024-06-06,Telur Ayam,DKI Jakarta,32200.0
2024-06-07,Telur Ayam,DKI Jakarta,30600.0
2024-06-08,Telur Ayam,DKI Jakarta,31200.0
2024-06-09,Telur Ayam,DKI Jakarta,32100.0
2024-06-10,Telur Ayam,DKI Jakarta,32200.0
2024-06-11,Telur Ayam,DKI Jakarta,32600.0
2024-06-12,Telur Ayam,DKI Jakarta,33400.0
2024-06-13,Telur Ayam,DKI Jakarta,32900.0
2024-06-14,Telur Ayam,DKI Jakarta,33600.0
2024-06-15,Telur Ayam,DKI Jakarta,32900.0
2024-06-16,Telur Ayam,DKI Jakarta,33200.0
2024-06-17,Telur Ayam,DKI Jakarta,34200.0
2024-06-18,Telur Ayam,DKI Jakarta,29100.0
2024-06-19,Telur Ayam,DKI Jakarta,30200.0
2024-06-20,Telur Ayam,DKI Jakarta,29200.0
2024-06-21,Telur Ayam,DKI Jakarta,29700.0
2024-06-22,Telur Ayam,DKI Jakarta,29600.0
2024-06-23,Telur Ayam,DKI Jakarta,29500.0
2024-06-24,Telur Ayam,DKI Jakarta,30100.0
2024-06-25,Telur Ayam,DKI Jakarta,30100.0
2024-06-26,Telur Ayam,DKI Jakarta,29900.0
2024-06-27,Telur Ayam,DKI Jakarta,30600.0
2024-06-28,Telur Ayam,DKI Jakarta,29700.0
2024-06-29,Telur Ayam,DKI Jakarta,29700.0
2024-06-30,Telur Ayam,DKI Jakarta,29900.0
2024-07-01,Telur Ayam,DKI Jakarta,30000.0
2024-07-02,Telur Ayam,DKI Jakarta,30900.0
2024-07-03,Telur Ayam,DKI Jakarta,30100.0
2024-07-04,Telur Ayam,DKI Jakarta,29800.0
2024-07-05,Telur Ayam,DKI Jakarta,29200.0
2024-07-06,Telur Ayam,DKI Jakarta,29200.0
2024-07-07,Telur Ayam,DKI Jakarta,29300.0
2024-07-08,Telur Ayam,DKI Jakarta,30100.0
2024-07-09,Telur Ayam,DKI Jakarta,29700.0
2024-07-10,Telur Ayam,DKI Jakarta,30100.0
2024-07-11,Telur Ayam,DKI Jakarta,30100.0
2024-07-12,Telur Ayam,DKI Jakarta,29700.0
2024-07-13,Telur Ayam,DKI Jakarta,29100.0
2024-07-14,Telur Ayam,DKI Jakarta,29800.0
2024-07-15,Telur Ayam,DKI Jakarta,29700.0
2024-07-16,Telur Ayam,DKI Jakarta,28700.0
2024-07-17,Telur Ayam,DKI Jakarta,29500.0
2024-07-18,Telur Ayam,DKI Jakarta,30200.0
2024-07-19,Telur Ayam,DKI Jakarta,30000.0
2024-07-20,Telur Ayam,DKI Jakarta,29300.0
2024-07-21,Telur Ayam,DKI Jakarta,29400.0
2024-07-22,Telur Ayam,DKI Jakarta,28900.0
2024-07-23,Telur Ayam,DKI Jakarta,29300.0
2024-07-24,Telur Ayam,DKI Jakarta,30100.0
2024-07-25,Telur Ayam,DKI Jakarta,29500.0
2024-07-26,Telur Ayam,DKI Jakarta,29100.0
2024-07-27,Telur Ayam,DKI Jakarta,28800.0
2024-07-28,Telur Ayam,DKI Jakarta,29400.0
2024-07-29,Telur Ayam,DKI Jakarta,29600.0
2024-07-30,Telur Ayam,DKI Jakarta,29700.0
2024-07-31,Telur Ayam,DKI Jakarta,29400.0
2024-08-01,Telur Ayam,DKI Jakarta,28900.0
2024-08-02,Telur Ayam,DKI Jakarta,29100.0
2024-08-03,Telur Ayam,DKI Jakarta,28200.0
2024-08-04,Telur Ayam,DKI Jakarta,28400.0
2024-08-05,Telur Ayam,DKI Jakarta,28300.0
2024-08-06,Telur Ayam,DKI Jakarta,29600.0
2024-08-07,Telur Ayam,DKI Jakarta,28800.0
2024-08-08,Telur Ayam,DKI Jakarta,29100.0
2024-08-09,Telur Ayam,DKI Jakarta,28500.0
2024-08-10,Telur Ayam,DKI Jakarta,29600.0
2024-08-11,Telur Ayam,DKI Jakarta,28700.0
2024-08-12,Telur Ayam,DKI Jakarta,28000.0
2024-08-13,Telur Ayam,DKI Jakarta,29400.0
2024-08-14,Telur Ayam,DKI Jakarta,28800.0
2024-08-15,Telur Ayam,DKI Jakarta,28800.0
2024-08-16,Telur Ayam,DKI Jakarta,28400.0
2024-08-17,Telur Ayam,DKI Jakarta,28500.0
2024-08-18,Telur Ayam,DKI Jakarta,28500.0
2024-08-19,Telur Ayam,DKI Jakarta,28400.0
2024-08-20,Telur Ayam,DKI Jakarta,28600.0
2024-08-21,Telur Ayam,DKI Jakarta,28800.0
2024-08-22,Telur Ayam,DKI Jakarta,27700.0
2024-08-23,Telur Ayam,DKI Jakarta,27900.0
2024-08-24,Telur Ayam,DKI Jakarta,29000.0
2024-08-25,Telur Ayam,DKI Jakarta,28500.0
2024-08-26,Telur Ayam,DKI Jakarta,28300.0
2024-08-27,Telur Ayam,DKI Jakarta,28100.0
2024-08-28,Telur Ayam,DKI Jakarta,28900.0
2024-08-29,Telur Ayam,DKI Jakarta,29100.0
2024-08-30,Telur Ayam,DKI Jakarta,29500.0
2024-08-31,Telur Ayam,DKI Jakarta,28900.0
2024-09-01,Telur Ayam,DKI Jakarta,27900.0
2024-09-02,Telur Ayam,DKI Jakarta,28300.0
2024-09-03,Telur Ayam,DKI Jakarta,28100.0
2024-09-04,Telur Ayam,DKI Jakarta,28400.0
2024-09-05,Telur Ayam,DKI Jakarta,28500.0
2024-09-06,Telur Ayam,DKI Jakarta,28200.0
2024-09-07,Telur Ayam,DKI Jakarta,29100.0
2024-09-08,Telur Ayam,DKI Jakarta,27700.0
2024-09-09,Telur Ayam,DKI Jakarta,28400.0
2024-09-10,Telur Ayam,DKI Jakarta,27700.0
2024-09-11,Telur Ayam,DKI Jakarta,28700.0
2024-09-12,Telur Ayam,DKI Jakarta,27900.0
2024-09-13,Telur Ayam,DKI Jakarta,28600.0
2024-09-14,Telur Ayam,DKI Jakarta,27900.0
2024-09-15,Telur Ayam,DKI Jakarta,27500.0
2024-09-16,Telur Ayam,DKI Jakarta,27500.0
2024-09-17,Telur Ayam,DKI Jakarta,28300.0
2024-09-18,Telur Ayam,DKI Jakarta,28800.0
2024-09-19,Telur Ayam,DKI Jakarta,28800.0
2024-09-20,Telur Ayam,DKI Jakarta,28200.0
2024-09-21,Telur Ayam,DKI Jakarta,28500.0
2024-09-22,Telur Ayam,DKI Jakarta,27700.0
2024-09-23,Telur Ayam,DKI Jakarta,27100.0
2024-09-24,Telur Ayam,DKI Jakarta,28600.0
2024-09-25,Telur Ayam,DKI Jakarta,29000.0
2024-09-26,Telur Ayam,DKI Jakarta,28900.0
2024-09-27,Telur Ayam,DKI Jakarta,27600.0
2024-09-28,Telur Ayam,DKI Jakarta,27700.0
2024-09-29,Telur Ayam,DKI Jakarta,28300.0
2024-09-30,Telur Ayam,DKI Jakarta,28000.0
2024-10-01,Telur Ayam,DKI Jakarta,28500.0
2024-10-02,Telur Ayam,DKI Jakarta,28200.0
2024-10-03,Telur Ayam,DKI Jakarta,27900.0
2024-10-04,Telur Ayam,DKI Jakarta,27700.0
2024-10-05,Telur Ayam,DKI Jakarta,28400.0
2024-10-06,Telur Ayam,DKI Jakarta,28100.0
2024-10-07,Telur Ayam,DKI Jakarta,28800.0
2024-10-08,Telur Ayam,DKI Jakarta,28800.0
2024-10-09,Telur Ayam,DKI Jakarta,29300.0
2024-10-10,Telur Ayam,DKI Jakarta,28900.0
2024-10-11,Telur Ayam,DKI Jakarta,28700.0
2024-10-12,Telur Ayam,DKI Jakarta,28200.0
2024-10-13,Telur Ayam,DKI Jakarta,29600.0
2024-10-14,Telur Ayam,DKI Jakarta,28600.0
2024-10-15,Telur Ayam,DKI Jakarta,28000.0
2024-10-16,Telur Ayam,DKI Jakarta,29000.0
2024-10-17,Telur Ayam,DKI Jakarta,28300.0
2024-10-18,Telur Ayam,DKI Jakarta,28800.0
2024-10-19,Telur Ayam,DKI Jakarta,28500.0
2024-10-20,Telur Ayam,DKI Jakarta,28200.0
2024-10-21,Telur Ayam,DKI Jakarta,28100.0
2024-10-22,Telur Ayam,DKI Jakarta,28900.0
2024-10-23,Telur Ayam,DKI Jakarta,28600.0
2024-10-24,Telur Ayam,DKI Jakarta,29100.0
2024-10-25,Telur Ayam,DKI Jakarta,28600.0
2024-10-26,Telur Ayam,DKI Jakarta,29400.0
2024-10-27,Telur Ayam,DKI Jakarta,28100.0
2024-10-28,Telur Ayam,DKI Jakarta,28500.0
2024-10-29,Telur Ayam,DKI Jakarta,28800.0
2024-10-30,Telur Ayam,DKI Jakarta,28900.0
2024-10-31,Telur Ayam,DKI Jakarta,29300.0
2024-11-01,Telur Ayam,DKI Jakarta,28300.0
2024-11-02,Telur Ayam,DKI Jakarta,29100.0
2024-11-03,Telur Ayam,DKI Jakarta,28600.0
2024-11-04,Telur Ayam,DKI Jakarta,28400.0
2024-11-05,Telur Ayam,DKI Jakarta,28400.0
2024-11-06,Telur Ayam,DKI Jakarta,29200.0
2024-11-07,Telur Ayam,DKI Jakarta,28700.0
2024-11-08,Telur Ayam,DKI Jakarta,28400.0
2024-11-09,Telur Ayam,DKI Jakarta,28000.0
2024-11-10,Telur Ayam,DKI Jakarta,28300.0
2024-11-11,Telur Ayam,DKI Jakarta,28300.0
2024-11-12,Telur Ayam,DKI Jakarta,29300.0
2024-11-13,Telur Ayam,DKI Jakarta,29200.0
2024-11-14,Telur Ayam,DKI Jakarta,28700.0
2024-11-15,Telur Ayam,DKI Jakarta,28500.0
2024-11-16,Telur Ayam,DKI Jakarta,28400.0
2024-11-17,Telur Ayam,DKI Jakarta,28300.0
2024-11-18,Telur Ayam,DKI Jakarta,28100.0
2024-11-19,Telur Ayam,DKI Jakarta,27900.0
2024-11-20,Telur Ayam,DKI Jakarta,28400.0
2024-11-21,Telur Ayam,DKI Jakarta,28500.0
2024-11-22,Telur Ayam,DKI Jakarta,28000.0
2024-11-23,Telur Ayam,DKI Jakarta,28600.0
2024-11-24,Telur Ayam,DKI Jakarta,28300.0
2024-11-25,Telur Ayam,DKI Jakarta,29400.0
2024-11-26,Telur Ayam,DKI Jakarta,28600.0
2024-11-27,Telur Ayam,DKI Jakarta,29000.0
2024-11-28,Telur Ayam,DKI Jakarta,28800.0
2024-11-29,Telur Ayam,DKI Jakarta,28800.0
2024-11-30,Telur Ayam,DKI Jakarta,29000.0
2024-12-01,Telur Ayam,DKI Jakarta,28800.0
2024-12-02,Telur Ayam,DKI Jakarta,28000.0
2024-12-03,Telur Ayam,DKI Jakarta,29300.0
2024-12-04,Telur Ayam,DKI Jakarta,28700.0
2024-12-05,Telur Ayam,DKI Jakarta,29000.0
2024-12-06,Telur Ayam,DKI Jakarta,29200.0
2024-12-07,Telur Ayam,DKI Jakarta,28200.0
2024-12-08,Telur Ayam,DKI Jakarta,29300.0
2024-12-09,Telur Ayam,DKI Jakarta,28900.0
2024-12-10,Telur Ayam,DKI Jakarta,30200.0
2024-12-11,Telur Ayam,DKI Jakarta,29500.0
2024-12-12,Telur Ayam,DKI Jakarta,30000.0
2024-12-13,Telur Ayam,DKI Jakarta,29600.0
2024-12-14,Telur Ayam,DKI Jakarta,28700.0
2024-12-15,Telur Ayam,DKI Jakarta,28600.0
2024-12-16,Telur Ayam,DKI Jakarta,29500.0
2024-12-17,Telur Ayam,DKI Jakarta,29400.0
2024-12-18,Telur Ayam,DKI Jakarta,30400.0
2024-12-19,Telur Ayam,DKI Jakarta,29500.0
2024-12-20,Telur Ayam,DKI Jakarta,29200.0
2024-12-21,Telur Ayam,DKI Jakarta,28600.0
2024-12-22,Telur Ayam,DKI Jakarta,29500.0
2024-12-23,Telur Ayam,DKI Jakarta,29200.0
2024-12-24,Telur Ayam,DKI Jakarta,30200.0
2024-12-25,Telur Ayam,DKI Jakarta,30400.0
2024-12-26,Telur Ayam,DKI Jakarta,29700.0
2024-12-27,Telur Ayam,DKI Jakarta,30200.0
2024-12-28,Telur Ayam,DKI Jakarta,29600.0
2024-12-29,Telur Ayam,DKI Jakarta,29200.0
2024-12-30,Telur Ayam,DKI Jakarta,30700.0
2024-12-31,Telur Ayam,DKI Jakarta,29900.0
2025-01-01,Telur Ayam,DKI Jakarta,30600.0
2025-01-02,Telur Ayam,DKI Jakarta,30500.0
2025-01-03,Telur Ayam,DKI Jakarta,30200.0
2025-01-04,Telur Ayam,DKI Jakarta,30100.0
2025-01-05,Telur Ayam,DKI Jakarta,29500.0
2025-01-06,Telur Ayam,DKI Jakarta,31000.0
2025-01-07,Telur Ayam,DKI Jakarta,30800.0
2025-01-08,Telur Ayam,DKI Jakarta,30600.0
2025-01-09,Telur Ayam,DKI Jakarta,29700.0
2025-01-10,Telur Ayam,DKI Jakarta,29700.0
2025-01-11,Telur Ayam,DKI Jakarta,30400.0
2025-01-12,Telur Ayam,DKI Jakarta,29300.0
2025-01-13,Telur Ayam,DKI Jakarta,30600.0
2025-01-14,Telur Ayam,DKI Jakarta,30100.0
2025-01-15,Telur Ayam,DKI Jakarta,30500.0
2025-01-16,Telur Ayam,DKI Jakarta,30300.0
2025-01-17,Telur Ayam,DKI Jakarta,30800.0
2025-01-18,Telur Ayam,DKI Jakarta,31000.0
2025-01-19,Telur Ayam,DKI Jakarta,30800.0
2025-01-20,Telur Ayam,DKI Jakarta,31100.0
2025-01-21,Telur Ayam,DKI Jakarta,31300.0
2025-01-22,Telur Ayam,DKI Jakarta,31600.0
2025-01-23,Telur Ayam,DKI Jakarta,31200.0
2025-01-24,Telur Ayam,DKI Jakarta,29600.0
2025-01-25,Telur Ayam,DKI Jakarta,31100.0
2025-01-26,Telur Ayam,DKI Jakarta,31200.0
2025-01-27,Telur Ayam,DKI Jakarta,31000.0
2025-01-28,Telur Ayam,DKI Jakarta,30600.0
2025-01-29,Telur Ayam,DKI Jakarta,31600.0
2025-01-30,Telur Ayam,DKI Jakarta,31600.0
2025-01-31,Telur Ayam,DKI Jakarta,31000.0
2025-02-01,Telur Ayam,DKI Jakarta,31000.0
2025-02-02,Telur Ayam,DKI Jakarta,31500.0
2025-02-03,Telur Ayam,DKI Jakarta,32300.0
2025-02-04,Telur Ayam,DKI Jakarta,31500.0
2025-02-05,Telur Ayam,DKI Jakarta,31700.0
2025-02-06,Telur Ayam,DKI Jakarta,31100.0
2025-02-07,Telur Ayam,DKI Jakarta,31000.0
2025-02-08,Telur Ayam,DKI Jakarta,31000.0
2025-02-09,Telur Ayam,DKI Jakarta,31700.0
2025-02-10,Telur Ayam,DKI Jakarta,31800.0
2025-02-11,Telur Ayam,DKI Jakarta,32500.0
2025-02-12,Telur Ayam,DKI Jakarta,31000.0
2025-02-13,Telur Ayam,DKI Jakarta,31000.0
2025-02-14,Telur Ayam,DKI Jakarta,31800.0
2025-02-15,Telur Ayam,DKI Jakarta,31700.0
2025-02-16,Telur Ayam,DKI Jakarta,31200.0
2025-02-17,Telur Ayam,DKI Jakarta,29500.0
2025-02-18,Telur Ayam,DKI Jakarta,31500.0
2025-02-19,Telur Ayam,DKI Jakarta,32100.0
2025-02-20,Telur Ayam,DKI Jakarta,31500.0
2025-02-21,Telur Ayam,DKI Jakarta,31800.0
2025-02-22,Telur Ayam,DKI Jakarta,32500.0
2025-02-23,Telur Ayam,DKI Jakarta,32400.0
2025-02-24,Telur Ayam,DKI Jakarta,32400.0
2025-02-25,Telur Ayam,DKI Jakarta,32200.0
2025-02-26,Telur Ayam,DKI Jakarta,32100.0
2025-02-27,Telur Ayam,DKI Jakarta,32500.0
2025-02-28,Telur Ayam,DKI Jakarta,31900.0
2025-03-01,Telur Ayam,DKI Jakarta,31800.0
2025-03-02,Telur Ayam,DKI Jakarta,31200.0
2025-03-03,Telur Ayam,DKI Jakarta,31800.0
2025-03-04,Telur Ayam,DKI Jakarta,32800.0
2025-03-05,Telur Ayam,DKI Jakarta,31900.0
2025-03-06,Telur Ayam,DKI Jakarta,32300.0
2025-03-07,Telur Ayam,DKI Jakarta,32100.0
2025-03-08,Telur Ayam,DKI Jakarta,32000.0
2025-03-09,Telur Ayam,DKI Jakarta,32100.0
2025-03-10,Telur Ayam,DKI Jakarta,32400.0
2025-03-11,Telur Ayam,DKI Jakarta,32000.0
2025-03-12,Telur Ayam,DKI Jakarta,31700.0
2025-03-13,Telur Ayam,DKI Jakarta,31700.0
2025-03-14,Telur Ayam,DKI Jakarta,32000.0
2025-03-15,Telur Ayam,DKI Jakarta,31000.0
2025-03-16,Telur Ayam,DKI Jakarta,31100.0
2025-03-17,Telur Ayam,DKI Jakarta,31300.0
2025-03-18,Telur Ayam,DKI Jakarta,31500.0
2025-03-19,Telur Ayam,DKI Jakarta,32200.0
2025-03-20,Telur Ayam,DKI Jakarta,33400.0
2025-03-21,Telur Ayam,DKI Jakarta,32600.0
2025-03-22,Telur Ayam,DKI Jakarta,32300.0
2025-03-23,Telur Ayam,DKI Jakarta,33200.0
2025-03-24,Telur Ayam,DKI Jakarta,34200.0
2025-03-25,Telur Ayam,DKI Jakarta,33700.0
2025-03-26,Telur Ayam,DKI Jakarta,35300.0
2025-03-27,Telur Ayam,DKI Jakarta,34300.0
2025-03-28,Telur Ayam,DKI Jakarta,34800.0
2025-03-29,Telur Ayam,DKI Jakarta,34900.0
2025-03-30,Telur Ayam,DKI Jakarta,35200.0
2025-03-31,Telur Ayam,DKI Jakarta,36000.0
2025-04-01,Telur Ayam,DKI Jakarta,32200.0
2025-04-02,Telur Ayam,DKI Jakarta,31900.0
2025-04-03,Telur Ayam,DKI Jakarta,31400.0
2025-04-04,Telur Ayam,DKI Jakarta,31600.0
2025-04-05,Telur Ayam,DKI Jakarta,31400.0
2025-04-06,Telur Ayam,DKI Jakarta,31100.0
2025-04-07,Telur Ayam,DKI Jakarta,31700.0
2025-04-08,Telur Ayam,DKI Jakarta,31600.0
2025-04-09,Telur Ayam,DKI Jakarta,31600.0
2025-04-10,Telur Ayam,DKI Jakarta,32200.0
2025-04-11,Telur Ayam,DKI Jakarta,31700.0
2025-04-12,Telur Ayam,DKI Jakarta,31700.0
2025-04-13,Telur Ayam,DKI Jakarta,31800.0
2025-04-14,Telur Ayam,DKI Jakarta,31300.0
2025-04-15,Telur Ayam,DKI Jakarta,32500.0
2025-04-16,Telur Ayam,DKI Jakarta,31900.0
2025-04-17,Telur Ayam,DKI Jakarta,32200.0
2025-04-18,Telur Ayam,DKI Jakarta,31500.0
2025-04-19,Telur Ayam,DKI Jakarta,31600.0
2025-04-20,Telur Ayam,DKI Jakarta,31700.0
2025-04-21,Telur Ayam,DKI Jakarta,32100.0
2025-04-22,Telur Ayam,DKI Jakarta,31200.0
2025-04-23,Telur Ayam,DKI Jakarta,31300.0
2025-04-24,Telur Ayam,DKI Jakarta,32200.0
2025-04-25,Telur Ayam,DKI Jakarta,31700.0
2025-04-26,Telur Ayam,DKI Jakarta,31000.0
2025-04-27,Telur Ayam,DKI Jakarta,31700.0
2025-04-28,Telur Ayam,DKI Jakarta,31000.0
2025-04-29,Telur Ayam,DKI Jakarta,33400.0
2025-04-30,Telur Ayam,DKI Jakarta,32700.0
2025-05-01,Telur Ayam,DKI Jakarta,32100.0
2025-05-02,Telur Ayam,DKI Jakarta,31700.0
2025-05-03,Telur Ayam,DKI Jakarta,31100.0
2025-05-04,Telur Ayam,DKI Jakarta,30900.0
2025-05-05,Telur Ayam,DKI Jakarta,31500.0
2025-05-06,Telur Ayam,DKI Jakarta,31400.0
2025-05-07,Telur Ayam,DKI Jakarta,31400.0
2025-05-08,Telur Ayam,DKI Jakarta,30900.0
2025-05-09,Telur Ayam,DKI Jakarta,31300.0
2025-05-10,Telur Ayam,DKI Jakarta,30800.0
2025-05-11,Telur Ayam,DKI Jakarta,31200.0
2025-05-12,Telur Ayam,DKI Jakarta,31400.0
2025-05-13,Telur Ayam,DKI Jakarta,31500.0
2025-05-14,Telur Ayam,DKI Jakarta,32700.0
2025-05-15,Telur Ayam,DKI Jakarta,31700.0
2025-05-16,Telur Ayam,DKI Jakarta,30500.0
2025-05-17,Telur Ayam,DKI Jakarta,31100.0
2025-05-18,Telur Ayam,DKI Jakarta,31000.0
2025-05-19,Telur Ayam,DKI Jakarta,30500.0
2025-05-20,Telur Ayam,DKI Jakarta,30700.0
2025-05-21,Telur Ayam,DKI Jakarta,31700.0
2025-05-22,Telur Ayam,DKI Jakarta,31700.0
2025-05-23,Telur Ayam,DKI Jakarta,30600.0
2025-05-24,Telur Ayam,DKI Jakarta,31600.0
2025-05-25,Telur Ayam,DKI Jakarta,31600.0
2025-05-26,Telur Ayam,DKI Jakarta,32600.0
2025-05-27,Telur Ayam,DKI Jakarta,33200.0
2025-05-28,Telur Ayam,DKI Jakarta,33000.0
2025-05-29,Telur Ayam,DKI Jakarta,34100.0
2025-05-30,Telur Ayam,DKI Jakarta,32900.0
2025-05-31,Telur Ayam,DKI Jakarta,34500.0
2025-06-01,Telur Ayam,DKI Jakarta,33400.0
2025-06-02,Telur Ayam,DKI Jakarta,34300.0
2025-06-03,Telur Ayam,DKI Jakarta,34700.0
2025-06-04,Telur Ayam,DKI Jakarta,35200.0
2025-06-05,Telur Ayam,DKI Jakarta,36700.0
2025-06-06,Telur Ayam,DKI Jakarta,35100.0
2025-06-07,Telur Ayam,DKI Jakarta,31100.0
2025-06-08,Telur Ayam,DKI Jakarta,30600.0
2025-06-09,Telur Ayam,DKI Jakarta,31500.0
2025-06-10,Telur Ayam,DKI Jakarta,31100.0
2025-06-11,Telur Ayam,DKI Jakarta,31500.0
2025-06-12,Telur Ayam,DKI Jakarta,31500.0
2025-06-13,Telur Ayam,DKI Jakarta,30700.0
2025-06-14,Telur Ayam,DKI Jakarta,32100.0
2025-06-15,Telur Ayam,DKI Jakarta,31200.0
2025-06-16,Telur Ayam,DKI Jakarta,31000.0
2025-06-17,Telur Ayam,DKI Jakarta,30900.0
2025-06-18,Telur Ayam,DKI Jakarta,31400.0
2025-06-19,Telur Ayam,DKI Jakarta,30400.0
2025-06-20,Telur Ayam,DKI Jakarta,31400.0
2025-06-21,Telur Ayam,DKI Jakarta,30500.0
2025-06-22,Telur Ayam,DKI Jakarta,30300.0
2025-06-23,Telur Ayam,DKI Jakarta,31000.0
2025-06-24,Telur Ayam,DKI Jakarta,30400.0
2025-06-25,Telur Ayam,DKI Jakarta,30000.0
2025-06-26,Telur Ayam,DKI Jakarta,30300.0
2025-06-27,Telur Ayam,DKI Jakarta,30300.0
2025-06-28,Telur Ayam,DKI Jakarta,30200.0
2025-06-29,Telur Ayam,DKI Jakarta,29400.0
2025-06-30,Telur Ayam,DKI Jakarta,30200.0
2025-07-01,Telur Ayam,DKI Jakarta,29100.0
2025-07-02,Telur Ayam,DKI Jakarta,30000.0
2025-07-03,Telur Ayam,DKI Jakarta,30600.0
2025-07-04,Telur Ayam,DKI Jakarta,30300.0
2025-07-05,Telur Ayam,DKI Jakarta,29300.0
2025-07-06,Telur Ayam,DKI Jakarta,29700.0
2025-07-07,Telur Ayam,DKI Jakarta,30100.0
2025-07-08,Telur Ayam,DKI Jakarta,30800.0
2025-07-09,Telur Ayam,DKI Jakarta,31000.0
2025-07-10,Telur Ayam,DKI Jakarta,30200.0
2025-07-11,Telur Ayam,DKI Jakarta,29800.0
2025-07-12,Telur Ayam,DKI Jakarta,29100.0
2025-07-13,Telur Ayam,DKI Jakarta,29900.0
2025-07-14,Telur Ayam,DKI Jakarta,30900.0
2025-07-15,Telur Ayam,DKI Jakarta,30800.0
2025-07-16,Telur Ayam,DKI Jakarta,30400.0
2025-07-17,Telur Ayam,DKI Jakarta,30300.0
2025-07-18,Telur Ayam,DKI Jakarta,29500.0
2025-07-19,Telur Ayam,DKI Jakarta,29500.0
2025-07-20,Telur Ayam,DKI Jakarta,29700.0
2025-07-21,Telur Ayam,DKI Jakarta,30000.0
2025-07-22,Telur Ayam,DKI Jakarta,30600.0
2025-07-23,Telur Ayam,DKI Jakarta,30700.0
2025-07-24,Telur Ayam,DKI Jakarta,30200.0
2025-07-25,Telur Ayam,DKI Jakarta,29300.0
2025-07-26,Telur Ayam,DKI Jakarta,29100.0
2025-07-27,Telur Ayam,DKI Jakarta,29200.0
2025-07-28,Telur Ayam,DKI Jakarta,30000.0
2025-07-29,Telur Ayam,DKI Jakarta,29300.0
2025-07-30,Telur Ayam,DKI Jakarta,30200.0
2025-07-31,Telur Ayam,DKI Jakarta,30600.0
2025-08-01,Telur Ayam,DKI Jakarta,30000.0
2025-08-02,Telur Ayam,DKI Jakarta,29500.0
2025-08-03,Telur Ayam,DKI Jakarta,29300.0
2025-08-04,Telur Ayam,DKI Jakarta,30200.0
2025-08-05,Telur Ayam,DKI Jakarta,30200.0
2025-08-06,Telur Ayam,DKI Jakarta,29900.0
2025-08-07,Telur Ayam,DKI Jakarta,29700.0
2025-08-08,Telur Ayam,DKI Jakarta,29600.0
2025-08-09,Telur Ayam,DKI Jakarta,29300.0
2025-08-10,Telur Ayam,DKI Jakarta,29800.0
2025-08-11,Telur Ayam,DKI Jakarta,30100.0
2025-08-12,Telur Ayam,DKI Jakarta,29200.0
2025-08-13,Telur Ayam,DKI Jakarta,29300.0
2025-08-14,Telur Ayam,DKI Jakarta,30100.0
2025-08-15,Telur Ayam,DKI Jakarta,29300.0
2025-08-16,Telur Ayam,DKI Jakarta,28500.0
2025-08-17,Telur Ayam,DKI Jakarta,29400.0
2025-08-18,Telur Ayam,DKI Jakarta,29500.0
2025-08-19,Telur Ayam,DKI Jakarta,30500.0
2025-08-20,Telur Ayam,DKI Jakarta,29600.0
2025-08-21,Telur Ayam,DKI Jakarta,29900.0
2025-08-22,Telur Ayam,DKI Jakarta,28600.0
2025-08-23,Telur Ayam,DKI Jakarta,29600.0
2025-08-24,Telur Ayam,DKI Jakarta,29500.0
2025-08-25,Telur Ayam,DKI Jakarta,30000.0
2025-08-26,Telur Ayam,DKI Jakarta,30100.0
2025-08-27,Telur Ayam,DKI Jakarta,29600.0
2025-08-28,Telur Ayam,DKI Jakarta,28900.0
2025-08-29,Telur Ayam,DKI Jakarta,28900.0
2025-08-30,Telur Ayam,DKI Jakarta,28200.0
2025-08-31,Telur Ayam,DKI Jakarta,28600.0
2025-09-01,Telur Ayam,DKI Jakarta,29500.0
2025-09-02,Telur Ayam,DKI Jakarta,29400.0
2025-09-03,Telur Ayam,DKI Jakarta,29300.0
2025-09-04,Telur Ayam,DKI Jakarta,28800.0
2025-09-05,Telur Ayam,DKI Jakarta,28200.0
2025-09-06,Telur Ayam,DKI Jakarta,28900.0
2025-09-07,Telur Ayam,DKI Jakarta,29000.0
2025-09-08,Telur Ayam,DKI Jakarta,28700.0
2025-09-09,Telur Ayam,DKI Jakarta,29000.0
2025-09-10,Telur Ayam,DKI Jakarta,30000.0
2025-09-11,Telur Ayam,DKI Jakarta,29700.0
2025-09-12,Telur Ayam,DKI Jakarta,28500.0
2025-09-13,Telur Ayam,DKI Jakarta,28900.0
2025-09-14,Telur Ayam,DKI Jakarta,29500.0
2025-09-15,Telur Ayam,DKI Jakarta,29000.0
2025-09-16,Telur Ayam,DKI Jakarta,29100.0
2025-09-17,Telur Ayam,DKI Jakarta,29800.0
2025-09-18,Telur Ayam,DKI Jakarta,29700.0
2025-09-19,Telur Ayam,DKI Jakarta,29400.0
2025-09-20,Telur Ayam,DKI Jakarta,28700.0
2025-09-21,Telur Ayam,DKI Jakarta,29100.0
2025-09-22,Telur Ayam,DKI Jakarta,29700.0
2025-09-23,Telur Ayam,DKI Jakarta,29200.0
2025-09-24,Telur Ayam,DKI Jakarta,29100.0
2025-09-25,Telur Ayam,DKI Jakarta,29700.0
2025-09-26,Telur Ayam,DKI Jakarta,29800.0
2025-09-27,Telur Ayam,DKI Jakarta,29700.0
2025-09-28,Telur Ayam,DKI Jakarta,28800.0
2025-09-29,Telur Ayam,DKI Jakarta,29000.0
2025-09-30,Telur Ayam,DKI Jakarta,28800.0
2025-10-01,Telur Ayam,DKI Jakarta,29400.0
2025-10-02,Telur Ayam,DKI Jakarta,28700.0
2025-10-03,Telur Ayam,DKI Jakarta,28600.0
2025-10-04,Telur Ayam,DKI Jakarta,28900.0
2025-10-05,Telur Ayam,DKI Jakarta,28800.0
2025-10-06,Telur Ayam,DKI Jakarta,28100.0
2025-10-07,Telur Ayam,DKI Jakarta,29800.0
2025-10-08,Telur Ayam,DKI Jakarta,28700.0
2025-10-09,Telur Ayam,DKI Jakarta,28500.0
2025-10-10,Telur Ayam,DKI Jakarta,28100.0
2025-10-11,Telur Ayam,DKI Jakarta,28300.0
2025-10-12,Telur Ayam,DKI Jakarta,28300.0
2025-10-13,Telur Ayam,DKI Jakarta,28400.0
2025-10-14,Telur Ayam,DKI Jakarta,27900.0
2025-10-15,Telur Ayam,DKI Jakarta,29100.0
2025-10-16,Telur Ayam,DKI Jakarta,29000.0
2025-10-17,Telur Ayam,DKI Jakarta,29700.0
2025-10-18,Telur Ayam,DKI Jakarta,28800.0
2025-10-19,Telur Ayam,DKI Jakarta,28400.0
2025-10-20,Telur Ayam,DKI Jakarta,28400.0
2025-10-21,Telur Ayam,DKI Jakarta,29100.0
2025-10-22,Telur Ayam,DKI Jakarta,29300.0
2025-10-23,Telur Ayam,DKI Jakarta,28700.0
2025-10-24,Telur Ayam,DKI Jakarta,28700.0
2025-10-25,Telur Ayam,DKI Jakarta,29400.0
2025-10-26,Telur Ayam,DKI Jakarta,28500.0
2025-10-27,Telur Ayam,DKI Jakarta,28000.0
2025-10-28,Telur Ayam,DKI Jakarta,29300.0
2025-10-29,Telur Ayam,DKI Jakarta,29100.0
2025-10-30,Telur Ayam,DKI Jakarta,28000.0
2025-10-31,Telur Ayam,DKI Jakarta,28700.0
2025-11-01,Telur Ayam,DKI Jakarta,28100.0
2025-11-02,Telur Ayam,DKI Jakarta,28800.0
2025-11-03,Telur Ayam,DKI Jakarta,29600.0
2025-11-04,Telur Ayam,DKI Jakarta,28900.0
2025-11-05,Telur Ayam,DKI Jakarta,29500.0
2025-11-06,Telur Ayam,DKI Jakarta,28400.0
2025-11-07,Telur Ayam,DKI Jakarta,28100.0
2025-11-08,Telur Ayam,DKI Jakarta,29500.0
2025-11-09,Telur Ayam,DKI Jakarta,28900.0
2025-11-10,Telur Ayam,DKI Jakarta,29400.0
2025-11-11,Telur Ayam,DKI Jakarta,29900.0
2025-11-12,Telur Ayam,DKI Jakarta,29200.0
2025-11-13,Telur Ayam,DKI Jakarta,29600.0
2025-11-14,Telur Ayam,DKI Jakarta,29300.0
2025-11-15,Telur Ayam,DKI Jakarta,28300.0
2025-11-16,Telur Ayam,DKI Jakarta,29600.0
2025-11-17,Telur Ayam,DKI Jakarta,29700.0
2025-11-18,Telur Ayam,DKI Jakarta,28800.0
2025-11-19,Telur Ayam,DKI Jakarta,29500.0
2025-11-20,Telur Ayam,DKI Jakarta,29300.0
2025-11-21,Telur Ayam,DKI Jakarta,29900.0
2025-11-22,Telur Ayam,DKI Jakarta,28500.0
2025-11-23,Telur Ayam,DKI Jakarta,30600.0
2025-11-24,Telur Ayam,DKI Jakarta,29100.0
2025-11-25,Telur Ayam,DKI Jakarta,29700.0
2025-11-26,Telur Ayam,DKI Jakarta,30000.0
2025-11-27,Telur Ayam,DKI Jakarta,29100.0
2025-11-28,Telur Ayam,DKI Jakarta,28900.0
2025-11-29,Telur Ayam,DKI Jakarta,28600.0
2025-11-30,Telur Ayam,DKI Jakarta,28500.0
2025-12-01,Telur Ayam,DKI Jakarta,29300.0
2025-12-02,Telur Ayam,DKI Jakarta,29400.0
2025-12-03,Telur Ayam,DKI Jakarta,29300.0
2025-12-04,Telur Ayam,DKI Jakarta,29100.0
2025-12-05,Telur Ayam,DKI Jakarta,29300.0
2025-12-06,Telur Ayam,DKI Jakarta,28700.0
2025-12-07,Telur Ayam,DKI Jakarta,29100.0
2025-12-08,Telur Ayam,DKI Jakarta,29900.0
2025-12-09,Telur Ayam,DKI Jakarta,30000.0
2025-12-10,Telur Ayam,DKI Jakarta,29500.0
2025-12-11,Telur Ayam,DKI Jakarta,29900.0
2025-12-12,Telur Ayam,DKI Jakarta,29800.0
2025-12-13,Telur Ayam,DKI Jakarta,29900.0
2025-12-14,Telur Ayam,DKI Jakarta,29300.0
2025-12-15,Telur Ayam,DKI Jakarta,29600.0
2025-12-16,Telur Ayam,DKI Jakarta,29800.0
2025-12-17,Telur Ayam,DKI Jakarta,29800.0
2025-12-18,Telur Ayam,DKI Jakarta,30200.0
2025-12-19,Telur Ayam,DKI Jakarta,30000.0
2025-12-20,Telur Ayam,DKI Jakarta,30100.0
2025-12-21,Telur Ayam,DKI Jakarta,29700.0
2025-12-22,Telur Ayam,DKI Jakarta,29400.0
2025-12-23,Telur Ayam,DKI Jakarta,30600.0
2025-12-24,Telur Ayam,DKI Jakarta,30500.0
2025-12-25,Telur Ayam,DKI Jakarta,30300.0
2025-12-26,Telur Ayam,DKI Jakarta,29400.0
2025-12-27,Telur Ayam,DKI Jakarta,29700.0
2025-12-28,Telur Ayam,DKI Jakarta,29400.0
2025-12-29,Telur Ayam,DKI Jakarta,30400.0
2025-12-30,Telur Ayam,DKI Jakarta,30300.0
2025-12-31,Telur Ayam,DKI Jakarta,30300.0
2026-01-01,Telur Ayam,DKI Jakarta,29600.0
2026-01-02,Telur Ayam,DKI Jakarta,30500.0
2026-01-03,Telur Ayam,DKI Jakarta,29900.0
2026-01-04,Telur Ayam,DKI Jakarta,30200.0
2026-01-05,Telur Ayam,DKI Jakarta,30000.0
2026-01-06,Telur Ayam,DKI Jakarta,29800.0
2026-01-07,Telur Ayam,DKI Jakarta,30300.0
2026-01-08,Telur Ayam,DKI Jakarta,30300.0
2026-01-09,Telur Ayam,DKI Jakarta,30300.0
2026-01-10,Telur Ayam,DKI Jakarta,29800.0
2026-01-11,Telur Ayam,DKI Jakarta,29700.0
2026-01-12,Telur Ayam,DKI Jakarta,29700.0
2026-01-13,Telur Ayam,DKI Jakarta,30700.0
2026-01-14,Telur Ayam,DKI Jakarta,30500.0
2026-01-15,Telur Ayam,DKI Jakarta,31300.0
2026-01-16,Telur Ayam,DKI Jakarta,30500.0
2026-01-17,Telur Ayam,DKI Jakarta,30500.0
2026-01-18,Telur Ayam,DKI Jakarta,30200.0
2026-01-19,Telur Ayam,DKI Jakarta,30700.0
2026-01-20,Telur Ayam,DKI Jakarta,30400.0
2026-01-21,Telur Ayam,DKI Jakarta,30300.0
2026-01-22,Telur Ayam,DKI Jakarta,30700.0
2026-01-23,Telur Ayam,DKI Jakarta,30800.0
2026-01-24,Telur Ayam,DKI Jakarta,29600.0
2026-01-25,Telur Ayam,DKI Jakarta,30300.0
2026-01-26,Telur Ayam,DKI Jakarta,31600.0
2026-01-27,Telur Ayam,DKI Jakarta,31400.0
2026-01-28,Telur Ayam,DKI Jakarta,32000.0
2026-01-29,Telur Ayam,DKI Jakarta,30700.0
2026-01-30,Telur Ayam,DKI Jakarta,30500.0
2026-01-31,Telur Ayam,DKI Jakarta,31000.0
2026-02-01,Telur Ayam,DKI Jakarta,31000.0
2026-02-02,Telur Ayam,DKI Jakarta,31000.0
2026-02-03,Telur Ayam,DKI Jakarta,30700.0
2026-02-04,Telur Ayam,DKI Jakarta,31800.0
2026-02-05,Telur Ayam,DKI Jakarta,32300.0
2026-02-06,Telur Ayam,DKI Jakarta,30200.0
2026-02-07,Telur Ayam,DKI Jakarta,31400.0
2026-02-08,Telur Ayam,DKI Jakarta,30600.0
2026-02-09,Telur Ayam,DKI Jakarta,30800.0
2026-02-10,Telur Ayam,DKI Jakarta,31400.0
2026-02-11,Telur Ayam,DKI Jakarta,30700.0
2026-02-12,Telur Ayam,DKI Jakarta,31000.0
2026-02-13,Telur Ayam,DKI Jakarta,30000.0
2026-02-14,Telur Ayam,DKI Jakarta,30800.0
2026-02-15,Telur Ayam,DKI Jakarta,31600.0
2026-02-16,Telur Ayam,DKI Jakarta,30600.0
2026-02-17,Telur Ayam,DKI Jakarta,31100.0
2026-02-18,Telur Ayam,DKI Jakarta,31200.0
2026-02-19,Telur Ayam,DKI Jakarta,31700.0
2026-02-20,Telur Ayam,DKI Jakarta,31100.0
2026-02-21,Telur Ayam,DKI Jakarta,31300.0
2026-02-22,Telur Ayam,DKI Jakarta,30700.0
2026-02-23,Telur Ayam,DKI Jakarta,31600.0
2026-02-24,Telur Ayam,DKI Jakarta,30100.0
2026-02-25,Telur Ayam,DKI Jakarta,32100.0
2026-02-26,Telur Ayam,DKI Jakarta,31100.0
2026-02-27,Telur Ayam,DKI Jakarta,31200.0
2026-02-28,Telur Ayam,DKI Jakarta,31500.0
2026-03-01,Telur Ayam,DKI Jakarta,30500.0
2026-03-02,Telur Ayam,DKI Jakarta,31900.0
2026-03-03,Telur Ayam,DKI Jakarta,31700.0
2026-03-04,Telur Ayam,DKI Jakarta,32500.0
2026-03-05,Telur Ayam,DKI Jakarta,31200.0
2026-03-06,Telur Ayam,DKI Jakarta,30500.0
2026-03-07,Telur Ayam,DKI Jakarta,31500.0
2026-03-08,Telur Ayam,DKI Jakarta,32200.0
2026-03-09,Telur Ayam,DKI Jakarta,32800.0
2026-03-10,Telur Ayam,DKI Jakarta,32600.0
2026-03-11,Telur Ayam,DKI Jakarta,32800.0
2026-03-12,Telur Ayam,DKI Jakarta,33700.0
2026-03-13,Telur Ayam,DKI Jakarta,34100.0
2026-03-14,Telur Ayam,DKI Jakarta,34300.0
2026-03-15,Telur Ayam,DKI Jakarta,35200.0
2026-03-16,Telur Ayam,DKI Jakarta,34800.0
2026-03-17,Telur Ayam,DKI Jakarta,34700.0
2026-03-18,Telur Ayam,DKI Jakarta,36500.0
2026-03-19,Telur Ayam,DKI Jakarta,36100.0
2026-03-20,Telur Ayam,DKI Jakarta,36100.0
2026-03-21,Telur Ayam,DKI Jakarta,31500.0
2026-03-22,Telur Ayam,DKI Jakarta,31700.0
2026-03-23,Telur Ayam,DKI Jakarta,31400.0
2026-03-24,Telur Ayam,DKI Jakarta,32200.0
2026-03-25,Telur Ayam,DKI Jakarta,32000.0
2026-03-26,Telur Ayam,DKI Jakarta,31300.0
2026-03-27,Telur Ayam,DKI Jakarta,31100.0
2026-03-28,Telur Ayam,DKI Jakarta,31400.0
2026-03-29,Telur Ayam,DKI Jakarta,30900.0
2026-03-30,Telur Ayam,DKI Jakarta,32000.0
2026-03-31,Telur Ayam,DKI Jakarta,31900.0
2026-04-01,Telur Ayam,DKI Jakarta,32000.0
2026-04-02,Telur Ayam,DKI Jakarta,32400.0
2026-04-03,Telur Ayam,DKI Jakarta,31700.0
2026-04-04,Telur Ayam,DKI Jakarta,31400.0
2026-04-05,Telur Ayam,DKI Jakarta,31600.0
2026-04-06,Telur Ayam,DKI Jakarta,31800.0
2026-04-07,Telur Ayam,DKI Jakarta,32100.0
2026-04-08,Telur Ayam,DKI Jakarta,32600.0
2026-04-09,Telur Ayam,DKI Jakarta,31500.0
2026-04-10,Telur Ayam,DKI Jakarta,31300.0
2026-04-11,Telur Ayam,DKI Jakarta,32000.0
2026-04-12,Telur Ayam,DKI Jakarta,31300.0
2026-04-13,Telur Ayam,DKI Jakarta,32000.0
2026-04-14,Telur Ayam,DKI Jakarta,31900.0
2026-04-15,Telur Ayam,DKI Jakarta,31500.0
2026-04-16,Telur Ayam,DKI Jakarta,32200.0
2026-04-17,Telur Ayam,DKI Jakarta,32400.0
2026-04-18,Telur Ayam,DKI Jakarta,31600.0
2026-04-19,Telur Ayam,DKI Jakarta,31000.0
2026-04-20,Telur Ayam,DKI Jakarta,32000.0
2026-04-21,Telur Ayam,DKI Jakarta,31900.0
2026-04-22,Telur Ayam,DKI Jakarta,31000.0
2026-04-23,Telur Ayam,DKI Jakarta,31900.0
2026-04-24,Telur Ayam,DKI Jakarta,31900.0
2026-04-25,Telur Ayam,DKI Jakarta,32100.0
2026-04-26,Telur Ayam,DKI Jakarta,32400.0
2026-04-27,Telur Ayam,DKI Jakarta,32100.0
2026-04-28,Telur Ayam,DKI Jakarta,32400.0
2026-04-29,Telur Ayam,DKI Jakarta,31300.0
2026-04-30,Telur Ayam,DKI Jakarta,32600.0
2026-05-01,Telur Ayam,DKI Jakarta,32100.0
2026-05-02,Telur Ayam,DKI Jakarta,31100.0
2026-05-03,Telur Ayam,DKI Jakarta,31700.0
2026-05-04,Telur Ayam,DKI Jakarta,31900.0
2026-05-05,Telur Ayam,DKI Jakarta,32500.0
2026-05-06,Telur Ayam,DKI Jakarta,31900.0
2026-05-07,Telur Ayam,DKI Jakarta,31400.0
2026-05-08,Telur Ayam,DKI Jakarta,31200.0
2026-05-09,Telur Ayam,DKI Jakarta,31600.0
2026-05-10,Telur Ayam,DKI Jakarta,30300.0
2026-05-11,Telur Ayam,DKI Jakarta,29900.0
2026-05-12,Telur Ayam,DKI Jakarta,32000.0
2026-05-13,Telur Ayam,DKI Jakarta,31700.0
2026-05-14,Telur Ayam,DKI Jakarta,31400.0
2026-05-15,Telur Ayam,DKI Jakarta,30500.0
2026-05-16,Telur Ayam,DKI Jakarta,30100.0
2026-05-17,Telur Ayam,DKI Jakarta,30700.0
2026-05-18,Telur Ayam,DKI Jakarta,31500.0
2026-05-19,Telur Ayam,DKI Jakarta,31300.0
2026-05-20,Telur Ayam,DKI Jakarta,32000.0
2026-05-21,Telur Ayam,DKI Jakarta,30900.0
2026-05-22,Telur Ayam,DKI Jakarta,30800.0
2026-05-23,Telur Ayam,DKI Jakarta,31200.0
2026-05-24,Telur Ayam,DKI Jakarta,30600.0
2026-05-25,Telur Ayam,DKI Jakarta,30800.0
2026-05-26,Telur Ayam,DKI Jakarta,30900.0
2026-05-27,Telur Ayam,DKI Jakarta,30700.0
2026-05-28,Telur Ayam,DKI Jakarta,31100.0
2026-05-29,Telur Ayam,DKI Jakarta,30900.0
2026-05-30,Telur Ayam,DKI Jakarta,30600.0
2026-05-31,Telur Ayam,DKI Jakarta,30300.0
2026-06-01,Telur Ayam,DKI Jakarta,30700.0
2026-06-02,Telur Ayam,DKI Jakarta,31700.0
2026-06-03,Telur Ayam,DKI Jakarta,30300.0
2026-06-04,Telur Ayam,DKI Jakarta,31600.0
2026-06-05,Telur Ayam,DKI Jakarta,30400.0
2026-06-06,Telur Ayam,DKI Jakarta,30200.0
2026-06-07,Telur Ayam,DKI Jakarta,30700.0
2026-06-08,Telur Ayam,DKI Jakarta,29500.0
2026-06-09,Telur Ayam,DKI Jakarta,31300.0
2026-06-10,Telur Ayam,DKI Jakarta,31400.0
2026-06-11,Telur Ayam,DKI Jakarta,31000.0
2026-06-12,Telur Ayam,DKI Jakarta,29300.0
2026-06-13,Telur Ayam,DKI Jakarta,30400.0
2026-06-14,Telur Ayam,DKI Jakarta,30900.0
2026-06-15,Telur Ayam,DKI Jakarta,31000.0
2026-06-16,Telur Ayam,DKI Jakarta,29800.0
2026-06-17,Telur Ayam,DKI Jakarta,30800.0
2026-06-18,Telur Ayam,DKI Jakarta,31000.0
2026-06-19,Telur Ayam,DKI Jakarta,29900.0
2026-06-20,Telur Ayam,DKI Jakarta,29000.0
2026-06-21,Telur Ayam,DKI Jakarta,30100.0
2026-06-22,Telur Ayam,DKI Jakarta,30500.0
2026-06-23,Telur Ayam,DKI Jakarta,30100.0
2026-06-24,Telur Ayam,DKI Jakarta,29700.0
2026-06-25,Telur Ayam,DKI Jakarta,30600.0
2026-06-26,Telur Ayam,DKI Jakarta,29600.0
2026-06-27,Telur Ayam,DKI Jakarta,30000.0
2026-06-28,Telur Ayam,DKI Jakarta,30600.0
2026-06-29,Telur Ayam,DKI Jakarta,29300.0
2026-06-30,Telur Ayam,DKI Jakarta,30800.0
2026-07-01,Telur Ayam,DKI Jakarta,30300.0
2026-07-02,Telur Ayam,DKI Jakarta,30200.0
2026-07-03,Telur Ayam,DKI Jakarta,30300.0
2026-07-04,Telur Ayam,DKI Jakarta,29300.0
2026-07-05,Telur Ayam,DKI Jakarta,29200.0
2026-07-06,Telur Ayam,DKI Jakarta,29200.0
2026-07-07,Telur Ayam,DKI Jakarta,30700.0
2026-07-08,Telur Ayam,DKI Jakarta,30000.0
2026-07-09,Telur Ayam,DKI Jakarta,30200.0
2026-07-10,Telur Ayam,DKI Jakarta,29400.0
2026-07-11,Telur Ayam,DKI Jakarta,29000.0
2026-07-12,Telur Ayam,DKI Jakarta,29700.0
2026-07-13,Telur Ayam,DKI Jakarta,29900.0
2026-07-14,Telur Ayam,DKI Jakarta,29800.0
2026-07-15,Telur Ayam,DKI Jakarta,30100.0
2026-07-16,Telur Ayam,DKI Jakarta,29400.0
2026-07-17,Telur Ayam,DKI Jakarta,30000.0
2026-07-18,Telur Ayam,DKI Jakarta,29900.0
2026-07-19,Telur Ayam,DKI Jakarta,29700.0
2026-07-20,Telur Ayam,DKI Jakarta,29400.0
2026-07-21,Telur Ayam,DKI Jakarta,29900.0
2026-07-22,Telur Ayam,DKI Jakarta,30600.0
2026-07-23,Telur Ayam,DKI Jakarta,30300.0
2026-07-24,Telur Ayam,DKI Jakarta,30400.0
2026-07-25,Telur Ayam,DKI Jakarta,29000.0
2026-07-26,Telur Ayam,DKI Jakarta,28900.0
2026-07-27,Telur Ayam,DKI Jakarta,29700.0
2026-07-28,Telur Ayam,DKI Jakarta,29900.0
2026-07-29,Telur Ayam,DKI Jakarta,29800.0
2026-07-30,Telur Ayam,DKI Jakarta,29600.0
2026-07-31,Telur Ayam,DKI Jakarta,30000.0
2026-08-01,Telur Ayam,DKI Jakarta,29200.0
2026-08-02,Telur Ayam,DKI Jakarta,28900.0
2026-08-03,Telur Ayam,DKI Jakarta,29200.0
2026-08-04,Telur Ayam,DKI Jakarta,30000.0
2026-08-05,Telur Ayam,DKI Jakarta,31200.0
2026-08-06,Telur Ayam,DKI Jakarta,29300.0
2026-08-07,Telur Ayam,DKI Jakarta,29300.0
2026-08-08,Telur Ayam,DKI Jakarta,30200.0
2026-08-09,Telur Ayam,DKI Jakarta,29000.0
2026-08-10,Telur Ayam,DKI Jakarta,29600.0
2026-08-11,Telur Ayam,DKI Jakarta,30500.0
2026-08-12,Telur Ayam,DKI Jakarta,29400.0
2026-08-13,Telur Ayam,DKI Jakarta,29500.0
2026-08-14,Telur Ayam,DKI Jakarta,29200.0
2026-08-15,Telur Ayam,DKI Jakarta,28600.0
2026-08-16,Telur Ayam,DKI Jakarta,29900.0
2026-08-17,Telur Ayam,DKI Jakarta,29200.0
2026-08-18,Telur Ayam,DKI Jakarta,29300.0
2026-08-19,Telur Ayam,DKI Jakarta,29600.0
2026-08-20,Telur Ayam,DKI Jakarta,30100.0
2026-08-21,Telur Ayam,DKI Jakarta,29300.0
2026-08-22,Telur Ayam,DKI Jakarta,28700.0
2026-08-23,Telur Ayam,DKI Jakarta,29300.0
2026-08-24,Telur Ayam,DKI Jakarta,29700.0
2026-08-25,Telur Ayam,DKI Jakarta,29600.0
2026-08-26,Telur Ayam,DKI Jakarta,29500.0
2026-08-27,Telur Ayam,DKI Jakarta,30000.0
2026-08-28,Telur Ayam,DKI Jakarta,29200.0
2026-08-29,Telur Ayam,DKI Jakarta,29900.0
2026-08-30,Telur Ayam,DKI Jakarta,28800.0
2026-08-31,Telur Ayam,DKI Jakarta,29000.0
2026-09-01,Telur Ayam,DKI Jakarta,29200.0
2026-09-02,Telur Ayam,DKI Jakarta,29500.0
2026-09-03,Telur Ayam,DKI Jakarta,29400.0
2026-09-04,Telur Ayam,DKI Jakarta,28600.0
2026-09-05,Telur Ayam,DKI Jakarta,29000.0
2026-09-06,Telur Ayam,DKI Jakarta,29200.0
2026-09-07,Telur Ayam,DKI Jakarta,28600.0
2026-09-08,Telur Ayam,DKI Jakarta,29100.0
2026-09-09,Telur Ayam,DKI Jakarta,29400.0
2026-09-10,Telur Ayam,DKI Jakarta,28600.0
2026-09-11,Telur Ayam,DKI Jakarta,28500.0
2026-09-12,Telur Ayam,DKI Jakarta,28900.0
2026-09-13,Telur Ayam,DKI Jakarta,29200.0
2026-09-14,Telur Ayam,DKI Jakarta,28900.0
2026-09-15,Telur Ayam,DKI Jakarta,28800.0
2026-09-16,Telur Ayam,DKI Jakarta,28800.0
2026-09-17,Telur Ayam,DKI Jakarta,29300.0
2026-09-18,Telur Ayam,DKI Jakarta,29100.0
2026-09-19,Telur Ayam,DKI Jakarta,27900.0
2026-09-20,Telur Ayam,DKI Jakarta,28900.0
2026-09-21,Telur Ayam,DKI Jakarta,28500.0
2026-09-22,Telur Ayam,DKI Jakarta,28600.0
2026-09-23,Telur Ayam,DKI Jakarta,29000.0
2026-09-24,Telur Ayam,DKI Jakarta,29300.0
2026-09-25,Telur Ayam,DKI Jakarta,28800.0
2026-09-26,Telur Ayam,DKI Jakarta,28600.0
2026-09-27,Telur Ayam,DKI Jakarta,28500.0
2026-09-28,Telur Ayam,DKI Jakarta,28900.0
2026-09-29,Telur Ayam,DKI Jakarta,28900.0
2026-09-30,Telur Ayam,DKI Jakarta,29300.0
2024-01-01,Telur Ayam,Jawa Barat,26700.0
2024-01-02,Telur Ayam,Jawa Barat,27000.0
2024-01-03,Telur Ayam,Jawa Barat,28100.0
2024-01-04,Telur Ayam,Jawa Barat,27500.0
2024-01-05,Telur Ayam,Jawa Barat,27200.0
2024-01-06,Telur Ayam,Jawa Barat,27200.0
2024-01-07,Telur Ayam,Jawa Barat,27800.0
2024-01-08,Telur Ayam,Jawa Barat,27800.0
2024-01-09,Telur Ayam,Jawa Barat,27400.0
2024-01-10,Telur Ayam,Jawa Barat,27200.0
2024-01-11,Telur Ayam,Jawa Barat,27800.0
2024-01-12,Telur Ayam,Jawa Barat,26900.0
2024-01-13,Telur Ayam,Jawa Barat,26600.0
2024-01-14,Telur Ayam,Jawa Barat,27800.0
2024-01-15,Telur Ayam,Jawa Barat,27900.0
2024-01-16,Telur Ayam,Jawa Barat,27800.0
2024-01-17,Telur Ayam,Jawa Barat,27300.0
2024-01-18,Telur Ayam,Jawa Barat,28400.0
2024-01-19,Telur Ayam,Jawa Barat,27900.0
2024-01-20,Telur Ayam,Jawa Barat,27200.0
2024-01-21,Telur Ayam,Jawa Barat,27100.0
2024-01-22,Telur Ayam,Jawa Barat,27600.0
2024-01-23,Telur Ayam,Jawa Barat,27600.0
2024-01-24,Telur Ayam,Jawa Barat,28800.0
2024-01-25,Telur Ayam,Jawa Barat,27600.0
2024-01-26,Telur Ayam,Jawa Barat,27100.0
2024-01-27,Telur Ayam,Jawa Barat,28200.0
2024-01-28,Telur Ayam,Jawa Barat,27200.0
2024-01-29,Telur Ayam,Jawa Barat,28000.0
2024-01-30,Telur Ayam,Jawa Barat,28200.0
2024-01-31,Telur Ayam,Jawa Barat,28100.0
2024-02-01,Telur Ayam,Jawa Barat,27500.0
2024-02-02,Telur Ayam,Jawa Barat,27600.0
2024-02-03,Telur Ayam,Jawa Barat,26900.0
2024-02-04,Telur Ayam,Jawa Barat,27400.0
2024-02-05,Telur Ayam,Jawa Barat,27900.0
2024-02-06,Telur Ayam,Jawa Barat,28600.0
2024-02-07,Telur Ayam,Jawa Barat,27400.0
2024-02-08,Telur Ayam,Jawa Barat,27600.0
2024-02-09,Telur Ayam,Jawa Barat,27200.0
2024-02-10,Telur Ayam,Jawa Barat,27500.0
2024-02-11,Telur Ayam,Jawa Barat,26800.0
2024-02-12,Telur Ayam,Jawa Barat,27300.0
2024-02-13,Telur Ayam,Jawa Barat,27200.0
2024-02-14,Telur Ayam,Jawa Barat,27300.0
2024-02-15,Telur Ayam,Jawa Barat,27600.0
2024-02-16,Telur Ayam,Jawa Barat,28300.0
2024-02-17,Telur Ayam,Jawa Barat,27600.0
2024-02-18,Telur Ayam,Jawa Barat,27500.0
2024-02-19,Telur Ayam,Jawa Barat,28300.0
2024-02-20,Telur Ayam,Jawa Barat,28100.0
2024-02-21,Telur Ayam,Jawa Barat,28200.0
2024-02-22,Telur Ayam,Jawa Barat,27500.0
2024-02-23,Telur Ayam,Jawa Barat,27300.0
2024-02-24,Telur Ayam,Jawa Barat,26900.0
2024-02-25,Telur Ayam,Jawa Barat,27200.0
2024-02-26,Telur Ayam,Jawa Barat,27500.0
2024-02-27,Telur Ayam,Jawa Barat,28000.0
2024-02-28,Telur Ayam,Jawa Barat,28000.0
2024-02-29,Telur Ayam,Jawa Barat,27700.0
2024-03-01,Telur Ayam,Jawa Barat,27200.0
2024-03-02,Telur Ayam,Jawa Barat,27700.0
2024-03-03,Telur Ayam,Jawa Barat,27400.0
2024-03-04,Telur Ayam,Jawa Barat,28000.0
2024-03-05,Telur Ayam,Jawa Barat,27200.0
2024-03-06,Telur Ayam,Jawa Barat,28400.0
2024-03-07,Telur Ayam,Jawa Barat,28400.0
2024-03-08,Telur Ayam,Jawa Barat,28100.0
2024-03-09,Telur Ayam,Jawa Barat,27700.0
2024-03-10,Telur Ayam,Jawa Barat,28100.0
2024-03-11,Telur Ayam,Jawa Barat,27300.0
2024-03-12,Telur Ayam,Jawa Barat,28000.0
2024-03-13,Telur Ayam,Jawa Barat,28000.0
2024-03-14,Telur Ayam,Jawa Barat,28400.0
2024-03-15,Telur Ayam,Jawa Barat,26800.0
2024-03-16,Telur Ayam,Jawa Barat,27100.0
2024-03-17,Telur Ayam,Jawa Barat,28300.0
2024-03-18,Telur Ayam,Jawa Barat,26800.0
2024-03-19,Telur Ayam,Jawa Barat,28500.0
2024-03-20,Telur Ayam,Jawa Barat,27800.0
2024-03-21,Telur Ayam,Jawa Barat,28200.0
2024-03-22,Telur Ayam,Jawa Barat,28400.0
2024-03-23,Telur Ayam,Jawa Barat,27700.0
2024-03-24,Telur Ayam,Jawa Barat,28200.0
2024-03-25,Telur Ayam,Jawa Barat,27600.0
2024-03-26,Telur Ayam,Jawa Barat,27900.0
2024-03-27,Telur Ayam,Jawa Barat,28500.0
2024-03-28,Telur Ayam,Jawa Barat,28200.0
2024-03-29,Telur Ayam,Jawa Barat,28800.0
2024-03-30,Telur Ayam,Jawa Barat,29200.0
2024-03-31,Telur Ayam,Jawa Barat,29500.0
2024-04-01,Telur Ayam,Jawa Barat,29000.0
2024-04-02,Telur Ayam,Jawa Barat,30000.0
2024-04-03,Telur Ayam,Jawa Barat,30600.0
2024-04-04,Telur Ayam,Jawa Barat,30600.0
2024-04-05,Telur Ayam,Jawa Barat,30600.0
2024-04-06,Telur Ayam,Jawa Barat,30800.0
2024-04-07,Telur Ayam,Jawa Barat,30800.0
2024-04-08,Telur Ayam,Jawa Barat,31500.0
2024-04-09,Telur Ayam,Jawa Barat,31600.0
2024-04-10,Telur Ayam,Jawa Barat,32300.0
2024-04-11,Telur Ayam,Jawa Barat,27300.0
2024-04-12,Telur Ayam,Jawa Barat,27700.0
2024-04-13,Telur Ayam,Jawa Barat,27500.0
2024-04-14,Telur Ayam,Jawa Barat,27300.0
2024-04-15,Telur Ayam,Jawa Barat,28600.0
2024-04-16,Telur Ayam,Jawa Barat,28000.0
2024-04-17,Telur Ayam,Jawa Barat,28300.0
2024-04-18,Telur Ayam,Jawa Barat,27800.0
2024-04-19,Telur Ayam,Jawa Barat,27600.0
2024-04-20,Telur Ayam,Jawa Barat,27800.0
2024-04-21,Telur Ayam,Jawa Barat,27600.0
2024-04-22,Telur Ayam,Jawa Barat,28000.0
2024-04-23,Telur Ayam,Jawa Barat,28500.0
2024-04-24,Telur Ayam,Jawa Barat,28000.0
2024-04-25,Telur Ayam,Jawa Barat,27500.0
2024-04-26,Telur Ayam,Jawa Barat,27100.0
2024-04-27,Telur Ayam,Jawa Barat,28200.0
2024-04-28,Telur Ayam,Jawa Barat,28000.0
2024-04-29,Telur Ayam,Jawa Barat,28100.0
2024-04-30,Telur Ayam,Jawa Barat,27800.0
2024-05-01,Telur Ayam,Jawa Barat,27300.0
2024-05-02,Telur Ayam,Jawa Barat,27600.0
2024-05-03,Telur Ayam,Jawa Barat,27400.0
2024-05-04,Telur Ayam,Jawa Barat,26800.0
2024-05-05,Telur Ayam,Jawa Barat,26800.0
2024-05-06,Telur Ayam,Jawa Barat,26900.0
2024-05-07,Telur Ayam,Jawa Barat,28000.0
2024-05-08,Telur Ayam,Jawa Barat,27200.0
2024-05-09,Telur Ayam,Jawa Barat,27800.0
2024-05-10,Telur Ayam,Jawa Barat,27200.0
2024-05-11,Telur Ayam,Jawa Barat,27500.0
2024-05-12,Telur Ayam,Jawa Barat,27500.0
2024-05-13,Telur Ayam,Jawa Barat,27500.0
2024-05-14,Telur Ayam,Jawa Barat,28000.0
2024-05-15,Telur Ayam,Jawa Barat,27800.0
2024-05-16,Telur Ayam,Jawa Barat,27500.0
2024-05-17,Telur Ayam,Jawa Barat,27900.0
2024-05-18,Telur Ayam,Jawa Barat,27100.0
2024-05-19,Telur Ayam,Jawa Barat,27300.0
2024-05-20,Telur Ayam,Jawa Barat,27000.0
2024-05-21,Telur Ayam,Jawa Barat,28000.0
2024-05-22,Telur Ayam,Jawa Barat,27500.0
2024-05-23,Telur Ayam,Jawa Barat,27400.0
2024-05-24,Telur Ayam,Jawa Barat,27000.0
2024-05-25,Telur Ayam,Jawa Barat,27200.0
2024-05-26,Telur Ayam,Jawa Barat,26400.0
2024-05-27,Telur Ayam,Jawa Barat,27700.0
2024-05-28,Telur Ayam,Jawa Barat,27500.0
2024-05-29,Telur Ayam,Jawa Barat,27300.0
2024-05-30,Telur Ayam,Jawa Barat,26600.0
2024-05-31,Telur Ayam,Jawa Barat,27100.0
2024-06-01,Telur Ayam,Jawa Barat,26400.0
2024-06-02,Telur Ayam,Jawa Barat,27200.0
2024-06-03,Telur Ayam,Jawa Barat,27000.0
2024-06-04,Telur Ayam,Jawa Barat,28000.0
2024-06-05,Telur Ayam,Jawa Barat,27700.0
2024-06-06,Telur Ayam,Jawa Barat,28300.0
2024-06-07,Telur Ayam,Jawa Barat,28100.0
2024-06-08,Telur Ayam,Jawa Barat,27900.0
2024-06-09,Telur Ayam,Jawa Barat,28500.0
2024-06-10,Telur Ayam,Jawa Barat,28500.0
2024-06-11,Telur Ayam,Jawa Barat,30200.0
2024-06-12,Telur Ayam,Jawa Barat,29600.0
2024-06-13,Telur Ayam,Jawa Barat,29800.0
2024-06-14,Telur Ayam,Jawa Barat,30000.0
2024-06-15,Telur Ayam,Jawa Barat,29500.0
2024-06-16,Telur Ayam,Jawa Barat,30800.0
2024-06-17,Telur Ayam,Jawa Barat,30300.0
2024-06-18,Telur Ayam,Jawa Barat,26400.0
2024-06-19,Telur Ayam,Jawa Barat,26900.0
2024-06-20,Telur Ayam,Jawa Barat,26200.0
2024-06-21,Telur Ayam,Jawa Barat,27200.0
2024-06-22,Telur Ayam,Jawa Barat,26200.0
2024-06-23,Telur Ayam,Jawa Barat,24900.0
2024-06-24,Telur Ayam,Jawa Barat,26500.0
2024-06-25,Telur Ayam,Jawa Barat,26900.0
2024-06-26,Telur Ayam,Jawa Barat,26600.0
2024-06-27,Telur Ayam,Jawa Barat,25900.0
2024-06-28,Telur Ayam,Jawa Barat,26300.0
2024-06-29,Telur Ayam,Jawa Barat,25800.0
2024-06-30,Telur Ayam,Jawa Barat,25700.0
2024-07-01,Telur Ayam,Jawa Barat,25800.0
2024-07-02,Telur Ayam,Jawa Barat,26400.0
2024-07-03,Telur Ayam,Jawa Barat,26800.0
2024-07-04,Telur Ayam,Jawa Barat,26600.0
2024-07-05,Telur Ayam,Jawa Barat,25400.0
2024-07-06,Telur Ayam,Jawa Barat,26200.0
2024-07-07,Telur Ayam,Jawa Barat,26400.0
2024-07-08,Telur Ayam,Jawa Barat,26800.0
2024-07-09,Telur Ayam,Jawa Barat,26000.0
2024-07-10,Telur Ayam,Jawa Barat,26300.0
2024-07-11,Telur Ayam,Jawa Barat,26400.0
2024-07-12,Telur Ayam,Jawa Barat,25700.0
2024-07-13,Telur Ayam,Jawa Barat,26000.0
2024-07-14,Telur Ayam,Jawa Barat,25800.0
2024-07-15,Telur Ayam,Jawa Barat,25600.0
2024-07-16,Telur Ayam,Jawa Barat,25800.0
2024-07-17,Telur Ayam,Jawa Barat,26600.0
2024-07-18,Telur Ayam,Jawa Barat,25500.0
2024-07-19,Telur Ayam,Jawa Barat,25000.0
2024-07-20,Telur Ayam,Jawa Barat,25500.0
2024-07-21,Telur Ayam,Jawa Barat,25300.0
2024-07-22,Telur Ayam,Jawa Barat,25000.0
2024-07-23,Telur Ayam,Jawa Barat,25400.0
2024-07-24,Telur Ayam,Jawa Barat,25300.0
2024-07-25,Telur Ayam,Jawa Barat,25200.0
2024-07-26,Telur Ayam,Jawa Barat,26300.0
2024-07-27,Telur Ayam,Jawa Barat,25000.0
2024-07-28,Telur Ayam,Jawa Barat,24800.0
2024-07-29,Telur Ayam,Jawa Barat,26000.0
2024-07-30,Telur Ayam,Jawa Barat,25800.0
2024-07-31,Telur Ayam,Jawa Barat,25700.0
2024-08-01,Telur Ayam,Jawa Barat,24900.0
2024-08-02,Telur Ayam,Jawa Barat,25600.0
2024-08-03,Telur Ayam,Jawa Barat,25200.0
2024-08-04,Telur Ayam,Jawa Barat,25000.0
2024-08-05,Telur Ayam,Jawa Barat,24400.0
2024-08-06,Telur Ayam,Jawa Barat,25200.0
2024-08-07,Telur Ayam,Jawa Barat,25900.0
2024-08-08,Telur Ayam,Jawa Barat,25200.0
2024-08-09,Telur Ayam,Jawa Barat,24700.0
2024-08-10,Telur Ayam,Jawa Barat,24500.0
2024-08-11,Telur Ayam,Jawa Barat,24500.0
2024-08-12,Telur Ayam,Jawa Barat,24500.0
2024-08-13,Telur Ayam,Jawa Barat,24900.0
2024-08-14,Telur Ayam,Jawa Barat,25600.0
2024-08-15,Telur Ayam,Jawa Barat,25400.0
2024-08-16,Telur Ayam,Jawa Barat,24400.0
2024-08-17,Telur Ayam,Jawa Barat,25000.0
2024-08-18,Telur Ayam,Jawa Barat,24900.0
2024-08-19,Telur Ayam,Jawa Barat,25100.0
2024-08-20,Telur Ayam,Jawa Barat,25200.0
2024-08-21,Telur Ayam,Jawa Barat,24600.0
2024-08-22,Telur Ayam,Jawa Barat,24700.0
2024-08-23,Telur Ayam,Jawa Barat,25100.0
2024-08-24,Telur Ayam,Jawa Barat,24100.0
2024-08-25,Telur Ayam,Jawa Barat,24100.0
2024-08-26,Telur Ayam,Jawa Barat,24700.0
2024-08-27,Telur Ayam,Jawa Barat,24400.0
2024-08-28,Telur Ayam,Jawa Barat,25100.0
2024-08-29,Telur Ayam,Jawa Barat,24300.0
2024-08-30,Telur Ayam,Jawa Barat,24500.0
2024-08-31,Telur Ayam,Jawa Barat,24300.0
2024-09-01,Telur Ayam,Jawa Barat,24100.0
2024-09-02,Telur Ayam,Jawa Barat,24400.0
2024-09-03,Telur Ayam,Jawa Barat,24400.0
2024-09-04,Telur Ayam,Jawa Barat,24700.0
2024-09-05,Telur Ayam,Jawa Barat,24200.0
2024-09-06,Telur Ayam,Jawa Barat,24200.0
2024-09-07,Telur Ayam,Jawa Barat,24500.0
2024-09-08,Telur Ayam,Jawa Barat,23700.0
2024-09-09,Telur Ayam,Jawa Barat,24200.0
2024-09-10,Telur Ayam,Jawa Barat,24800.0
2024-09-11,Telur Ayam,Jawa Barat,23800.0
2024-09-12,Telur Ayam,Jawa Barat,25300.0
2024-09-13,Telur Ayam,Jawa Barat,24800.0
2024-09-14,Telur Ayam,Jawa Barat,23700.0
2024-09-15,Telur Ayam,Jawa Barat,23600.0
2024-09-16,Telur Ayam,Jawa Barat,24500.0
2024-09-17,Telur Ayam,Jawa Barat,24300.0
2024-09-18,Telur Ayam,Jawa Barat,25200.0
2024-09-19,Telur Ayam,Jawa Barat,24800.0
2024-09-20,Telur Ayam,Jawa Barat,24500.0
2024-09-21,Telur Ayam,Jawa Barat,24100.0
2024-09-22,Telur Ayam,Jawa Barat,25000.0
2024-09-23,Telur Ayam,Jawa Barat,24900.0
2024-09-24,Telur Ayam,Jawa Barat,25000.0
2024-09-25,Telur Ayam,Jawa Barat,25200.0
2024-09-26,Telur Ayam,Jawa Barat,24200.0
2024-09-27,Telur Ayam,Jawa Barat,24800.0
2024-09-28,Telur Ayam,Jawa Barat,24100.0
2024-09-29,Telur Ayam,Jawa Barat,24300.0
2024-09-30,Telur Ayam,Jawa Barat,24200.0
2024-10-01,Telur Ayam,Jawa Barat,23800.0
2024-10-02,Telur Ayam,Jawa Barat,24900.0
2024-10-03,Telur Ayam,Jawa Barat,23700.0
2024-10-04,Telur Ayam,Jawa Barat,23700.0
2024-10-05,Telur Ayam,Jawa Barat,23800.0
2024-10-06,Telur Ayam,Jawa Barat,23300.0
2024-10-07,Telur Ayam,Jawa Barat,23900.0
2024-10-08,Telur Ayam,Jawa Barat,24700.0
2024-10-09,Telur Ayam,Jawa Barat,24500.0
2024-10-10,Telur Ayam,Jawa Barat,24400.0
2024-10-11,Telur Ayam,Jawa Barat,23900.0
2024-10-12,Telur Ayam,Jawa Barat,24100.0
2024-10-13,Telur Ayam,Jawa Barat,24000.0
2024-10-14,Telur Ayam,Jawa Barat,23700.0
2024-10-15,Telur Ayam,Jawa Barat,24500.0
2024-10-16,Telur Ayam,Jawa Barat,24200.0
2024-10-17,Telur Ayam,Jawa Barat,25000.0
2024-10-18,Telur Ayam,Jawa Barat,24300.0
2024-10-19,Telur Ayam,Jawa Barat,25400.0
2024-10-20,Telur Ayam,Jawa Barat,24800.0
2024-10-21,Telur Ayam,Jawa Barat,24500.0
2024-10-22,Telur Ayam,Jawa Barat,25000.0
2024-10-23,Telur Ayam,Jawa Barat,23900.0
2024-10-24,Telur Ayam,Jawa Barat,25000.0
2024-10-25,Telur Ayam,Jawa Barat,24200.0
2024-10-26,Telur Ayam,Jawa Barat,24400.0
2024-10-27,Telur Ayam,Jawa Barat,24100.0
2024-10-28,Telur Ayam,Jawa Barat,24400.0
2024-10-29,Telur Ayam,Jawa Barat,24700.0
2024-10-30,Telur Ayam,Jawa Barat,24900.0
2024-10-31,Telur Ayam,Jawa Barat,24700.0
2024-11-01,Telur Ayam,Jawa Barat,24400.0
2024-11-02,Telur Ayam,Jawa Barat,23600.0
2024-11-03,Telur Ayam,Jawa Barat,25200.0
2024-11-04,Telur Ayam,Jawa Barat,24500.0
2024-11-05,Telur Ayam,Jawa Barat,24800.0
2024-11-06,Telur Ayam,Jawa Barat,24600.0
2024-11-07,Telur Ayam,Jawa Barat,24300.0
2024-11-08,Telur Ayam,Jawa Barat,24500.0
2024-11-09,Telur Ayam,Jawa Barat,24500.0
2024-11-10,Telur Ayam,Jawa Barat,24900.0
2024-11-11,Telur Ayam,Jawa Barat,25400.0
2024-11-12,Telur Ayam,Jawa Barat,25400.0
2024-11-13,Telur Ayam,Jawa Barat,24200.0
2024-11-14,Telur Ayam,Jawa Barat,24600.0
2024-11-15,Telur Ayam,Jawa Barat,24800.0
2024-11-16,Telur Ayam,Jawa Barat,24400.0
2024-11-17,Telur Ayam,Jawa Barat,24700.0
2024-11-18,Telur Ayam,Jawa Barat,23900.0
2024-11-19,Telur Ayam,Jawa Barat,25400.0
2024-11-20,Telur Ayam,Jawa Barat,24300.0
2024-11-21,Telur Ayam,Jawa Barat,24300.0
2024-11-22,Telur Ayam,Jawa Barat,24300.0
2024-11-23,Telur Ayam,Jawa Barat,24500.0
2024-11-24,Telur Ayam,Jawa Barat,24100.0
2024-11-25,Telur Ayam,Jawa Barat,24500.0
2024-11-26,Telur Ayam,Jawa Barat,25700.0
2024-11-27,Telur Ayam,Jawa Barat,25200.0
2024-11-28,Telur Ayam,Jawa Barat,25300.0
2024-11-29,Telur Ayam,Jawa Barat,24500.0
2024-11-30,Telur Ayam,Jawa Barat,24900.0
2024-12-01,Telur Ayam,Jawa Barat,25000.0
2024-12-02,Telur Ayam,Jawa Barat,25000.0
2024-12-03,Telur Ayam,Jawa Barat,25500.0
2024-12-04,Telur Ayam,Jawa Barat,24700.0
2024-12-05,Telur Ayam,Jawa Barat,25500.0
2024-12-06,Telur Ayam,Jawa Barat,24900.0
2024-12-07,Telur Ayam,Jawa Barat,24900.0
2024-12-08,Telur Ayam,Jawa Barat,25500.0
2024-12-09,Telur Ayam,Jawa Barat,25500.0
2024-12-10,Telur Ayam,Jawa Barat,25300.0
2024-12-11,Telur Ayam,Jawa Barat,25100.0
2024-12-12,Telur Ayam,Jawa Barat,26000.0
2024-12-13,Telur Ayam,Jawa Barat,24600.0
2024-12-14,Telur Ayam,Jawa Barat,25300.0
2024-12-15,Telur Ayam,Jawa Barat,24400.0
2024-12-16,Telur Ayam,Jawa Barat,25700.0
2024-12-17,Telur Ayam,Jawa Barat,26100.0
2024-12-18,Telur Ayam,Jawa Barat,24900.0
2024-12-19,Telur Ayam,Jawa Barat,25800.0
2024-12-20,Telur Ayam,Jawa Barat,25600.0
2024-12-21,Telur Ayam,Jawa Barat,25700.0
2024-12-22,Telur Ayam,Jawa Barat,25700.0
2024-12-23,Telur Ayam,Jawa Barat,25300.0
2024-12-24,Telur Ayam,Jawa Barat,25900.0
2024-12-25,Telur Ayam,Jawa Barat,26800.0
2024-12-26,Telur Ayam,Jawa Barat,25500.0
2024-12-27,Telur Ayam,Jawa Barat,25900.0
2024-12-28,Telur Ayam,Jawa Barat,26200.0
2024-12-29,Telur Ayam,Jawa Barat,25500.0
2024-12-30,Telur Ayam,Jawa Barat,25600.0
2024-12-31,Telur Ayam,Jawa Barat,25900.0
2025-01-01,Telur Ayam,Jawa Barat,26600.0
2025-01-02,Telur Ayam,Jawa Barat,25600.0
2025-01-03,Telur Ayam,Jawa Barat,25900.0
2025-01-04,Telur Ayam,Jawa Barat,26400.0
2025-01-05,Telur Ayam,Jawa Barat,26000.0
2025-01-06,Telur Ayam,Jawa Barat,25900.0
2025-01-07,Telur Ayam,Jawa Barat,26500.0
2025-01-08,Telur Ayam,Jawa Barat,26500.0
2025-01-09,Telur Ayam,Jawa Barat,26600.0
2025-01-10,Telur Ayam,Jawa Barat,27000.0
2025-01-11,Telur Ayam,Jawa Barat,26400.0
2025-01-12,Telur Ayam,Jawa Barat,27200.0
2025-01-13,Telur Ayam,Jawa Barat,26700.0
2025-01-14,Telur Ayam,Jawa Barat,26500.0
2025-01-15,Telur Ayam,Jawa Barat,27800.0
2025-01-16,Telur Ayam,Jawa Barat,26600.0
2025-01-17,Telur Ayam,Jawa Barat,26100.0
2025-01-18,Telur Ayam,Jawa Barat,27500.0
2025-01-19,Telur Ayam,Jawa Barat,26300.0
2025-01-20,Telur Ayam,Jawa Barat,26500.0
2025-01-21,Telur Ayam,Jawa Barat,26800.0
2025-01-22,Telur Ayam,Jawa Barat,27200.0
2025-01-23,Telur Ayam,Jawa Barat,27500.0
2025-01-24,Telur Ayam,Jawa Barat,25700.0
2025-01-25,Telur Ayam,Jawa Barat,27100.0
2025-01-26,Telur Ayam,Jawa Barat,26500.0
2025-01-27,Telur Ayam,Jawa Barat,26900.0
2025-01-28,Telur Ayam,Jawa Barat,28100.0
2025-01-29,Telur Ayam,Jawa Barat,27600.0
2025-01-30,Telur Ayam,Jawa Barat,27500.0
2025-01-31,Telur Ayam,Jawa Barat,27200.0
2025-02-01,Telur Ayam,Jawa Barat,27300.0
2025-02-02,Telur Ayam,Jawa Barat,27600.0
2025-02-03,Telur Ayam,Jawa Barat,26100.0
2025-02-04,Telur Ayam,Jawa Barat,28000.0
2025-02-05,Telur Ayam,Jawa Barat,28400.0
2025-02-06,Telur Ayam,Jawa Barat,27700.0
2025-02-07,Telur Ayam,Jawa Barat,27000.0
2025-02-08,Telur Ayam,Jawa Barat,26700.0
2025-02-09,Telur Ayam,Jawa Barat,28300.0
2025-02-10,Telur Ayam,Jawa Barat,27100.0
2025-02-11,Telur Ayam,Jawa Barat,28500.0
2025-02-12,Telur Ayam,Jawa Barat,28000.0
2025-02-13,Telur Ayam,Jawa Barat,28500.0
2025-02-14,Telur Ayam,Jawa Barat,27200.0
2025-02-15,Telur Ayam,Jawa Barat,26500.0
2025-02-16,Telur Ayam,Jawa Barat,27200.0
2025-02-17,Telur Ayam,Jawa Barat,26800.0
2025-02-18,Telur Ayam,Jawa Barat,28800.0
2025-02-19,Telur Ayam,Jawa Barat,28100.0
2025-02-20,Telur Ayam,Jawa Barat,28000.0
2025-02-21,Telur Ayam,Jawa Barat,27800.0
2025-02-22,Telur Ayam,Jawa Barat,27000.0
2025-02-23,Telur Ayam,Jawa Barat,27200.0
2025-02-24,Telur Ayam,Jawa Barat,27600.0
2025-02-25,Telur Ayam,Jawa Barat,28700.0
2025-02-26,Telur Ayam,Jawa Barat,27300.0
2025-02-27,Telur Ayam,Jawa Barat,27400.0
2025-02-28,Telur Ayam,Jawa Barat,27400.0
2025-03-01,Telur Ayam,Jawa Barat,27200.0
2025-03-02,Telur Ayam,Jawa Barat,27100.0
2025-03-03,Telur Ayam,Jawa Barat,26700.0
2025-03-04,Telur Ayam,Jawa Barat,27200.0
2025-03-05,Telur Ayam,Jawa Barat,28600.0
2025-03-06,Telur Ayam,Jawa Barat,27800.0
2025-03-07,Telur Ayam,Jawa Barat,28000.0
2025-03-08,Telur Ayam,Jawa Barat,27300.0
2025-03-09,Telur Ayam,Jawa Barat,27600.0
2025-03-10,Telur Ayam,Jawa Barat,28500.0
2025-03-11,Telur Ayam,Jawa Barat,28800.0
2025-03-12,Telur Ayam,Jawa Barat,28600.0
2025-03-13,Telur Ayam,Jawa Barat,28100.0
2025-03-14,Telur Ayam,Jawa Barat,28000.0
2025-03-15,Telur Ayam,Jawa Barat,27800.0
2025-03-16,Telur Ayam,Jawa Barat,27700.0
2025-03-17,Telur Ayam,Jawa Barat,27800.0
2025-03-18,Telur Ayam,Jawa Barat,29100.0
2025-03-19,Telur Ayam,Jawa Barat,28500.0
2025-03-20,Telur Ayam,Jawa Barat,29800.0
2025-03-21,Telur Ayam,Jawa Barat,29200.0
2025-03-22,Telur Ayam,Jawa Barat,28800.0
2025-03-23,Telur Ayam,Jawa Barat,29600.0
2025-03-24,Telur Ayam,Jawa Barat,30100.0
2025-03-25,Telur Ayam,Jawa Barat,30800.0
2025-03-26,Telur Ayam,Jawa Barat,31100.0
2025-03-27,Telur Ayam,Jawa Barat,31300.0
2025-03-28,Telur Ayam,Jawa Barat,31400.0
2025-03-29,Telur Ayam,Jawa Barat,31600.0
2025-03-30,Telur Ayam,Jawa Barat,32400.0
2025-03-31,Telur Ayam,Jawa Barat,32500.0
2025-04-01,Telur Ayam,Jawa Barat,28600.0
2025-04-02,Telur Ayam,Jawa Barat,28400.0
2025-04-03,Telur Ayam,Jawa Barat,28400.0
2025-04-04,Telur Ayam,Jawa Barat,28000.0
2025-04-05,Telur Ayam,Jawa Barat,27500.0
2025-04-06,Telur Ayam,Jawa Barat,27300.0
2025-04-07,Telur Ayam,Jawa Barat,28100.0
2025-04-08,Telur Ayam,Jawa Barat,28900.0
2025-04-09,Telur Ayam,Jawa Barat,28200.0
2025-04-10,Telur Ayam,Jawa Barat,27800.0
2025-04-11,Telur Ayam,Jawa Barat,27700.0
2025-04-12,Telur Ayam,Jawa Barat,27400.0
2025-04-13,Telur Ayam,Jawa Barat,27400.0
2025-04-14,Telur Ayam,Jawa Barat,27300.0
2025-04-15,Telur Ayam,Jawa Barat,28000.0
2025-04-16,Telur Ayam,Jawa Barat,28400.0
2025-04-17,Telur Ayam,Jawa Barat,27600.0
2025-04-18,Telur Ayam,Jawa Barat,27500.0
2025-04-19,Telur Ayam,Jawa Barat,27200.0
2025-04-20,Telur Ayam,Jawa Barat,27200.0
2025-04-21,Telur Ayam,Jawa Barat,27600.0
2025-04-22,Telur Ayam,Jawa Barat,28100.0
2025-04-23,Telur Ayam,Jawa Barat,27600.0
2025-04-24,Telur Ayam,Jawa Barat,28000.0
2025-04-25,Telur Ayam,Jawa Barat,27600.0
2025-04-26,Telur Ayam,Jawa Barat,27300.0
2025-04-27,Telur Ayam,Jawa Barat,27900.0
2025-04-28,Telur Ayam,Jawa Barat,27700.0
2025-04-29,Telur Ayam,Jawa Barat,28000.0
2025-04-30,Telur Ayam,Jawa Barat,28800.0
2025-05-01,Telur Ayam,Jawa Barat,27700.0
2025-05-02,Telur Ayam,Jawa Barat,28600.0
2025-05-03,Telur Ayam,Jawa Barat,27600.0
2025-05-04,Telur Ayam,Jawa Barat,27200.0
2025-05-05,Telur Ayam,Jawa Barat,27600.0
2025-05-06,Telur Ayam,Jawa Barat,28100.0
2025-05-07,Telur Ayam,Jawa Barat,28800.0
2025-05-08,Telur Ayam,Jawa Barat,28500.0
2025-05-09,Telur Ayam,Jawa Barat,27900.0
2025-05-10,Telur Ayam,Jawa Barat,28200.0
2025-05-11,Telur Ayam,Jawa Barat,26900.0
2025-05-12,Telur Ayam,Jawa Barat,28100.0
2025-05-13,Telur Ayam,Jawa Barat,28400.0
2025-05-14,Telur Ayam,Jawa Barat,28400.0
2025-05-15,Telur Ayam,Jawa Barat,27400.0
2025-05-16,Telur Ayam,Jawa Barat,27200.0
2025-05-17,Telur Ayam,Jawa Barat,27500.0
2025-05-18,Telur Ayam,Jawa Barat,28100.0
2025-05-19,Telur Ayam,Jawa Barat,28600.0
2025-05-20,Telur Ayam,Jawa Barat,27700.0
2025-05-21,Telur Ayam,Jawa Barat,27400.0
2025-05-22,Telur Ayam,Jawa Barat,28200.0
2025-05-23,Telur Ayam,Jawa Barat,28700.0
2025-05-24,Telur Ayam,Jawa Barat,28300.0
2025-05-25,Telur Ayam,Jawa Barat,27900.0
2025-05-26,Telur Ayam,Jawa Barat,30100.0
2025-05-27,Telur Ayam,Jawa Barat,29600.0
2025-05-28,Telur Ayam,Jawa Barat,29400.0
2025-05-29,Telur Ayam,Jawa Barat,30700.0
2025-05-30,Telur Ayam,Jawa Barat,29500.0
2025-05-31,Telur Ayam,Jawa Barat,29800.0
2025-06-01,Telur Ayam,Jawa Barat,30700.0
2025-06-02,Telur Ayam,Jawa Barat,30900.0
2025-06-03,Telur Ayam,Jawa Barat,31500.0
2025-06-04,Telur Ayam,Jawa Barat,31900.0
2025-06-05,Telur Ayam,Jawa Barat,32400.0
2025-06-06,Telur Ayam,Jawa Barat,30900.0
2025-06-07,Telur Ayam,Jawa Barat,27500.0
2025-06-08,Telur Ayam,Jawa Barat,27300.0
2025-06-09,Telur Ayam,Jawa Barat,27300.0
2025-06-10,Telur Ayam,Jawa Barat,27400.0
2025-06-11,Telur Ayam,Jawa Barat,26600.0
2025-06-12,Telur Ayam,Jawa Barat,27300.0
2025-06-13,Telur Ayam,Jawa Barat,28000.0
2025-06-14,Telur Ayam,Jawa Barat,27700.0
2025-06-15,Telur Ayam,Jawa Barat,27300.0
2025-06-16,Telur Ayam,Jawa Barat,27100.0
2025-06-17,Telur Ayam,Jawa Barat,28200.0
2025-06-18,Telur Ayam,Jawa Barat,28400.0
2025-06-19,Telur Ayam,Jawa Barat,28100.0
2025-06-20,Telur Ayam,Jawa Barat,27000.0
2025-06-21,Telur Ayam,Jawa Barat,26800.0
2025-06-22,Telur Ayam,Jawa Barat,27900.0
2025-06-23,Telur Ayam,Jawa Barat,26900.0
2025-06-24,Telur Ayam,Jawa Barat,27800.0
2025-06-25,Telur Ayam,Jawa Barat,26900.0
2025-06-26,Telur Ayam,Jawa Barat,27300.0
2025-06-27,Telur Ayam,Jawa Barat,27500.0
2025-06-28,Telur Ayam,Jawa Barat,27100.0
2025-06-29,Telur Ayam,Jawa Barat,27300.0
2025-06-30,Telur Ayam,Jawa Barat,26700.0
2025-07-01,Telur Ayam,Jawa Barat,26900.0
2025-07-02,Telur Ayam,Jawa Barat,27500.0
2025-07-03,Telur Ayam,Jawa Barat,27400.0
2025-07-04,Telur Ayam,Jawa Barat,27000.0
2025-07-05,Telur Ayam,Jawa Barat,27000.0
2025-07-06,Telur Ayam,Jawa Barat,25900.0
2025-07-07,Telur Ayam,Jawa Barat,26400.0
2025-07-08,Telur Ayam,Jawa Barat,27500.0
2025-07-09,Telur Ayam,Jawa Barat,27400.0
2025-07-10,Telur Ayam,Jawa Barat,26900.0
2025-07-11,Telur Ayam,Jawa Barat,26300.0
2025-07-12,Telur Ayam,Jawa Barat,26600.0
2025-07-13,Telur Ayam,Jawa Barat,26400.0
2025-07-14,Telur Ayam,Jawa Barat,25900.0
2025-07-15,Telur Ayam,Jawa Barat,27100.0
2025-07-16,Telur Ayam,Jawa Barat,26400.0
2025-07-17,Telur Ayam,Jawa Barat,26800.0
2025-07-18,Telur Ayam,Jawa Barat,25600.0
2025-07-19,Telur Ayam,Jawa Barat,26700.0
2025-07-20,Telur Ayam,Jawa Barat,25900.0
2025-07-21,Telur Ayam,Jawa Barat,25700.0
2025-07-22,Telur Ayam,Jawa Barat,26100.0
2025-07-23,Telur Ayam,Jawa Barat,26200.0
2025-07-24,Telur Ayam,Jawa Barat,26200.0
2025-07-25,Telur Ayam,Jawa Barat,26400.0
2025-07-26,Telur Ayam,Jawa Barat,25800.0
2025-07-27,Telur Ayam,Jawa Barat,24900.0
2025-07-28,Telur Ayam,Jawa Barat,25600.0
2025-07-29,Telur Ayam,Jawa Barat,27600.0
2025-07-30,Telur Ayam,Jawa Barat,26500.0
2025-07-31,Telur Ayam,Jawa Barat,26700.0
2025-08-01,Telur Ayam,Jawa Barat,25900.0
2025-08-02,Telur Ayam,Jawa Barat,25600.0
2025-08-03,Telur Ayam,Jawa Barat,25800.0
2025-08-04,Telur Ayam,Jawa Barat,26300.0
2025-08-05,Telur Ayam,Jawa Barat,26200.0
2025-08-06,Telur Ayam,Jawa Barat,27200.0
2025-08-07,Telur Ayam,Jawa Barat,25900.0
2025-08-08,Telur Ayam,Jawa Barat,25500.0
2025-08-09,Telur Ayam,Jawa Barat,26200.0
2025-08-10,Telur Ayam,Jawa Barat,26300.0
2025-08-11,Telur Ayam,Jawa Barat,26100.0
2025-08-12,Telur Ayam,Jawa Barat,26000.0
2025-08-13,Telur Ayam,Jawa Barat,25500.0
2025-08-14,Telur Ayam,Jawa Barat,26700.0
2025-08-15,Telur Ayam,Jawa Barat,26300.0
2025-08-16,Telur Ayam,Jawa Barat,25600.0
2025-08-17,Telur Ayam,Jawa Barat,25900.0
2025-08-18,Telur Ayam,Jawa Barat,26000.0
2025-08-19,Telur Ayam,Jawa Barat,27000.0
2025-08-20,Telur Ayam,Jawa Barat,26000.0
2025-08-21,Telur Ayam,Jawa Barat,26000.0
2025-08-22,Telur Ayam,Jawa Barat,25800.0
2025-08-23,Telur Ayam,Jawa Barat,26000.0
2025-08-24,Telur Ayam,Jawa Barat,25900.0
2025-08-25,Telur Ayam,Jawa Barat,26100.0
2025-08-26,Telur Ayam,Jawa Barat,25900.0
2025-08-27,Telur Ayam,Jawa Barat,27000.0
2025-08-28,Telur Ayam,Jawa Barat,26000.0
2025-08-29,Telur Ayam,Jawa Barat,26400.0
2025-08-30,Telur Ayam,Jawa Barat,27100.0
2025-08-31,Telur Ayam,Jawa Barat,25500.0
2025-09-01,Telur Ayam,Jawa Barat,26200.0
2025-09-02,Telur Ayam,Jawa Barat,26300.0
2025-09-03,Telur Ayam,Jawa Barat,27200.0
2025-09-04,Telur Ayam,Jawa Barat,26100.0
2025-09-05,Telur Ayam,Jawa Barat,26100.0
2025-09-06,Telur Ayam,Jawa Barat,25900.0
2025-09-07,Telur Ayam,Jawa Barat,25900.0
2025-09-08,Telur Ayam,Jawa Barat,26400.0
2025-09-09,Telur Ayam,Jawa Barat,26300.0
2025-09-10,Telur Ayam,Jawa Barat,26500.0
2025-09-11,Telur Ayam,Jawa Barat,26200.0
2025-09-12,Telur Ayam,Jawa Barat,25600.0
2025-09-13,Telur Ayam,Jawa Barat,25600.0
2025-09-14,Telur Ayam,Jawa Barat,26000.0
2025-09-15,Telur Ayam,Jawa Barat,26200.0
2025-09-16,Telur Ayam,Jawa Barat,26600.0
2025-09-17,Telur Ayam,Jawa Barat,27000.0
2025-09-18,Telur Ayam,Jawa Barat,25900.0
2025-09-19,Telur Ayam,Jawa Barat,25800.0
2025-09-20,Telur Ayam,Jawa Barat,25600.0
2025-09-21,Telur Ayam,Jawa Barat,25100.0
2025-09-22,Telur Ayam,Jawa Barat,26000.0
2025-09-23,Telur Ayam,Jawa Barat,26300.0
2025-09-24,Telur Ayam,Jawa Barat,25600.0
2025-09-25,Telur Ayam,Jawa Barat,25800.0
2025-09-26,Telur Ayam,Jawa Barat,25600.0
2025-09-27,Telur Ayam,Jawa Barat,25000.0
2025-09-28,Telur Ayam,Jawa Barat,25600.0
2025-09-29,Telur Ayam,Jawa Barat,25300.0
2025-09-30,Telur Ayam,Jawa Barat,26000.0
2025-10-01,Telur Ayam,Jawa Barat,26100.0
2025-10-02,Telur Ayam,Jawa Barat,26000.0
2025-10-03,Telur Ayam,Jawa Barat,25800.0
2025-10-04,Telur Ayam,Jawa Barat,26100.0
2025-10-05,Telur Ayam,Jawa Barat,25200.0
2025-10-06,Telur Ayam,Jawa Barat,25400.0
2025-10-07,Telur Ayam,Jawa Barat,26300.0
2025-10-08,Telur Ayam,Jawa Barat,26000.0
2025-10-09,Telur Ayam,Jawa Barat,26400.0
2025-10-10,Telur Ayam,Jawa Barat,25900.0
2025-10-11,Telur Ayam,Jawa Barat,26500.0
2025-10-12,Telur Ayam,Jawa Barat,25700.0
2025-10-13,Telur Ayam,Jawa Barat,25300.0
2025-10-14,Telur Ayam,Jawa Barat,26200.0
2025-10-15,Telur Ayam,Jawa Barat,26100.0
2025-10-16,Telur Ayam,Jawa Barat,26200.0
2025-10-17,Telur Ayam,Jawa Barat,26000.0
2025-10-18,Telur Ayam,Jawa Barat,25400.0
2025-10-19,Telur Ayam,Jawa Barat,25200.0
2025-10-20,Telur Ayam,Jawa Barat,25700.0
2025-10-21,Telur Ayam,Jawa Barat,25100.0
2025-10-22,Telur Ayam,Jawa Barat,26200.0
2025-10-23,Telur Ayam,Jawa Barat,25900.0
2025-10-24,Telur Ayam,Jawa Barat,26100.0
2025-10-25,Telur Ayam,Jawa Barat,24800.0
2025-10-26,Telur Ayam,Jawa Barat,25700.0
2025-10-27,Telur Ayam,Jawa Barat,26600.0
2025-10-28,Telur Ayam,Jawa Barat,26500.0
2025-10-29,Telur Ayam,Jawa Barat,26800.0
2025-10-30,Telur Ayam,Jawa Barat,26300.0
2025-10-31,Telur Ayam,Jawa Barat,25200.0
2025-11-01,Telur Ayam,Jawa Barat,25900.0
2025-11-02,Telur Ayam,Jawa Barat,26000.0
2025-11-03,Telur Ayam,Jawa Barat,25700.0
2025-11-04,Telur Ayam,Jawa Barat,26400.0
2025-11-05,Telur Ayam,Jawa Barat,25400.0
2025-11-06,Telur Ayam,Jawa Barat,26400.0
2025-11-07,Telur Ayam,Jawa Barat,26100.0
2025-11-08,Telur Ayam,Jawa Barat,26700.0
2025-11-09,Telur Ayam,Jawa Barat,25900.0
2025-11-10,Telur Ayam,Jawa Barat,26200.0
2025-11-11,Telur Ayam,Jawa Barat,26500.0
2025-11-12,Telur Ayam,Jawa Barat,26400.0
2025-11-13,Telur Ayam,Jawa Barat,26800.0
2025-11-14,Telur Ayam,Jawa Barat,25400.0
2025-11-15,Telur Ayam,Jawa Barat,26700.0
2025-11-16,Telur Ayam,Jawa Barat,26200.0
2025-11-17,Telur Ayam,Jawa Barat,27000.0
2025-11-18,Telur Ayam,Jawa Barat,25500.0
2025-11-19,Telur Ayam,Jawa Barat,25700.0
2025-11-20,Telur Ayam,Jawa Barat,26500.0
2025-11-21,Telur Ayam,Jawa Barat,26700.0
2025-11-22,Telur Ayam,Jawa Barat,26200.0
2025-11-23,Telur Ayam,Jawa Barat,26800.0
2025-11-24,Telur Ayam,Jawa Barat,27100.0
2025-11-25,Telur Ayam,Jawa Barat,27100.0
2025-11-26,Telur Ayam,Jawa Barat,26900.0
2025-11-27,Telur Ayam,Jawa Barat,26800.0
2025-11-28,Telur Ayam,Jawa Barat,26200.0
2025-11-29,Telur Ayam,Jawa Barat,26400.0
2025-11-30,Telur Ayam,Jawa Barat,26000.0
2025-12-01,Telur Ayam,Jawa Barat,26300.0
2025-12-02,Telur Ayam,Jawa Barat,27000.0
2025-12-03,Telur Ayam,Jawa Barat,26700.0
2025-12-04,Telur Ayam,Jawa Barat,26500.0
2025-12-05,Telur Ayam,Jawa Barat,26800.0
2025-12-06,Telur Ayam,Jawa Barat,26500.0
2025-12-07,Telur Ayam,Jawa Barat,26200.0
2025-12-08,Telur Ayam,Jawa Barat,26600.0
2025-12-09,Telur Ayam,Jawa Barat,27100.0
2025-12-10,Telur Ayam,Jawa Barat,27500.0
2025-12-11,Telur Ayam,Jawa Barat,27000.0
2025-12-12,Telur Ayam,Jawa Barat,26200.0
2025-12-13,Telur Ayam,Jawa Barat,26600.0
2025-12-14,Telur Ayam,Jawa Barat,26700.0
2025-12-15,Telur Ayam,Jawa Barat,26700.0
2025-12-16,Telur Ayam,Jawa Barat,27600.0
2025-12-17,Telur Ayam,Jawa Barat,27700.0
2025-12-18,Telur Ayam,Jawa Barat,27600.0
2025-12-19,Telur Ayam,Jawa Barat,26600.0
2025-12-20,Telur Ayam,Jawa Barat,27000.0
2025-12-21,Telur Ayam,Jawa Barat,27000.0
2025-12-22,Telur Ayam,Jawa Barat,27400.0
2025-12-23,Telur Ayam,Jawa Barat,27600.0
2025-12-24,Telur Ayam,Jawa Barat,27600.0
2025-12-25,Telur Ayam,Jawa Barat,27500.0
2025-12-26,Telur Ayam,Jawa Barat,27900.0
2025-12-27,Telur Ayam,Jawa Barat,27000.0
2025-12-28,Telur Ayam,Jawa Barat,27400.0
2025-12-29,Telur Ayam,Jawa Barat,28200.0
2025-12-30,Telur Ayam,Jawa Barat,27700.0
2025-12-31,Telur Ayam,Jawa Barat,27900.0
2026-01-01,Telur Ayam,Jawa Barat,28600.0
2026-01-02,Telur Ayam,Jawa Barat,27400.0
2026-01-03,Telur Ayam,Jawa Barat,28200.0
2026-01-04,Telur Ayam,Jawa Barat,27800.0
2026-01-05,Telur Ayam,Jawa Barat,28300.0
2026-01-06,Telur Ayam,Jawa Barat,27900.0
2026-01-07,Telur Ayam,Jawa Barat,29000.0
2026-01-08,Telur Ayam,Jawa Barat,27900.0
2026-01-09,Telur Ayam,Jawa Barat,28600.0
2026-01-10,Telur Ayam,Jawa Barat,27600.0
2026-01-11,Telur Ayam,Jawa Barat,28900.0
2026-01-12,Telur Ayam,Jawa Barat,28300.0
2026-01-13,Telur Ayam,Jawa Barat,29400.0
2026-01-14,Telur Ayam,Jawa Barat,28200.0
2026-01-15,Telur Ayam,Jawa Barat,28300.0
2026-01-16,Telur Ayam,Jawa Barat,28800.0
2026-01-17,Telur Ayam,Jawa Barat,27600.0
2026-01-18,Telur Ayam,Jawa Barat,27900.0
2026-01-19,Telur Ayam,Jawa Barat,28700.0
2026-01-20,Telur Ayam,Jawa Barat,28100.0
2026-01-21,Telur Ayam,Jawa Barat,28800.0
2026-01-22,Telur Ayam,Jawa Barat,28500.0
2026-01-23,Telur Ayam,Jawa Barat,27600.0
2026-01-24,Telur Ayam,Jawa Barat,28600.0
2026-01-25,Telur Ayam,Jawa Barat,27700.0
2026-01-26,Telur Ayam,Jawa Barat,28800.0
2026-01-27,Telur Ayam,Jawa Barat,28700.0
2026-01-28,Telur Ayam,Jawa Barat,28500.0
2026-01-29,Telur Ayam,Jawa Barat,28100.0
2026-01-30,Telur Ayam,Jawa Barat,28700.0
2026-01-31,Telur Ayam,Jawa Barat,28000.0
2026-02-01,Telur Ayam,Jawa Barat,29100.0
2026-02-02,Telur Ayam,Jawa Barat,29300.0
2026-02-03,Telur Ayam,Jawa Barat,29700.0
2026-02-04,Telur Ayam,Jawa Barat,29100.0
2026-02-05,Telur Ayam,Jawa Barat,28600.0
2026-02-06,Telur Ayam,Jawa Barat,28400.0
2026-02-07,Telur Ayam,Jawa Barat,28200.0
2026-02-08,Telur Ayam,Jawa Barat,28600.0
2026-02-09,Telur Ayam,Jawa Barat,28900.0
2026-02-10,Telur Ayam,Jawa Barat,29600.0
2026-02-11,Telur Ayam,Jawa Barat,29100.0
2026-02-12,Telur Ayam,Jawa Barat,28300.0
2026-02-13,Telur Ayam,Jawa Barat,28500.0
2026-02-14,Telur Ayam,Jawa Barat,29300.0
2026-02-15,Telur Ayam,Jawa Barat,28000.0
2026-02-16,Telur Ayam,Jawa Barat,29300.0
2026-02-17,Telur Ayam,Jawa Barat,29000.0
2026-02-18,Telur Ayam,Jawa Barat,28800.0
2026-02-19,Telur Ayam,Jawa Barat,29300.0
2026-02-20,Telur Ayam,Jawa Barat,29600.0
2026-02-21,Telur Ayam,Jawa Barat,28800.0
2026-02-22,Telur Ayam,Jawa Barat,28700.0
2026-02-23,Telur Ayam,Jawa Barat,28300.0
2026-02-24,Telur Ayam,Jawa Barat,29100.0
2026-02-25,Telur Ayam,Jawa Barat,28500.0
2026-02-26,Telur Ayam,Jawa Barat,28900.0
2026-02-27,Telur Ayam,Jawa Barat,28800.0
2026-02-28,Telur Ayam,Jawa Barat,27600.0
2026-03-01,Telur Ayam,Jawa Barat,29500.0
2026-03-02,Telur Ayam,Jawa Barat,28500.0
2026-03-03,Telur Ayam,Jawa Barat,29300.0
2026-03-04,Telur Ayam,Jawa Barat,29600.0
2026-03-05,Telur Ayam,Jawa Barat,29800.0
2026-03-06,Telur Ayam,Jawa Barat,28700.0
2026-03-07,Telur Ayam,Jawa Barat,28100.0
2026-03-08,Telur Ayam,Jawa Barat,30100.0
2026-03-09,Telur Ayam,Jawa Barat,29600.0
2026-03-10,Telur Ayam,Jawa Barat,30800.0
2026-03-11,Telur Ayam,Jawa Barat,31200.0
2026-03-12,Telur Ayam,Jawa Barat,29700.0
2026-03-13,Telur Ayam,Jawa Barat,30600.0
2026-03-14,Telur Ayam,Jawa Barat,31400.0
2026-03-15,Telur Ayam,Jawa Barat,30700.0
2026-03-16,Telur Ayam,Jawa Barat,31900.0
2026-03-17,Telur Ayam,Jawa Barat,33200.0
2026-03-18,Telur Ayam,Jawa Barat,33400.0
2026-03-19,Telur Ayam,Jawa Barat,33800.0
2026-03-20,Telur Ayam,Jawa Barat,33900.0
2026-03-21,Telur Ayam,Jawa Barat,28200.0
2026-03-22,Telur Ayam,Jawa Barat,28500.0
2026-03-23,Telur Ayam,Jawa Barat,29600.0
2026-03-24,Telur Ayam,Jawa Barat,30000.0
2026-03-25,Telur Ayam,Jawa Barat,29000.0
2026-03-26,Telur Ayam,Jawa Barat,29400.0
2026-03-27,Telur Ayam,Jawa Barat,29500.0
2026-03-28,Telur Ayam,Jawa Barat,29100.0
2026-03-29,Telur Ayam,Jawa Barat,29100.0
2026-03-30,Telur Ayam,Jawa Barat,29200.0
2026-03-31,Telur Ayam,Jawa Barat,30700.0
2026-04-01,Telur Ayam,Jawa Barat,29900.0
2026-04-02,Telur Ayam,Jawa Barat,30000.0
2026-04-03,Telur Ayam,Jawa Barat,29500.0
2026-04-04,Telur Ayam,Jawa Barat,28800.0
2026-04-05,Telur Ayam,Jawa Barat,29200.0
2026-04-06,Telur Ayam,Jawa Barat,29300.0
2026-04-07,Telur Ayam,Jawa Barat,29500.0
2026-04-08,Telur Ayam,Jawa Barat,30000.0
2026-04-09,Telur Ayam,Jawa Barat,29200.0
2026-04-10,Telur Ayam,Jawa Barat,28900.0
2026-04-11,Telur Ayam,Jawa Barat,29500.0
2026-04-12,Telur Ayam,Jawa Barat,29000.0
2026-04-13,Telur Ayam,Jawa Barat,29300.0
2026-04-14,Telur Ayam,Jawa Barat,28700.0
2026-04-15,Telur Ayam,Jawa Barat,29900.0
2026-04-16,Telur Ayam,Jawa Barat,29600.0
2026-04-17,Telur Ayam,Jawa Barat,29400.0
2026-04-18,Telur Ayam,Jawa Barat,29200.0
2026-04-19,Telur Ayam,Jawa Barat,28300.0
2026-04-20,Telur Ayam,Jawa Barat,29400.0
2026-04-21,Telur Ayam,Jawa Barat,29400.0
2026-04-22,Telur Ayam,Jawa Barat,29300.0
2026-04-23,Telur Ayam,Jawa Barat,29900.0
2026-04-24,Telur Ayam,Jawa Barat,30100.0
2026-04-25,Telur Ayam,Jawa Barat,29900.0
2026-04-26,Telur Ayam,Jawa Barat,29500.0
2026-04-27,Telur Ayam,Jawa Barat,29500.0
2026-04-28,Telur Ayam,Jawa Barat,29600.0
2026-04-29,Telur Ayam,Jawa Barat,29300.0
2026-04-30,Telur Ayam,Jawa Barat,29400.0
2026-05-01,Telur Ayam,Jawa Barat,29800.0
2026-05-02,Telur Ayam,Jawa Barat,29900.0
2026-05-03,Telur Ayam,Jawa Barat,28800.0
2026-05-04,Telur Ayam,Jawa Barat,28400.0
2026-05-05,Telur Ayam,Jawa Barat,29200.0
2026-05-06,Telur Ayam,Jawa Barat,29900.0
2026-05-07,Telur Ayam,Jawa Barat,30300.0
2026-05-08,Telur Ayam,Jawa Barat,29700.0
2026-05-09,Telur Ayam,Jawa Barat,29500.0
2026-05-10,Telur Ayam,Jawa Barat,28600.0
2026-05-11,Telur Ayam,Jawa Barat,28900.0
2026-05-12,Telur Ayam,Jawa Barat,28900.0
2026-05-13,Telur Ayam,Jawa Barat,29200.0
2026-05-14,Telur Ayam,Jawa Barat,29700.0
2026-05-15,Telur Ayam,Jawa Barat,29800.0
2026-05-16,Telur Ayam,Jawa Barat,29100.0
2026-05-17,Telur Ayam,Jawa Barat,28900.0
2026-05-18,Telur Ayam,Jawa Barat,28900.0
2026-05-19,Telur Ayam,Jawa Barat,29400.0
2026-05-20,Telur Ayam,Jawa Barat,29600.0
2026-05-21,Telur Ayam,Jawa Barat,28600.0
2026-05-22,Telur Ayam,Jawa Barat,29400.0
2026-05-23,Telur Ayam,Jawa Barat,28600.0
2026-05-24,Telur Ayam,Jawa Barat,29300.0
2026-05-25,Telur Ayam,Jawa Barat,29200.0
2026-05-26,Telur Ayam,Jawa Barat,29600.0
2026-05-27,Telur Ayam,Jawa Barat,29200.0
2026-05-28,Telur Ayam,Jawa Barat,29200.0
2026-05-29,Telur Ayam,Jawa Barat,29400.0
2026-05-30,Telur Ayam,Jawa Barat,28900.0
2026-05-31,Telur Ayam,Jawa Barat,28500.0
2026-06-01,Telur Ayam,Jawa Barat,29200.0
2026-06-02,Telur Ayam,Jawa Barat,29500.0
2026-06-03,Telur Ayam,Jawa Barat,30000.0
2026-06-04,Telur Ayam,Jawa Barat,29700.0
2026-06-05,Telur Ayam,Jawa Barat,29000.0
2026-06-06,Telur Ayam,Jawa Barat,28600.0
2026-06-07,Telur Ayam,Jawa Barat,28900.0
2026-06-08,Telur Ayam,Jawa Barat,28900.0
2026-06-09,Telur Ayam,Jawa Barat,29600.0
2026-06-10,Telur Ayam,Jawa Barat,29900.0
2026-06-11,Telur Ayam,Jawa Barat,29800.0
2026-06-12,Telur Ayam,Jawa Barat,28800.0
2026-06-13,Telur Ayam,Jawa Barat,28600.0
2026-06-14,Telur Ayam,Jawa Barat,28700.0
2026-06-15,Telur Ayam,Jawa Barat,28100.0
2026-06-16,Telur Ayam,Jawa Barat,28600.0
2026-06-17,Telur Ayam,Jawa Barat,29100.0
2026-06-18,Telur Ayam,Jawa Barat,29300.0
2026-06-19,Telur Ayam,Jawa Barat,29100.0
2026-06-20,Telur Ayam,Jawa Barat,28300.0
2026-06-21,Telur Ayam,Jawa Barat,28500.0
2026-06-22,Telur Ayam,Jawa Barat,28700.0
2026-06-23,Telur Ayam,Jawa Barat,29000.0
2026-06-24,Telur Ayam,Jawa Barat,29600.0
2026-06-25,Telur Ayam,Jawa Barat,28400.0
2026-06-26,Telur Ayam,Jawa Barat,28200.0
2026-06-27,Telur Ayam,Jawa Barat,28400.0
2026-06-28,Telur Ayam,Jawa Barat,27900.0
2026-06-29,Telur Ayam,Jawa Barat,27800.0
2026-06-30,Telur Ayam,Jawa Barat,28200.0
2026-07-01,Telur Ayam,Jawa Barat,28700.0
2026-07-02,Telur Ayam,Jawa Barat,29000.0
2026-07-03,Telur Ayam,Jawa Barat,28800.0
2026-07-04,Telur Ayam,Jawa Barat,29000.0
2026-07-05,Telur Ayam,Jawa Barat,28200.0
2026-07-06,Telur Ayam,Jawa Barat,28500.0
2026-07-07,Telur Ayam,Jawa Barat,28500.0
2026-07-08,Telur Ayam,Jawa Barat,28600.0
2026-07-09,Telur Ayam,Jawa Barat,29300.0
2026-07-10,Telur Ayam,Jawa Barat,28400.0
2026-07-11,Telur Ayam,Jawa Barat,28200.0
2026-07-12,Telur Ayam,Jawa Barat,27500.0
2026-07-13,Telur Ayam,Jawa Barat,28500.0
2026-07-14,Telur Ayam,Jawa Barat,28800.0
2026-07-15,Telur Ayam,Jawa Barat,29100.0
2026-07-16,Telur Ayam,Jawa Barat,28600.0
2026-07-17,Telur Ayam,Jawa Barat,28000.0
2026-07-18,Telur Ayam,Jawa Barat,27900.0
2026-07-19,Telur Ayam,Jawa Barat,28000.0
2026-07-20,Telur Ayam,Jawa Barat,28200.0
2026-07-21,Telur Ayam,Jawa Barat,29000.0
2026-07-22,Telur Ayam,Jawa Barat,28800.0
2026-07-23,Telur Ayam,Jawa Barat,28600.0
2026-07-24,Telur Ayam,Jawa Barat,28900.0
2026-07-25,Telur Ayam,Jawa Barat,26600.0
2026-07-26,Telur Ayam,Jawa Barat,27700.0
2026-07-27,Telur Ayam,Jawa Barat,28100.0
2026-07-28,Telur Ayam,Jawa Barat,28000.0
2026-07-29,Telur Ayam,Jawa Barat,27900.0
2026-07-30,Telur Ayam,Jawa Barat,27400.0
2026-07-31,Telur Ayam,Jawa Barat,27800.0
2026-08-01,Telur Ayam,Jawa Barat,28100.0
2026-08-02,Telur Ayam,Jawa Barat,28100.0
2026-08-03,Telur Ayam,Jawa Barat,27600.0
2026-08-04,Telur Ayam,Jawa Barat,28200.0
2026-08-05,Telur Ayam,Jawa Barat,28700.0
2026-08-06,Telur Ayam,Jawa Barat,27400.0
2026-08-07,Telur Ayam,Jawa Barat,27800.0
2026-08-08,Telur Ayam,Jawa Barat,27800.0
2026-08-09,Telur Ayam,Jawa Barat,27800.0
2026-08-10,Telur Ayam,Jawa Barat,28400.0
2026-08-11,Telur Ayam,Jawa Barat,27500.0
2026-08-12,Telur Ayam,Jawa Barat,27700.0
2026-08-13,Telur Ayam,Jawa Barat,28400.0
2026-08-14,Telur Ayam,Jawa Barat,27200.0
2026-08-15,Telur Ayam,Jawa Barat,28100.0
2026-08-16,Telur Ayam,Jawa Barat,28000.0
2026-08-17,Telur Ayam,Jawa Barat,28300.0
2026-08-18,Telur Ayam,Jawa Barat,28000.0
2026-08-19,Telur Ayam,Jawa Barat,28400.0
2026-08-20,Telur Ayam,Jawa Barat,27500.0
2026-08-21,Telur Ayam,Jawa Barat,27500.0
2026-08-22,Telur Ayam,Jawa Barat,27600.0
2026-08-23,Telur Ayam,Jawa Barat,27200.0
2026-08-24,Telur Ayam,Jawa Barat,27900.0
2026-08-25,Telur Ayam,Jawa Barat,27500.0
2026-08-26,Telur Ayam,Jawa Barat,28200.0
2026-08-27,Telur Ayam,Jawa Barat,28600.0
2026-08-28,Telur Ayam,Jawa Barat,27100.0
2026-08-29,Telur Ayam,Jawa Barat,27500.0
2026-08-30,Telur Ayam,Jawa Barat,26900.0
2026-08-31,Telur Ayam,Jawa Barat,27500.0
2026-09-01,Telur Ayam,Jawa Barat,28300.0
2026-09-02,Telur Ayam,Jawa Barat,27900.0
2026-09-03,Telur Ayam,Jawa Barat,28200.0
2026-09-04,Telur Ayam,Jawa Barat,27900.0
2026-09-05,Telur Ayam,Jawa Barat,27500.0
2026-09-06,Telur Ayam,Jawa Barat,27100.0
2026-09-07,Telur Ayam,Jawa Barat,28000.0
2026-09-08,Telur Ayam,Jawa Barat,28100.0
2026-09-09,Telur Ayam,Jawa Barat,27500.0
2026-09-10,Telur Ayam,Jawa Barat,27600.0
2026-09-11,Telur Ayam,Jawa Barat,26500.0
2026-09-12,Telur Ayam,Jawa Barat,27000.0
2026-09-13,Telur Ayam,Jawa Barat,27500.0
2026-09-14,Telur Ayam,Jawa Barat,27300.0
2026-09-15,Telur Ayam,Jawa Barat,27700.0
2026-09-16,Telur Ayam,Jawa Barat,28700.0
2026-09-17,Telur Ayam,Jawa Barat,28400.0
2026-09-18,Telur Ayam,Jawa Barat,27400.0
2026-09-19,Telur Ayam,Jawa Barat,27900.0
2026-09-20,Telur Ayam,Jawa Barat,28100.0
2026-09-21,Telur Ayam,Jawa Barat,28100.0
2026-09-22,Telur Ayam,Jawa Barat,28100.0
2026-09-23,Telur Ayam,Jawa Barat,28500.0
2026-09-24,Telur Ayam,Jawa Barat,28200.0
2026-09-25,Telur Ayam,Jawa Barat,27100.0
2026-09-26,Telur Ayam,Jawa Barat,27300.0
2026-09-27,Telur Ayam,Jawa Barat,27300.0
2026-09-28,Telur Ayam,Jawa Barat,28300.0
2026-09-29,Telur Ayam,Jawa Barat,27800.0
2026-09-30,Telur Ayam,Jawa Barat,27800.0
2024-01-01,Telur Ayam,Jawa Timur,26700.0
2024-01-02,Telur Ayam,Jawa Timur,27300.0
2024-01-03,Telur Ayam,Jawa Timur,27200.0
2024-01-04,Telur Ayam,Jawa Timur,26900.0
2024-01-05,Telur Ayam,Jawa Timur,27200.0
2024-01-06,Telur Ayam,Jawa Timur,26900.0
2024-01-07,Telur Ayam,Jawa Timur,26700.0
2024-01-08,Telur Ayam,Jawa Timur,26700.0
2024-01-09,Telur Ayam,Jawa Timur,26800.0
2024-01-10,Telur Ayam,Jawa Timur,26900.0
2024-01-11,Telur Ayam,Jawa Timur,27200.0
2024-01-12,Telur Ayam,Jawa Timur,27100.0
2024-01-13,Telur Ayam,Jawa Timur,26200.0
2024-01-14,Telur Ayam,Jawa Timur,26100.0
2024-01-15,Telur Ayam,Jawa Timur,26800.0
2024-01-16,Telur Ayam,Jawa Timur,27100.0
2024-01-17,Telur Ayam,Jawa Timur,28000.0
2024-01-18,Telur Ayam,Jawa Timur,27300.0
2024-01-19,Telur Ayam,Jawa Timur,27300.0
2024-01-20,Telur Ayam,Jawa Timur,27300.0
2024-01-21,Telur Ayam,Jawa Timur,26800.0
2024-01-22,Telur Ayam,Jawa Timur,28000.0
2024-01-23,Telur Ayam,Jawa Timur,27400.0
2024-01-24,Telur Ayam,Jawa Timur,28400.0
2024-01-25,Telur Ayam,Jawa Timur,27500.0
2024-01-26,Telur Ayam,Jawa Timur,27200.0
2024-01-27,Telur Ayam,Jawa Timur,26800.0
2024-01-28,Telur Ayam,Jawa Timur,27400.0
2024-01-29,Telur Ayam,Jawa Timur,28400.0
2024-01-30,Telur Ayam,Jawa Timur,28000.0
2024-01-31,Telur Ayam,Jawa Timur,28100.0
2024-02-01,Telur Ayam,Jawa Timur,27500.0
2024-02-02,Telur Ayam,Jawa Timur,27800.0
2024-02-03,Telur Ayam,Jawa Timur,27400.0
2024-02-04,Telur Ayam,Jawa Timur,27400.0
2024-02-05,Telur Ayam,Jawa Timur,27800.0
2024-02-06,Telur Ayam,Jawa Timur,27100.0
2024-02-07,Telur Ayam,Jawa Timur,27900.0
2024-02-08,Telur Ayam,Jawa Timur,27300.0
2024-02-09,Telur Ayam,Jawa Timur,27500.0
2024-02-10,Telur Ayam,Jawa Timur,27100.0
2024-02-11,Telur Ayam,Jawa Timur,27300.0
2024-02-12,Telur Ayam,Jawa Timur,27200.0
2024-02-13,Telur Ayam,Jawa Timur,28600.0
2024-02-14,Telur Ayam,Jawa Timur,28000.0
2024-02-15,Telur Ayam,Jawa Timur,27900.0
2024-02-16,Telur Ayam,Jawa Timur,28600.0
2024-02-17,Telur Ayam,Jawa Timur,28100.0
2024-02-18,Telur Ayam,Jawa Timur,27000.0
2024-02-19,Telur Ayam,Jawa Timur,28600.0
2024-02-20,Telur Ayam,Jawa Timur,28900.0
2024-02-21,Telur Ayam,Jawa Timur,28900.0
2024-02-22,Telur Ayam,Jawa Timur,28300.0
2024-02-23,Telur Ayam,Jawa Timur,27400.0
2024-02-24,Telur Ayam,Jawa Timur,27600.0
2024-02-25,Telur Ayam,Jawa Timur,27200.0
2024-02-26,Telur Ayam,Jawa Timur,27700.0
2024-02-27,Telur Ayam,Jawa Timur,27900.0
2024-02-28,Telur Ayam,Jawa Timur,28100.0
2024-02-29,Telur Ayam,Jawa Timur,28300.0
2024-03-01,Telur Ayam,Jawa Timur,27900.0
2024-03-02,Telur Ayam,Jawa Timur,27800.0
2024-03-03,Telur Ayam,Jawa Timur,28000.0
2024-03-04,Telur Ayam,Jawa Timur,29100.0
2024-03-05,Telur Ayam,Jawa Timur,29500.0
2024-03-06,Telur Ayam,Jawa Timur,28400.0
2024-03-07,Telur Ayam,Jawa Timur,28700.0
2024-03-08,Telur Ayam,Jawa Timur,28000.0
2024-03-09,Telur Ayam,Jawa Timur,28500.0
2024-03-10,Telur Ayam,Jawa Timur,28000.0
2024-03-11,Telur Ayam,Jawa Timur,28200.0
2024-03-12,Telur Ayam,Jawa Timur,29500.0
2024-03-13,Telur Ayam,Jawa Timur,28200.0
2024-03-14,Telur Ayam,Jawa Timur,27600.0
2024-03-15,Telur Ayam,Jawa Timur,28700.0
2024-03-16,Telur Ayam,Jawa Timur,28100.0
2024-03-17,Telur Ayam,Jawa Timur,28000.0
2024-03-18,Telur Ayam,Jawa Timur,29700.0
2024-03-19,Telur Ayam,Jawa Timur,29100.0
2024-03-20,Telur Ayam,Jawa Timur,28800.0
2024-03-21,Telur Ayam,Jawa Timur,28400.0
2024-03-22,Telur Ayam,Jawa Timur,28600.0
2024-03-23,Telur Ayam,Jawa Timur,27400.0
2024-03-24,Telur Ayam,Jawa Timur,28000.0
2024-03-25,Telur Ayam,Jawa Timur,28400.0
2024-03-26,Telur Ayam,Jawa Timur,28800.0
2024-03-27,Telur Ayam,Jawa Timur,28800.0
2024-03-28,Telur Ayam,Jawa Timur,28700.0
2024-03-29,Telur Ayam,Jawa Timur,29500.0
2024-03-30,Telur Ayam,Jawa Timur,28400.0
2024-03-31,Telur Ayam,Jawa Timur,29400.0
2024-04-01,Telur Ayam,Jawa Timur,29800.0
2024-04-02,Telur Ayam,Jawa Timur,31000.0
2024-04-03,Telur Ayam,Jawa Timur,30700.0
2024-04-04,Telur Ayam,Jawa Timur,31300.0
2024-04-05,Telur Ayam,Jawa Timur,31200.0
2024-04-06,Telur Ayam,Jawa Timur,30500.0
2024-04-07,Telur Ayam,Jawa Timur,31600.0
2024-04-08,Telur Ayam,Jawa Timur,31500.0
2024-04-09,Telur Ayam,Jawa Timur,32900.0
2024-04-10,Telur Ayam,Jawa Timur,32800.0
2024-04-11,Telur Ayam,Jawa Timur,29200.0
2024-04-12,Telur Ayam,Jawa Timur,28500.0
2024-04-13,Telur Ayam,Jawa Timur,28000.0
2024-04-14,Telur Ayam,Jawa Timur,28800.0
2024-04-15,Telur Ayam,Jawa Timur,28200.0
2024-04-16,Telur Ayam,Jawa Timur,29100.0
2024-04-17,Telur Ayam,Jawa Timur,29000.0
2024-04-18,Telur Ayam,Jawa Timur,28500.0
2024-04-19,Telur Ayam,Jawa Timur,27900.0
2024-04-20,Telur Ayam,Jawa Timur,28800.0
2024-04-21,Telur Ayam,Jawa Timur,28500.0
2024-04-22,Telur Ayam,Jawa Timur,28100.0
2024-04-23,Telur Ayam,Jawa Timur,28700.0
2024-04-24,Telur Ayam,Jawa Timur,29000.0
2024-04-25,Telur Ayam,Jawa Timur,28500.0
2024-04-26,Telur Ayam,Jawa Timur,28300.0
2024-04-27,Telur Ayam,Jawa Timur,28500.0
2024-04-28,Telur Ayam,Jawa Timur,28700.0
2024-04-29,Telur Ayam,Jawa Timur,28200.0
2024-04-30,Telur Ayam,Jawa Timur,27800.0
2024-05-01,Telur Ayam,Jawa Timur,27800.0
2024-05-02,Telur Ayam,Jawa Timur,28000.0
2024-05-03,Telur Ayam,Jawa Timur,27800.0
2024-05-04,Telur Ayam,Jawa Timur,27200.0
2024-05-05,Telur Ayam,Jawa Timur,28700.0
2024-05-06,Telur Ayam,Jawa Timur,28400.0
2024-05-07,Telur Ayam,Jawa Timur,28100.0
2024-05-08,Telur Ayam,Jawa Timur,28400.0
2024-05-09,Telur Ayam,Jawa Timur,27500.0
2024-05-10,Telur Ayam,Jawa Timur,28500.0
2024-05-11,Telur Ayam,Jawa Timur,27000.0
2024-05-12,Telur Ayam,Jawa Timur,28100.0
2024-05-13,Telur Ayam,Jawa Timur,27200.0
2024-05-14,Telur Ayam,Jawa Timur,28000.0
2024-05-15,Telur Ayam,Jawa Timur,28700.0
2024-05-16,Telur Ayam,Jawa Timur,27300.0
2024-05-17,Telur Ayam,Jawa Timur,27700.0
2024-05-18,Telur Ayam,Jawa Timur,27800.0
2024-05-19,Telur Ayam,Jawa Timur,27800.0
2024-05-20,Telur Ayam,Jawa Timur,27800.0
2024-05-21,Telur Ayam,Jawa Timur,28200.0
2024-05-22,Telur Ayam,Jawa Timur,27800.0
2024-05-23,Telur Ayam,Jawa Timur,28700.0
2024-05-24,Telur Ayam,Jawa Timur,27000.0
2024-05-25,Telur Ayam,Jawa Timur,28100.0
2024-05-26,Telur Ayam,Jawa Timur,27700.0
2024-05-27,Telur Ayam,Jawa Timur,28000.0
2024-05-28,Telur Ayam,Jawa Timur,28300.0
2024-05-29,Telur Ayam,Jawa Timur,28300.0
2024-05-30,Telur Ayam,Jawa Timur,27600.0
2024-05-31,Telur Ayam,Jawa Timur,27500.0
2024-06-01,Telur Ayam,Jawa Timur,26900.0
2024-06-02,Telur Ayam,Jawa Timur,27400.0
2024-06-03,Telur Ayam,Jawa Timur,28000.0
2024-06-04,Telur Ayam,Jawa Timur,28600.0
2024-06-05,Telur Ayam,Jawa Timur,28900.0
2024-06-06,Telur Ayam,Jawa Timur,28100.0
2024-06-07,Telur Ayam,Jawa Timur,28600.0
2024-06-08,Telur Ayam,Jawa Timur,28800.0
2024-06-09,Telur Ayam,Jawa Timur,28900.0
2024-06-10,Telur Ayam,Jawa Timur,29500.0
2024-06-11,Telur Ayam,Jawa Timur,30400.0
2024-06-12,Telur Ayam,Jawa Timur,31300.0
2024-06-13,Telur Ayam,Jawa Timur,30400.0
2024-06-14,Telur Ayam,Jawa Timur,30400.0
2024-06-15,Telur Ayam,Jawa Timur,30700.0
2024-06-16,Telur Ayam,Jawa Timur,31300.0
2024-06-17,Telur Ayam,Jawa Timur,32100.0
2024-06-18,Telur Ayam,Jawa Timur,27700.0
2024-06-19,Telur Ayam,Jawa Timur,27200.0
2024-06-20,Telur Ayam,Jawa Timur,27100.0
2024-06-21,Telur Ayam,Jawa Timur,27500.0
2024-06-22,Telur Ayam,Jawa Timur,27600.0
2024-06-23,Telur Ayam,Jawa Timur,27900.0
2024-06-24,Telur Ayam,Jawa Timur,26900.0
2024-06-25,Telur Ayam,Jawa Timur,27700.0
2024-06-26,Telur Ayam,Jawa Timur,27400.0
2024-06-27,Telur Ayam,Jawa Timur,27200.0
2024-06-28,Telur Ayam,Jawa Timur,27000.0
2024-06-29,Telur Ayam,Jawa Timur,27100.0
2024-06-30,Telur Ayam,Jawa Timur,26900.0
2024-07-01,Telur Ayam,Jawa Timur,28500.0
2024-07-02,Telur Ayam,Jawa Timur,27500.0
2024-07-03,Telur Ayam,Jawa Timur,28100.0
2024-07-04,Telur Ayam,Jawa Timur,27200.0
2024-07-05,Telur Ayam,Jawa Timur,28200.0
2024-07-06,Telur Ayam,Jawa Timur,27200.0
2024-07-07,Telur Ayam,Jawa Timur,27500.0
2024-07-08,Telur Ayam,Jawa Timur,27100.0
2024-07-09,Telur Ayam,Jawa Timur,28000.0
2024-07-10,Telur Ayam,Jawa Timur,27900.0
2024-07-11,Telur Ayam,Jawa Timur,27500.0
2024-07-12,Telur Ayam,Jawa Timur,26900.0
2024-07-13,Telur Ayam,Jawa Timur,27000.0
2024-07-14,Telur Ayam,Jawa Timur,27000.0
2024-07-15,Telur Ayam,Jawa Timur,27600.0
2024-07-16,Telur Ayam,Jawa Timur,27300.0
2024-07-17,Telur Ayam,Jawa Timur,26600.0
2024-07-18,Telur Ayam,Jawa Timur,27600.0
2024-07-19,Telur Ayam,Jawa Timur,27500.0
2024-07-20,Telur Ayam,Jawa Timur,26200.0
2024-07-21,Telur Ayam,Jawa Timur,27600.0
2024-07-22,Telur Ayam,Jawa Timur,27600.0
2024-07-23,Telur Ayam,Jawa Timur,27000.0
2024-07-24,Telur Ayam,Jawa Timur,26900.0
2024-07-25,Telur Ayam,Jawa Timur,27600.0
2024-07-26,Telur Ayam,Jawa Timur,26500.0
2024-07-27,Telur Ayam,Jawa Timur,26500.0
2024-07-28,Telur Ayam,Jawa Timur,26300.0
2024-07-29,Telur Ayam,Jawa Timur,27000.0
2024-07-30,Telur Ayam,Jawa Timur,27900.0
2024-07-31,Telur Ayam,Jawa Timur,27500.0
2024-08-01,Telur Ayam,Jawa Timur,27600.0
2024-08-02,Telur Ayam,Jawa Timur,26800.0
2024-08-03,Telur Ayam,Jawa Timur,26900.0
2024-08-04,Telur Ayam,Jawa Timur,26400.0
2024-08-05,Telur Ayam,Jawa Timur,27000.0
2024-08-06,Telur Ayam,Jawa Timur,27000.0
2024-08-07,Telur Ayam,Jawa Timur,27300.0
2024-08-08,Telur Ayam,Jawa Timur,27100.0
2024-08-09,Telur Ayam,Jawa Timur,26800.0
2024-08-10,Telur Ayam,Jawa Timur,27600.0
2024-08-11,Telur Ayam,Jawa Timur,27700.0
2024-08-12,Telur Ayam,Jawa Timur,27700.0
2024-08-13,Telur Ayam,Jawa Timur,28100.0
2024-08-14,Telur Ayam,Jawa Timur,28000.0
2024-08-15,Telur Ayam,Jawa Timur,27300.0
2024-08-16,Telur Ayam,Jawa Timur,27000.0
2024-08-17,Telur Ayam,Jawa Timur,27100.0
2024-08-18,Telur Ayam,Jawa Timur,26900.0
2024-08-19,Telur Ayam,Jawa Timur,26700.0
2024-08-20,Telur Ayam,Jawa Timur,27500.0
2024-08-21,Telur Ayam,Jawa Timur,26700.0
2024-08-22,Telur Ayam,Jawa Timur,27200.0
2024-08-23,Telur Ayam,Jawa Timur,26500.0
2024-08-24,Telur Ayam,Jawa Timur,26700.0
2024-08-25,Telur Ayam,Jawa Timur,26900.0
2024-08-26,Telur Ayam,Jawa Timur,26800.0
2024-08-27,Telur Ayam,Jawa Timur,26500.0
2024-08-28,Telur Ayam,Jawa Timur,26700.0
2024-08-29,Telur Ayam,Jawa Timur,27200.0
2024-08-30,Telur Ayam,Jawa Timur,26500.0
2024-08-31,Telur Ayam,Jawa Timur,26800.0
2024-09-01,Telur Ayam,Jawa Timur,26600.0
2024-09-02,Telur Ayam,Jawa Timur,26700.0
2024-09-03,Telur Ayam,Jawa Timur,27100.0
2024-09-04,Telur Ayam,Jawa Timur,26700.0
2024-09-05,Telur Ayam,Jawa Timur,27100.0
2024-09-06,Telur Ayam,Jawa Timur,26600.0
2024-09-07,Telur Ayam,Jawa Timur,27600.0
2024-09-08,Telur Ayam,Jawa Timur,26200.0
2024-09-09,Telur Ayam,Jawa Timur,26700.0
2024-09-10,Telur Ayam,Jawa Timur,26900.0
2024-09-11,Telur Ayam,Jawa Timur,26600.0
2024-09-12,Telur Ayam,Jawa Timur,27300.0
2024-09-13,Telur Ayam,Jawa Timur,26500.0
2024-09-14,Telur Ayam,Jawa Timur,25700.0
2024-09-15,Telur Ayam,Jawa Timur,26800.0
2024-09-16,Telur Ayam,Jawa Timur,26500.0
2024-09-17,Telur Ayam,Jawa Timur,26900.0
2024-09-18,Telur Ayam,Jawa Timur,27200.0
2024-09-19,Telur Ayam,Jawa Timur,26600.0
2024-09-20,Telur Ayam,Jawa Timur,26400.0
2024-09-21,Telur Ayam,Jawa Timur,27200.0
2024-09-22,Telur Ayam,Jawa Timur,25500.0
2024-09-23,Telur Ayam,Jawa Timur,26100.0
2024-09-24,Telur Ayam,Jawa Timur,26400.0
2024-09-25,Telur Ayam,Jawa Timur,27600.0
2024-09-26,Telur Ayam,Jawa Timur,26500.0
2024-09-27,Telur Ayam,Jawa Timur,26600.0
2024-09-28,Telur Ayam,Jawa Timur,26200.0
2024-09-29,Telur Ayam,Jawa Timur,26700.0
2024-09-30,Telur Ayam,Jawa Timur,26700.0
2024-10-01,Telur Ayam,Jawa Timur,27000.0
2024-10-02,Telur Ayam,Jawa Timur,27500.0
2024-10-03,Telur Ayam,Jawa Timur,27000.0
2024-10-04,Telur Ayam,Jawa Timur,26300.0
2024-10-05,Telur Ayam,Jawa Timur,26600.0
2024-10-06,Telur Ayam,Jawa Timur,27400.0
2024-10-07,Telur Ayam,Jawa Timur,26900.0
2024-10-08,Telur Ayam,Jawa Timur,26900.0
2024-10-09,Telur Ayam,Jawa Timur,26400.0
2024-10-10,Telur Ayam,Jawa Timur,27100.0
2024-10-11,Telur Ayam,Jawa Timur,26900.0
2024-10-12,Telur Ayam,Jawa Timur,26600.0
2024-10-13,Telur Ayam,Jawa Timur,26500.0
2024-10-14,Telur Ayam,Jawa Timur,27900.0
2024-10-15,Telur Ayam,Jawa Timur,27300.0
2024-10-16,Telur Ayam,Jawa Timur,27600.0
2024-10-17,Telur Ayam,Jawa Timur,27000.0
2024-10-18,Telur Ayam,Jawa Timur,26700.0
2024-10-19,Telur Ayam,Jawa Timur,26800.0
2024-10-20,Telur Ayam,Jawa Timur,26600.0
2024-10-21,Telur Ayam,Jawa Timur,26900.0
2024-10-22,Telur Ayam,Jawa Timur,27300.0
2024-10-23,Telur Ayam,Jawa Timur,27000.0
2024-10-24,Telur Ayam,Jawa Timur,27200.0
2024-10-25,Telur Ayam,Jawa Timur,26800.0
2024-10-26,Telur Ayam,Jawa Timur,27000.0
2024-10-27,Telur Ayam,Jawa Timur,26500.0
2024-10-28,Telur Ayam,Jawa Timur,26100.0
2024-10-29,Telur Ayam,Jawa Timur,27000.0
2024-10-30,Telur Ayam,Jawa Timur,27400.0
2024-10-31,Telur Ayam,Jawa Timur,27500.0
2024-11-01,Telur Ayam,Jawa Timur,26600.0
2024-11-02,Telur Ayam,Jawa Timur,27000.0
2024-11-03,Telur Ayam,Jawa Timur,27300.0
2024-11-04,Telur Ayam,Jawa Timur,27400.0
2024-11-05,Telur Ayam,Jawa Timur,27000.0
2024-11-06,Telur Ayam,Jawa Timur,27200.0
2024-11-07,Telur Ayam,Jawa Timur,27500.0
2024-11-08,Telur Ayam,Jawa Timur,27700.0
2024-11-09,Telur Ayam,Jawa Timur,27000.0
2024-11-10,Telur Ayam,Jawa Timur,26900.0
2024-11-11,Telur Ayam,Jawa Timur,26700.0
2024-11-12,Telur Ayam,Jawa Timur,27300.0
2024-11-13,Telur Ayam,Jawa Timur,27300.0
2024-11-14,Telur Ayam,Jawa Timur,27600.0
2024-11-15,Telur Ayam,Jawa Timur,26800.0
2024-11-16,Telur Ayam,Jawa Timur,27000.0
2024-11-17,Telur Ayam,Jawa Timur,26800.0
2024-11-18,Telur Ayam,Jawa Timur,27800.0
2024-11-19,Telur Ayam,Jawa Timur,27300.0
2024-11-20,Telur Ayam,Jawa Timur,27400.0
2024-11-21,Telur Ayam,Jawa Timur,27600.0
2024-11-22,Telur Ayam,Jawa Timur,27100.0
2024-11-23,Telur Ayam,Jawa Timur,28100.0
2024-11-24,Telur Ayam,Jawa Timur,27700.0
2024-11-25,Telur Ayam,Jawa Timur,27600.0
2024-11-26,Telur Ayam,Jawa Timur,28000.0
2024-11-27,Telur Ayam,Jawa Timur,27000.0
2024-11-28,Telur Ayam,Jawa Timur,28400.0
2024-11-29,Telur Ayam,Jawa Timur,27900.0
2024-11-30,Telur Ayam,Jawa Timur,27400.0
2024-12-01,Telur Ayam,Jawa Timur,27800.0
2024-12-02,Telur Ayam,Jawa Timur,28200.0
2024-12-03,Telur Ayam,Jawa Timur,28000.0
2024-12-04,Telur Ayam,Jawa Timur,28300.0
2024-12-05,Telur Ayam,Jawa Timur,28500.0
2024-12-06,Telur Ayam,Jawa Timur,28000.0
2024-12-07,Telur Ayam,Jawa Timur,27700.0
2024-12-08,Telur Ayam,Jawa Timur,28000.0
2024-12-09,Telur Ayam,Jawa Timur,28600.0
2024-12-10,Telur Ayam,Jawa Timur,28700.0
2024-12-11,Telur Ayam,Jawa Timur,28000.0
2024-12-12,Telur Ayam,Jawa Timur,28600.0
2024-12-13,Telur Ayam,Jawa Timur,28400.0
2024-12-14,Telur Ayam,Jawa Timur,28600.0
2024-12-15,Telur Ayam,Jawa Timur,28300.0
2024-12-16,Telur Ayam,Jawa Timur,28300.0
2024-12-17,Telur Ayam,Jawa Timur,28200.0
2024-12-18,Telur Ayam,Jawa Timur,28600.0
2024-12-19,Telur Ayam,Jawa Timur,29200.0
2024-12-20,Telur Ayam,Jawa Timur,28600.0
2024-12-21,Telur Ayam,Jawa Timur,28300.0
2024-12-22,Telur Ayam,Jawa Timur,29000.0
2024-12-23,Telur Ayam,Jawa Timur,29200.0
2024-12-24,Telur Ayam,Jawa Timur,28700.0
2024-12-25,Telur Ayam,Jawa Timur,29600.0
2024-12-26,Telur Ayam,Jawa Timur,28300.0
2024-12-27,Telur Ayam,Jawa Timur,29000.0
2024-12-28,Telur Ayam,Jawa Timur,28800.0
2024-12-29,Telur Ayam,Jawa Timur,29100.0
2024-12-30,Telur Ayam,Jawa Timur,29100.0
2024-12-31,Telur Ayam,Jawa Timur,29100.0
2025-01-01,Telur Ayam,Jawa Timur,29200.0
2025-01-02,Telur Ayam,Jawa Timur,30300.0
2025-01-03,Telur Ayam,Jawa Timur,28800.0
2025-01-04,Telur Ayam,Jawa Timur,28900.0
2025-01-05,Telur Ayam,Jawa Timur,28000.0
2025-01-06,Telur Ayam,Jawa Timur,28700.0
2025-01-07,Telur Ayam,Jawa Timur,29400.0
2025-01-08,Telur Ayam,Jawa Timur,28700.0
2025-01-09,Telur Ayam,Jawa Timur,29400.0
2025-01-10,Telur Ayam,Jawa Timur,28700.0
2025-01-11,Telur Ayam,Jawa Timur,28400.0
2025-01-12,Telur Ayam,Jawa Timur,28700.0
2025-01-13,Telur Ayam,Jawa Timur,29900.0
2025-01-14,Telur Ayam,Jawa Timur,29600.0
2025-01-15,Telur Ayam,Jawa Timur,29200.0
2025-01-16,Telur Ayam,Jawa Timur,29700.0
2025-01-17,Telur Ayam,Jawa Timur,29400.0
2025-01-18,Telur Ayam,Jawa Timur,28800.0
2025-01-19,Telur Ayam,Jawa Timur,29300.0
2025-01-20,Telur Ayam,Jawa Timur,29500.0
2025-01-21,Telur Ayam,Jawa Timur,29800.0
2025-01-22,Telur Ayam,Jawa Timur,29200.0
2025-01-23,Telur Ayam,Jawa Timur,28900.0
2025-01-24,Telur Ayam,Jawa Timur,28500.0
2025-01-25,Telur Ayam,Jawa Timur,28800.0
2025-01-26,Telur Ayam,Jawa Timur,29000.0
2025-01-27,Telur Ayam,Jawa Timur,29300.0
2025-01-28,Telur Ayam,Jawa Timur,29700.0
2025-01-29,Telur Ayam,Jawa Timur,30500.0
2025-01-30,Telur Ayam,Jawa Timur,29600.0
2025-01-31,Telur Ayam,Jawa Timur,29500.0
2025-02-01,Telur Ayam,Jawa Timur,28700.0
2025-02-02,Telur Ayam,Jawa Timur,30400.0
2025-02-03,Telur Ayam,Jawa Timur,29200.0
2025-02-04,Telur Ayam,Jawa Timur,29700.0
2025-02-05,Telur Ayam,Jawa Timur,30400.0
2025-02-06,Telur Ayam,Jawa Timur,30100.0
2025-02-07,Telur Ayam,Jawa Timur,30500.0
2025-02-08,Telur Ayam,Jawa Timur,29900.0
2025-02-09,Telur Ayam,Jawa Timur,29700.0
2025-02-10,Telur Ayam,Jawa Timur,30500.0
2025-02-11,Telur Ayam,Jawa Timur,30800.0
2025-02-12,Telur Ayam,Jawa Timur,30000.0
2025-02-13,Telur Ayam,Jawa Timur,30600.0
2025-02-14,Telur Ayam,Jawa Timur,29800.0
2025-02-15,Telur Ayam,Jawa Timur,29700.0
2025-02-16,Telur Ayam,Jawa Timur,29900.0
2025-02-17,Telur Ayam,Jawa Timur,29900.0
2025-02-18,Telur Ayam,Jawa Timur,30100.0
2025-02-19,Telur Ayam,Jawa Timur,30700.0
2025-02-20,Telur Ayam,Jawa Timur,29500.0
2025-02-21,Telur Ayam,Jawa Timur,29500.0
2025-02-22,Telur Ayam,Jawa Timur,30200.0
2025-02-23,Telur Ayam,Jawa Timur,29900.0
2025-02-24,Telur Ayam,Jawa Timur,30600.0
2025-02-25,Telur Ayam,Jawa Timur,30700.0
2025-02-26,Telur Ayam,Jawa Timur,30000.0
2025-02-27,Telur Ayam,Jawa Timur,30500.0
2025-02-28,Telur Ayam,Jawa Timur,30300.0
2025-03-01,Telur Ayam,Jawa Timur,30200.0
2025-03-02,Telur Ayam,Jawa Timur,30000.0
2025-03-03,Telur Ayam,Jawa Timur,30300.0
2025-03-04,Telur Ayam,Jawa Timur,30500.0
2025-03-05,Telur Ayam,Jawa Timur,30300.0
2025-03-06,Telur Ayam,Jawa Timur,30000.0
2025-03-07,Telur Ayam,Jawa Timur,30500.0
2025-03-08,Telur Ayam,Jawa Timur,29900.0
2025-03-09,Telur Ayam,Jawa Timur,30600.0
2025-03-10,Telur Ayam,Jawa Timur,30400.0
2025-03-11,Telur Ayam,Jawa Timur,30400.0
2025-03-12,Telur Ayam,Jawa Timur,30900.0
2025-03-13,Telur Ayam,Jawa Timur,31800.0
2025-03-14,Telur Ayam,Jawa Timur,30600.0
2025-03-15,Telur Ayam,Jawa Timur,30700.0
2025-03-16,Telur Ayam,Jawa Timur,30600.0
2025-03-17,Telur Ayam,Jawa Timur,30200.0
2025-03-18,Telur Ayam,Jawa Timur,31900.0
2025-03-19,Telur Ayam,Jawa Timur,31500.0
2025-03-20,Telur Ayam,Jawa Timur,31200.0
2025-03-21,Telur Ayam,Jawa Timur,31600.0
2025-03-22,Telur Ayam,Jawa Timur,31800.0
2025-03-23,Telur Ayam,Jawa Timur,32600.0
2025-03-24,Telur Ayam,Jawa Timur,32500.0
2025-03-25,Telur Ayam,Jawa Timur,34600.0
2025-03-26,Telur Ayam,Jawa Timur,33400.0
2025-03-27,Telur Ayam,Jawa Timur,34200.0
2025-03-28,Telur Ayam,Jawa Timur,33000.0
2025-03-29,Telur Ayam,Jawa Timur,34100.0
2025-03-30,Telur Ayam,Jawa Timur,34700.0
2025-03-31,Telur Ayam,Jawa Timur,34600.0
2025-04-01,Telur Ayam,Jawa Timur,31500.0
2025-04-02,Telur Ayam,Jawa Timur,31100.0
2025-04-03,Telur Ayam,Jawa Timur,30700.0
2025-04-04,Telur Ayam,Jawa Timur,30700.0
2025-04-05,Telur Ayam,Jawa Timur,30100.0
2025-04-06,Telur Ayam,Jawa Timur,31000.0
2025-04-07,Telur Ayam,Jawa Timur,31100.0
2025-04-08,Telur Ayam,Jawa Timur,31000.0
2025-04-09,Telur Ayam,Jawa Timur,31200.0
2025-04-10,Telur Ayam,Jawa Timur,30100.0
2025-04-11,Telur Ayam,Jawa Timur,31100.0
2025-04-12,Telur Ayam,Jawa Timur,30300.0
2025-04-13,Telur Ayam,Jawa Timur,30800.0
2025-04-14,Telur Ayam,Jawa Timur,30900.0
2025-04-15,Telur Ayam,Jawa Timur,31200.0
2025-04-16,Telur Ayam,Jawa Timur,30300.0
2025-04-17,Telur Ayam,Jawa Timur,30200.0
2025-04-18,Telur Ayam,Jawa Timur,31400.0
2025-04-19,Telur Ayam,Jawa Timur,29500.0
2025-04-20,Telur Ayam,Jawa Timur,29700.0
2025-04-21,Telur Ayam,Jawa Timur,30300.0
2025-04-22,Telur Ayam,Jawa Timur,30500.0
2025-04-23,Telur Ayam,Jawa Timur,30300.0
2025-04-24,Telur Ayam,Jawa Timur,30600.0
2025-04-25,Telur Ayam,Jawa Timur,30400.0
2025-04-26,Telur Ayam,Jawa Timur,29800.0
2025-04-27,Telur Ayam,Jawa Timur,29700.0
2025-04-28,Telur Ayam,Jawa Timur,30100.0
2025-04-29,Telur Ayam,Jawa Timur,30200.0
2025-04-30,Telur Ayam,Jawa Timur,29800.0
2025-05-01,Telur Ayam,Jawa Timur,30500.0
2025-05-02,Telur Ayam,Jawa Timur,30400.0
2025-05-03,Telur Ayam,Jawa Timur,29900.0
2025-05-04,Telur Ayam,Jawa Timur,29000.0
2025-05-05,Telur Ayam,Jawa Timur,30000.0
2025-05-06,Telur Ayam,Jawa Timur,30900.0
2025-05-07,Telur Ayam,Jawa Timur,30000.0
2025-05-08,Telur Ayam,Jawa Timur,30700.0
2025-05-09,Telur Ayam,Jawa Timur,30000.0
2025-05-10,Telur Ayam,Jawa Timur,30100.0
2025-05-11,Telur Ayam,Jawa Timur,29900.0
2025-05-12,Telur Ayam,Jawa Timur,30000.0
2025-05-13,Telur Ayam,Jawa Timur,31200.0
2025-05-14,Telur Ayam,Jawa Timur,31000.0
2025-05-15,Telur Ayam,Jawa Timur,30800.0
2025-05-16,Telur Ayam,Jawa Timur,30700.0
2025-05-17,Telur Ayam,Jawa Timur,30300.0
2025-05-18,Telur Ayam,Jawa Timur,30500.0
2025-05-19,Telur Ayam,Jawa Timur,30100.0
2025-05-20,Telur Ayam,Jawa Timur,31100.0
2025-05-21,Telur Ayam,Jawa Timur,31100.0
2025-05-22,Telur Ayam,Jawa Timur,30600.0
2025-05-23,Telur Ayam,Jawa Timur,30000.0
2025-05-24,Telur Ayam,Jawa Timur,29800.0
2025-05-25,Telur Ayam,Jawa Timur,30700.0
2025-05-26,Telur Ayam,Jawa Timur,31800.0
2025-05-27,Telur Ayam,Jawa Timur,31100.0
2025-05-28,Telur Ayam,Jawa Timur,32300.0
2025-05-29,Telur Ayam,Jawa Timur,31800.0
2025-05-30,Telur Ayam,Jawa Timur,31800.0
2025-05-31,Telur Ayam,Jawa Timur,31700.0
2025-06-01,Telur Ayam,Jawa Timur,32100.0
2025-06-02,Telur Ayam,Jawa Timur,33300.0
2025-06-03,Telur Ayam,Jawa Timur,33800.0
2025-06-04,Telur Ayam,Jawa Timur,34000.0
2025-06-05,Telur Ayam,Jawa Timur,33900.0
2025-06-06,Telur Ayam,Jawa Timur,33600.0
2025-06-07,Telur Ayam,Jawa Timur,29600.0
2025-06-08,Telur Ayam,Jawa Timur,29500.0
2025-06-09,Telur Ayam,Jawa Timur,29900.0
2025-06-10,Telur Ayam,Jawa Timur,29900.0
2025-06-11,Telur Ayam,Jawa Timur,29900.0
2025-06-12,Telur Ayam,Jawa Timur,29900.0
2025-06-13,Telur Ayam,Jawa Timur,29700.0
2025-06-14,Telur Ayam,Jawa Timur,29800.0
2025-06-15,Telur Ayam,Jawa Timur,29300.0
2025-06-16,Telur Ayam,Jawa Timur,29900.0
2025-06-17,Telur Ayam,Jawa Timur,30600.0
2025-06-18,Telur Ayam,Jawa Timur,30000.0
2025-06-19,Telur Ayam,Jawa Timur,30200.0
2025-06-20,Telur Ayam,Jawa Timur,29200.0
2025-06-21,Telur Ayam,Jawa Timur,28900.0
2025-06-22,Telur Ayam,Jawa Timur,29200.0
2025-06-23,Telur Ayam,Jawa Timur,29500.0
2025-06-24,Telur Ayam,Jawa Timur,30100.0
2025-06-25,Telur Ayam,Jawa Timur,29300.0
2025-06-26,Telur Ayam,Jawa Timur,29400.0
2025-06-27,Telur Ayam,Jawa Timur,29600.0
2025-06-28,Telur Ayam,Jawa Timur,29000.0
2025-06-29,Telur Ayam,Jawa Timur,28900.0
2025-06-30,Telur Ayam,Jawa Timur,29200.0
2025-07-01,Telur Ayam,Jawa Timur,28800.0
2025-07-02,Telur Ayam,Jawa Timur,28800.0
2025-07-03,Telur Ayam,Jawa Timur,28400.0
2025-07-04,Telur Ayam,Jawa Timur,28900.0
2025-07-05,Telur Ayam,Jawa Timur,29100.0
2025-07-06,Telur Ayam,Jawa Timur,29200.0
2025-07-07,Telur Ayam,Jawa Timur,29600.0
2025-07-08,Telur Ayam,Jawa Timur,29900.0
2025-07-09,Telur Ayam,Jawa Timur,29300.0
2025-07-10,Telur Ayam,Jawa Timur,29100.0
2025-07-11,Telur Ayam,Jawa Timur,29500.0
2025-07-12,Telur Ayam,Jawa Timur,28500.0
2025-07-13,Telur Ayam,Jawa Timur,28300.0
2025-07-14,Telur Ayam,Jawa Timur,28800.0
2025-07-15,Telur Ayam,Jawa Timur,29000.0
2025-07-16,Telur Ayam,Jawa Timur,29200.0
2025-07-17,Telur Ayam,Jawa Timur,28600.0
2025-07-18,Telur Ayam,Jawa Timur,28900.0
2025-07-19,Telur Ayam,Jawa Timur,28400.0
2025-07-20,Telur Ayam,Jawa Timur,29100.0
2025-07-21,Telur Ayam,Jawa Timur,28400.0
2025-07-22,Telur Ayam,Jawa Timur,29000.0
2025-07-23,Telur Ayam,Jawa Timur,29000.0
2025-07-24,Telur Ayam,Jawa Timur,29200.0
2025-07-25,Telur Ayam,Jawa Timur,29300.0
2025-07-26,Telur Ayam,Jawa Timur,28800.0
2025-07-27,Telur Ayam,Jawa Timur,28800.0
2025-07-28,Telur Ayam,Jawa Timur,29300.0
2025-07-29,Telur Ayam,Jawa Timur,29500.0
2025-07-30,Telur Ayam,Jawa Timur,29300.0
2025-07-31,Telur Ayam,Jawa Timur,29200.0
2025-08-01,Telur Ayam,Jawa Timur,29100.0
2025-08-02,Telur Ayam,Jawa Timur,27900.0
2025-08-03,Telur Ayam,Jawa Timur,28400.0
2025-08-04,Telur Ayam,Jawa Timur,28900.0
2025-08-05,Telur Ayam,Jawa Timur,28800.0
2025-08-06,Telur Ayam,Jawa Timur,28700.0
2025-08-07,Telur Ayam,Jawa Timur,28700.0
2025-08-08,Telur Ayam,Jawa Timur,28400.0
2025-08-09,Telur Ayam,Jawa Timur,28300.0
2025-08-10,Telur Ayam,Jawa Timur,27900.0
2025-08-11,Telur Ayam,Jawa Timur,27800.0
2025-08-12,Telur Ayam,Jawa Timur,28800.0
2025-08-13,Telur Ayam,Jawa Timur,28200.0
2025-08-14,Telur Ayam,Jawa Timur,28000.0
2025-08-15,Telur Ayam,Jawa Timur,27800.0
2025-08-16,Telur Ayam,Jawa Timur,28500.0
2025-08-17,Telur Ayam,Jawa Timur,28100.0
2025-08-18,Telur Ayam,Jawa Timur,28400.0
2025-08-19,Telur Ayam,Jawa Timur,28700.0
2025-08-20,Telur Ayam,Jawa Timur,28400.0
2025-08-21,Telur Ayam,Jawa Timur,28700.0
2025-08-22,Telur Ayam,Jawa Timur,27600.0
2025-08-23,Telur Ayam,Jawa Timur,27500.0
2025-08-24,Telur Ayam,Jawa Timur,27500.0
2025-08-25,Telur Ayam,Jawa Timur,28300.0
2025-08-26,Telur Ayam,Jawa Timur,28500.0
2025-08-27,Telur Ayam,Jawa Timur,28100.0
2025-08-28,Telur Ayam,Jawa Timur,28000.0
2025-08-29,Telur Ayam,Jawa Timur,28400.0
2025-08-30,Telur Ayam,Jawa Timur,27500.0
2025-08-31,Telur Ayam,Jawa Timur,27900.0
2025-09-01,Telur Ayam,Jawa Timur,27800.0
2025-09-02,Telur Ayam,Jawa Timur,28600.0
2025-09-03,Telur Ayam,Jawa Timur,28400.0
2025-09-04,Telur Ayam,Jawa Timur,27400.0
2025-09-05,Telur Ayam,Jawa Timur,27600.0
2025-09-06,Telur Ayam,Jawa Timur,26800.0
2025-09-07,Telur Ayam,Jawa Timur,28000.0
2025-09-08,Telur Ayam,Jawa Timur,28800.0
2025-09-09,Telur Ayam,Jawa Timur,27400.0
2025-09-10,Telur Ayam,Jawa Timur,27800.0
2025-09-11,Telur Ayam,Jawa Timur,28400.0
2025-09-12,Telur Ayam,Jawa Timur,28100.0
2025-09-13,Telur Ayam,Jawa Timur,27800.0
2025-09-14,Telur Ayam,Jawa Timur,27200.0
2025-09-15,Telur Ayam,Jawa Timur,28200.0
2025-09-16,Telur Ayam,Jawa Timur,28600.0
2025-09-17,Telur Ayam,Jawa Timur,29500.0
2025-09-18,Telur Ayam,Jawa Timur,28700.0
2025-09-19,Telur Ayam,Jawa Timur,27400.0
2025-09-20,Telur Ayam,Jawa Timur,27700.0
2025-09-21,Telur Ayam,Jawa Timur,28000.0
2025-09-22,Telur Ayam,Jawa Timur,27700.0
2025-09-23,Telur Ayam,Jawa Timur,28500.0
2025-09-24,Telur Ayam,Jawa Timur,28600.0
2025-09-25,Telur Ayam,Jawa Timur,28600.0
2025-09-26,Telur Ayam,Jawa Timur,28200.0
2025-09-27,Telur Ayam,Jawa Timur,27800.0
2025-09-28,Telur Ayam,Jawa Timur,27500.0
2025-09-29,Telur Ayam,Jawa Timur,27300.0
2025-09-30,Telur Ayam,Jawa Timur,28100.0
2025-10-01,Telur Ayam,Jawa Timur,27900.0
2025-10-02,Telur Ayam,Jawa Timur,27800.0
2025-10-03,Telur Ayam,Jawa Timur,28100.0
2025-10-04,Telur Ayam,Jawa Timur,28000.0
2025-10-05,Telur Ayam,Jawa Timur,27000.0
2025-10-06,Telur Ayam,Jawa Timur,27600.0
2025-10-07,Telur Ayam,Jawa Timur,27800.0
2025-10-08,Telur Ayam,Jawa Timur,28200.0
2025-10-09,Telur Ayam,Jawa Timur,26900.0
2025-10-10,Telur Ayam,Jawa Timur,26900.0
2025-10-11,Telur Ayam,Jawa Timur,27200.0
2025-10-12,Telur Ayam,Jawa Timur,27600.0
2025-10-13,Telur Ayam,Jawa Timur,27500.0
2025-10-14,Telur Ayam,Jawa Timur,28000.0
2025-10-15,Telur Ayam,Jawa Timur,27800.0
2025-10-16,Telur Ayam,Jawa Timur,28000.0
2025-10-17,Telur Ayam,Jawa Timur,27800.0
2025-10-18,Telur Ayam,Jawa Timur,26800.0
2025-10-19,Telur Ayam,Jawa Timur,27500.0
2025-10-20,Telur Ayam,Jawa Timur,27600.0
2025-10-21,Telur Ayam,Jawa Timur,28500.0
2025-10-22,Telur Ayam,Jawa Timur,27200.0
2025-10-23,Telur Ayam,Jawa Timur,27300.0
2025-10-24,Telur Ayam,Jawa Timur,26800.0
2025-10-25,Telur Ayam,Jawa Timur,26700.0
2025-10-26,Telur Ayam,Jawa Timur,27300.0
2025-10-27,Telur Ayam,Jawa Timur,27500.0
2025-10-28,Telur Ayam,Jawa Timur,27900.0
2025-10-29,Telur Ayam,Jawa Timur,28000.0
2025-10-30,Telur Ayam,Jawa Timur,27500.0
2025-10-31,Telur Ayam,Jawa Timur,27400.0
2025-11-01,Telur Ayam,Jawa Timur,26900.0
2025-11-02,Telur Ayam,Jawa Timur,27100.0
2025-11-03,Telur Ayam,Jawa Timur,27500.0
2025-11-04,Telur Ayam,Jawa Timur,27900.0
2025-11-05,Telur Ayam,Jawa Timur,28200.0
2025-11-06,Telur Ayam,Jawa Timur,28100.0
2025-11-07,Telur Ayam,Jawa Timur,28300.0
2025-11-08,Telur Ayam,Jawa Timur,27200.0
2025-11-09,Telur Ayam,Jawa Timur,27500.0
2025-11-10,Telur Ayam,Jawa Timur,27500.0
2025-11-11,Telur Ayam,Jawa Timur,28600.0
2025-11-12,Telur Ayam,Jawa Timur,28000.0
2025-11-13,Telur Ayam,Jawa Timur,28600.0
2025-11-14,Telur Ayam,Jawa Timur,28600.0
2025-11-15,Telur Ayam,Jawa Timur,28100.0
2025-11-16,Telur Ayam,Jawa Timur,28200.0
2025-11-17,Telur Ayam,Jawa Timur,28300.0
2025-11-18,Telur Ayam,Jawa Timur,28400.0
2025-11-19,Telur Ayam,Jawa Timur,28400.0
2025-11-20,Telur Ayam,Jawa Timur,28500.0
2025-11-21,Telur Ayam,Jawa Timur,29000.0
2025-11-22,Telur Ayam,Jawa Timur,27800.0
2025-11-23,Telur Ayam,Jawa Timur,28300.0
2025-11-24,Telur Ayam,Jawa Timur,28900.0
2025-11-25,Telur Ayam,Jawa Timur,28700.0
2025-11-26,Telur Ayam,Jawa Timur,29100.0
2025-11-27,Telur Ayam,Jawa Timur,28100.0
2025-11-28,Telur Ayam,Jawa Timur,29100.0
2025-11-29,Telur Ayam,Jawa Timur,28800.0
2025-11-30,Telur Ayam,Jawa Timur,28500.0
2025-12-01,Telur Ayam,Jawa Timur,28400.0
2025-12-02,Telur Ayam,Jawa Timur,29400.0
2025-12-03,Telur Ayam,Jawa Timur,28700.0
2025-12-04,Telur Ayam,Jawa Timur,28700.0
2025-12-05,Telur Ayam,Jawa Timur,28800.0
2025-12-06,Telur Ayam,Jawa Timur,29200.0
2025-12-07,Telur Ayam,Jawa Timur,28900.0
2025-12-08,Telur Ayam,Jawa Timur,28600.0
2025-12-09,Telur Ayam,Jawa Timur,28300.0
2025-12-10,Telur Ayam,Jawa Timur,29200.0
2025-12-11,Telur Ayam,Jawa Timur,29200.0
2025-12-12,Telur Ayam,Jawa Timur,28700.0
2025-12-13,Telur Ayam,Jawa Timur,29300.0
2025-12-14,Telur Ayam,Jawa Timur,28600.0
2025-12-15,Telur Ayam,Jawa Timur,28000.0
2025-12-16,Telur Ayam,Jawa Timur,29000.0
2025-12-17,Telur Ayam,Jawa Timur,29300.0
2025-12-18,Telur Ayam,Jawa Timur,29200.0
2025-12-19,Telur Ayam,Jawa Timur,28800.0
2025-12-20,Telur Ayam,Jawa Timur,28500.0
2025-12-21,Telur Ayam,Jawa Timur,27900.0
2025-12-22,Telur Ayam,Jawa Timur,29000.0
2025-12-23,Telur Ayam,Jawa Timur,29100.0
2025-12-24,Telur Ayam,Jawa Timur,29500.0
2025-12-25,Telur Ayam,Jawa Timur,29400.0
2025-12-26,Telur Ayam,Jawa Timur,29500.0
2025-12-27,Telur Ayam,Jawa Timur,28400.0
2025-12-28,Telur Ayam,Jawa Timur,28400.0
2025-12-29,Telur Ayam,Jawa Timur,29000.0
2025-12-30,Telur Ayam,Jawa Timur,29300.0
2025-12-31,Telur Ayam,Jawa Timur,29300.0
2026-01-01,Telur Ayam,Jawa Timur,30200.0
2026-01-02,Telur Ayam,Jawa Timur,29500.0
2026-01-03,Telur Ayam,Jawa Timur,30200.0
2026-01-04,Telur Ayam,Jawa Timur,29400.0
2026-01-05,Telur Ayam,Jawa Timur,29200.0
2026-01-06,Telur Ayam,Jawa Timur,29700.0
2026-01-07,Telur Ayam,Jawa Timur,30600.0
2026-01-08,Telur Ayam,Jawa Timur,29600.0
2026-01-09,Telur Ayam,Jawa Timur,30000.0
2026-01-10,Telur Ayam,Jawa Timur,29500.0
2026-01-11,Telur Ayam,Jawa Timur,29400.0
2026-01-12,Telur Ayam,Jawa Timur,30600.0
2026-01-13,Telur Ayam,Jawa Timur,29900.0
2026-01-14,Telur Ayam,Jawa Timur,29800.0
2026-01-15,Telur Ayam,Jawa Timur,30000.0
2026-01-16,Telur Ayam,Jawa Timur,29700.0
2026-01-17,Telur Ayam,Jawa Timur,30600.0
2026-01-18,Telur Ayam,Jawa Timur,30300.0
2026-01-19,Telur Ayam,Jawa Timur,29800.0
2026-01-20,Telur Ayam,Jawa Timur,30100.0
2026-01-21,Telur Ayam,Jawa Timur,29500.0
2026-01-22,Telur Ayam,Jawa Timur,30200.0
2026-01-23,Telur Ayam,Jawa Timur,29600.0
2026-01-24,Telur Ayam,Jawa Timur,29700.0
2026-01-25,Telur Ayam,Jawa Timur,28900.0
2026-01-26,Telur Ayam,Jawa Timur,30000.0
2026-01-27,Telur Ayam,Jawa Timur,31000.0
2026-01-28,Telur Ayam,Jawa Timur,30300.0
2026-01-29,Telur Ayam,Jawa Timur,29800.0
2026-01-30,Telur Ayam,Jawa Timur,29900.0
2026-01-31,Telur Ayam,Jawa Timur,29600.0
2026-02-01,Telur Ayam,Jawa Timur,30700.0
2026-02-02,Telur Ayam,Jawa Timur,29800.0
2026-02-03,Telur Ayam,Jawa Timur,29700.0
2026-02-04,Telur Ayam,Jawa Timur,30200.0
2026-02-05,Telur Ayam,Jawa Timur,30200.0
2026-02-06,Telur Ayam,Jawa Timur,30000.0
2026-02-07,Telur Ayam,Jawa Timur,30000.0
2026-02-08,Telur Ayam,Jawa Timur,30600.0
2026-02-09,Telur Ayam,Jawa Timur,29700.0
2026-02-10,Telur Ayam,Jawa Timur,30000.0
2026-02-11,Telur Ayam,Jawa Timur,29600.0
2026-02-12,Telur Ayam,Jawa Timur,30500.0
2026-02-13,Telur Ayam,Jawa Timur,29500.0
2026-02-14,Telur Ayam,Jawa Timur,30200.0
2026-02-15,Telur Ayam,Jawa Timur,29600.0
2026-02-16,Telur Ayam,Jawa Timur,30700.0
2026-02-17,Telur Ayam,Jawa Timur,29600.0
2026-02-18,Telur Ayam,Jawa Timur,30800.0
2026-02-19,Telur Ayam,Jawa Timur,30600.0
2026-02-20,Telur Ayam,Jawa Timur,30200.0
2026-02-21,Telur Ayam,Jawa Timur,29300.0
2026-02-22,Telur Ayam,Jawa Timur,30200.0
2026-02-23,Telur Ayam,Jawa Timur,30300.0
2026-02-24,Telur Ayam,Jawa Timur,29800.0
2026-02-25,Telur Ayam,Jawa Timur,31300.0
2026-02-26,Telur Ayam,Jawa Timur,30300.0
2026-02-27,Telur Ayam,Jawa Timur,30900.0
2026-02-28,Telur Ayam,Jawa Timur,30100.0
2026-03-01,Telur Ayam,Jawa Timur,30600.0
2026-03-02,Telur Ayam,Jawa Timur,30100.0
2026-03-03,Telur Ayam,Jawa Timur,30800.0
2026-03-04,Telur Ayam,Jawa Timur,30800.0
2026-03-05,Telur Ayam,Jawa Timur,30400.0
2026-03-06,Telur Ayam,Jawa Timur,29800.0
2026-03-07,Telur Ayam,Jawa Timur,29000.0
2026-03-08,Telur Ayam,Jawa Timur,30500.0
2026-03-09,Telur Ayam,Jawa Timur,31600.0
2026-03-10,Telur Ayam,Jawa Timur,31300.0
2026-03-11,Telur Ayam,Jawa Timur,31800.0
2026-03-12,Telur Ayam,Jawa Timur,31900.0
2026-03-13,Telur Ayam,Jawa Timur,32600.0
2026-03-14,Telur Ayam,Jawa Timur,32200.0
2026-03-15,Telur Ayam,Jawa Timur,33500.0
2026-03-16,Telur Ayam,Jawa Timur,34000.0
2026-03-17,Telur Ayam,Jawa Timur,34200.0
2026-03-18,Telur Ayam,Jawa Timur,34600.0
2026-03-19,Telur Ayam,Jawa Timur,34300.0
2026-03-20,Telur Ayam,Jawa Timur,34200.0
2026-03-21,Telur Ayam,Jawa Timur,30300.0
2026-03-22,Telur Ayam,Jawa Timur,30500.0
2026-03-23,Telur Ayam,Jawa Timur,30600.0
2026-03-24,Telur Ayam,Jawa Timur,30300.0
2026-03-25,Telur Ayam,Jawa Timur,30400.0
2026-03-26,Telur Ayam,Jawa Timur,30000.0
2026-03-27,Telur Ayam,Jawa Timur,30400.0
2026-03-28,Telur Ayam,Jawa Timur,29000.0
2026-03-29,Telur Ayam,Jawa Timur,29000.0
2026-03-30,Telur Ayam,Jawa Timur,29300.0
2026-03-31,Telur Ayam,Jawa Timur,29500.0
2026-04-01,Telur Ayam,Jawa Timur,31100.0
2026-04-02,Telur Ayam,Jawa Timur,30600.0
2026-04-03,Telur Ayam,Jawa Timur,29500.0
2026-04-04,Telur Ayam,Jawa Timur,29900.0
2026-04-05,Telur Ayam,Jawa Timur,30700.0
2026-04-06,Telur Ayam,Jawa Timur,30400.0
2026-04-07,Telur Ayam,Jawa Timur,31400.0
2026-04-08,Telur Ayam,Jawa Timur,30400.0
2026-04-09,Telur Ayam,Jawa Timur,30000.0
2026-04-10,Telur Ayam,Jawa Timur,29600.0
2026-04-11,Telur Ayam,Jawa Timur,29900.0
2026-04-12,Telur Ayam,Jawa Timur,30400.0
2026-04-13,Telur Ayam,Jawa Timur,30300.0
2026-04-14,Telur Ayam,Jawa Timur,30300.0
2026-04-15,Telur Ayam,Jawa Timur,31000.0
2026-04-16,Telur Ayam,Jawa Timur,30500.0
2026-04-17,Telur Ayam,Jawa Timur,29900.0
2026-04-18,Telur Ayam,Jawa Timur,29300.0
2026-04-19,Telur Ayam,Jawa Timur,29800.0
2026-04-20,Telur Ayam,Jawa Timur,30300.0
2026-04-21,Telur Ayam,Jawa Timur,30000.0
2026-04-22,Telur Ayam,Jawa Timur,29800.0
2026-04-23,Telur Ayam,Jawa Timur,30100.0
2026-04-24,Telur Ayam,Jawa Timur,29900.0
2026-04-25,Telur Ayam,Jawa Timur,30400.0
2026-04-26,Telur Ayam,Jawa Timur,29200.0
2026-04-27,Telur Ayam,Jawa Timur,30100.0
2026-04-28,Telur Ayam,Jawa Timur,30100.0
2026-04-29,Telur Ayam,Jawa Timur,30200.0
2026-04-30,Telur Ayam,Jawa Timur,30800.0
2026-05-01,Telur Ayam,Jawa Timur,30000.0
2026-05-02,Telur Ayam,Jawa Timur,29400.0
2026-05-03,Telur Ayam,Jawa Timur,30300.0
2026-05-04,Telur Ayam,Jawa Timur,30400.0
2026-05-05,Telur Ayam,Jawa Timur,29900.0
2026-05-06,Telur Ayam,Jawa Timur,29800.0
2026-05-07,Telur Ayam,Jawa Timur,30300.0
2026-05-08,Telur Ayam,Jawa Timur,29800.0
2026-05-09,Telur Ayam,Jawa Timur,29400.0
2026-05-10,Telur Ayam,Jawa Timur,30000.0
2026-05-11,Telur Ayam,Jawa Timur,29500.0
2026-05-12,Telur Ayam,Jawa Timur,30200.0
2026-05-13,Telur Ayam,Jawa Timur,30500.0
2026-05-14,Telur Ayam,Jawa Timur,29700.0
2026-05-15,Telur Ayam,Jawa Timur,28700.0
2026-05-16,Telur Ayam,Jawa Timur,29100.0
2026-05-17,Telur Ayam,Jawa Timur,29400.0
2026-05-18,Telur Ayam,Jawa Timur,30000.0
2026-05-19,Telur Ayam,Jawa Timur,29600.0
2026-05-20,Telur Ayam,Jawa Timur,30700.0
2026-05-21,Telur Ayam,Jawa Timur,29200.0
2026-05-22,Telur Ayam,Jawa Timur,29600.0
2026-05-23,Telur Ayam,Jawa Timur,29300.0
2026-05-24,Telur Ayam,Jawa Timur,30000.0
2026-05-25,Telur Ayam,Jawa Timur,29000.0
2026-05-26,Telur Ayam,Jawa Timur,30000.0
2026-05-27,Telur Ayam,Jawa Timur,29600.0
2026-05-28,Telur Ayam,Jawa Timur,30200.0
2026-05-29,Telur Ayam,Jawa Timur,29000.0
2026-05-30,Telur Ayam,Jawa Timur,29300.0
2026-05-31,Telur Ayam,Jawa Timur,28800.0
2026-06-01,Telur Ayam,Jawa Timur,29500.0
2026-06-02,Telur Ayam,Jawa Timur,29500.0
2026-06-03,Telur Ayam,Jawa Timur,29500.0
2026-06-04,Telur Ayam,Jawa Timur,28600.0
2026-06-05,Telur Ayam,Jawa Timur,29500.0
2026-06-06,Telur Ayam,Jawa Timur,28600.0
2026-06-07,Telur Ayam,Jawa Timur,28700.0
2026-06-08,Telur Ayam,Jawa Timur,28700.0
2026-06-09,Telur Ayam,Jawa Timur,29100.0
2026-06-10,Telur Ayam,Jawa Timur,29800.0
2026-06-11,Telur Ayam,Jawa Timur,29600.0
2026-06-12,Telur Ayam,Jawa Timur,29300.0
2026-06-13,Telur Ayam,Jawa Timur,28500.0
2026-06-14,Telur Ayam,Jawa Timur,29000.0
2026-06-15,Telur Ayam,Jawa Timur,28900.0
2026-06-16,Telur Ayam,Jawa Timur,29700.0
2026-06-17,Telur Ayam,Jawa Timur,29500.0
2026-06-18,Telur Ayam,Jawa Timur,28800.0
2026-06-19,Telur Ayam,Jawa Timur,29300.0
2026-06-20,Telur Ayam,Jawa Timur,28900.0
2026-06-21,Telur Ayam,Jawa Timur,28000.0
2026-06-22,Telur Ayam,Jawa Timur,28200.0
2026-06-23,Telur Ayam,Jawa Timur,28600.0
2026-06-24,Telur Ayam,Jawa Timur,30000.0
2026-06-25,Telur Ayam,Jawa Timur,28600.0
2026-06-26,Telur Ayam,Jawa Timur,29600.0
2026-06-27,Telur Ayam,Jawa Timur,28100.0
2026-06-28,Telur Ayam,Jawa Timur,28000.0
2026-06-29,Telur Ayam,Jawa Timur,29000.0
2026-06-30,Telur Ayam,Jawa Timur,29100.0
2026-07-01,Telur Ayam,Jawa Timur,29000.0
2026-07-02,Telur Ayam,Jawa Timur,28800.0
2026-07-03,Telur Ayam,Jawa Timur,27900.0
2026-07-04,Telur Ayam,Jawa Timur,28400.0
2026-07-05,Telur Ayam,Jawa Timur,28100.0
2026-07-06,Telur Ayam,Jawa Timur,28000.0
2026-07-07,Telur Ayam,Jawa Timur,28400.0
2026-07-08,Telur Ayam,Jawa Timur,28800.0
2026-07-09,Telur Ayam,Jawa Timur,28400.0
2026-07-10,Telur Ayam,Jawa Timur,27100.0
2026-07-11,Telur Ayam,Jawa Timur,28200.0
2026-07-12,Telur Ayam,Jawa Timur,28200.0
2026-07-13,Telur Ayam,Jawa Timur,27900.0
2026-07-14,Telur Ayam,Jawa Timur,28300.0
2026-07-15,Telur Ayam,Jawa Timur,28400.0
2026-07-16,Telur Ayam,Jawa Timur,27300.0
2026-07-17,Telur Ayam,Jawa Timur,27600.0
2026-07-18,Telur Ayam,Jawa Timur,27400.0
2026-07-19,Telur Ayam,Jawa Timur,27600.0
2026-07-20,Telur Ayam,Jawa Timur,27500.0
2026-07-21,Telur Ayam,Jawa Timur,28100.0
2026-07-22,Telur Ayam,Jawa Timur,27700.0
2026-07-23,Telur Ayam,Jawa Timur,28200.0
2026-07-24,Telur Ayam,Jawa Timur,27900.0
2026-07-25,Telur Ayam,Jawa Timur,28100.0
2026-07-26,Telur Ayam,Jawa Timur,28400.0
2026-07-27,Telur Ayam,Jawa Timur,28500.0
2026-07-28,Telur Ayam,Jawa Timur,27500.0
2026-07-29,Telur Ayam,Jawa Timur,28300.0
2026-07-30,Telur Ayam,Jawa Timur,27700.0
2026-07-31,Telur Ayam,Jawa Timur,29200.0
2026-08-01,Telur Ayam,Jawa Timur,27900.0
2026-08-02,Telur Ayam,Jawa Timur,28300.0
2026-08-03,Telur Ayam,Jawa Timur,28000.0
2026-08-04,Telur Ayam,Jawa Timur,27000.0
2026-08-05,Telur Ayam,Jawa Timur,27800.0
2026-08-06,Telur Ayam,Jawa Timur,27600.0
2026-08-07,Telur Ayam,Jawa Timur,27400.0
2026-08-08,Telur Ayam,Jawa Timur,27500.0
2026-08-09,Telur Ayam,Jawa Timur,27600.0
2026-08-10,Telur Ayam,Jawa Timur,26600.0
2026-08-11,Telur Ayam,Jawa Timur,27800.0
2026-08-12,Telur Ayam,Jawa Timur,27700.0
2026-08-13,Telur Ayam,Jawa Timur,28300.0
2026-08-14,Telur Ayam,Jawa Timur,27700.0
2026-08-15,Telur Ayam,Jawa Timur,27200.0
2026-08-16,Telur Ayam,Jawa Timur,27300.0
2026-08-17,Telur Ayam,Jawa Timur,26700.0
2026-08-18,Telur Ayam,Jawa Timur,27800.0
2026-08-19,Telur Ayam,Jawa Timur,27300.0
2026-08-20,Telur Ayam,Jawa Timur,27000.0
2026-08-21,Telur Ayam,Jawa Timur,27600.0
2026-08-22,Telur Ayam,Jawa Timur,27000.0
2026-08-23,Telur Ayam,Jawa Timur,26700.0
2026-08-24,Telur Ayam,Jawa Timur,26900.0
2026-08-25,Telur Ayam,Jawa Timur,27500.0
2026-08-26,Telur Ayam,Jawa Timur,27400.0
2026-08-27,Telur Ayam,Jawa Timur,27200.0
2026-08-28,Telur Ayam,Jawa Timur,26600.0
2026-08-29,Telur Ayam,Jawa Timur,26500.0
2026-08-30,Telur Ayam,Jawa Timur,26700.0
2026-08-31,Telur Ayam,Jawa Timur,27100.0
2026-09-01,Telur Ayam,Jawa Timur,27300.0
2026-09-02,Telur Ayam,Jawa Timur,27400.0
2026-09-03,Telur Ayam,Jawa Timur,27300.0
2026-09-04,Telur Ayam,Jawa Timur,27900.0
2026-09-05,Telur Ayam,Jawa Timur,27300.0
2026-09-06,Telur Ayam,Jawa Timur,27500.0
2026-09-07,Telur Ayam,Jawa Timur,27400.0
2026-09-08,Telur Ayam,Jawa Timur,27400.0
2026-09-09,Telur Ayam,Jawa Timur,27600.0
2026-09-10,Telur Ayam,Jawa Timur,27300.0
2026-09-11,Telur Ayam,Jawa Timur,27300.0
2026-09-12,Telur Ayam,Jawa Timur,26400.0
2026-09-13,Telur Ayam,Jawa Timur,27200.0
2026-09-14,Telur Ayam,Jawa Timur,27200.0
2026-09-15,Telur Ayam,Jawa Timur,26500.0
2026-09-16,Telur Ayam,Jawa Timur,27400.0
2026-09-17,Telur Ayam,Jawa Timur,26700.0
2026-09-18,Telur Ayam,Jawa Timur,26800.0
2026-09-19,Telur Ayam,Jawa Timur,26800.0
2026-09-20,Telur Ayam,Jawa Timur,26300.0
2026-09-21,Telur Ayam,Jawa Timur,27200.0
2026-09-22,Telur Ayam,Jawa Timur,27400.0
2026-09-23,Telur Ayam,Jawa Timur,27700.0
2026-09-24,Telur Ayam,Jawa Timur,27100.0
2026-09-25,Telur Ayam,Jawa Timur,27200.0
2026-09-26,Telur Ayam,Jawa Timur,26900.0
2026-09-27,Telur Ayam,Jawa Timur,26800.0
2026-09-28,Telur Ayam,Jawa Timur,26500.0
2026-09-29,Telur Ayam,Jawa Timur,27400.0
2026-09-30,Telur Ayam,Jawa Timur,27900.0
2024-01-01,Telur Ayam,Sumatera Utara,29800.0
2024-01-02,Telur Ayam,Sumatera Utara,29500.0
2024-01-03,Telur Ayam,Sumatera Utara,30600.0
2024-01-04,Telur Ayam,Sumatera Utara,29900.0
2024-01-05,Telur Ayam,Sumatera Utara,29400.0
2024-01-06,Telur Ayam,Sumatera Utara,29400.0
2024-01-07,Telur Ayam,Sumatera Utara,29100.0
2024-01-08,Telur Ayam,Sumatera Utara,29800.0
2024-01-09,Telur Ayam,Sumatera Utara,30100.0
2024-01-10,Telur Ayam,Sumatera Utara,30200.0
2024-01-11,Telur Ayam,Sumatera Utara,29700.0
2024-01-12,Telur Ayam,Sumatera Utara,28900.0
2024-01-13,Telur Ayam,Sumatera Utara,29600.0
2024-01-14,Telur Ayam,Sumatera Utara,30000.0
2024-01-15,Telur Ayam,Sumatera Utara,29600.0
2024-01-16,Telur Ayam,Sumatera Utara,30200.0
2024-01-17,Telur Ayam,Sumatera Utara,31000.0
2024-01-18,Telur Ayam,Sumatera Utara,29700.0
2024-01-19,Telur Ayam,Sumatera Utara,29800.0
2024-01-20,Telur Ayam,Sumatera Utara,30400.0
2024-01-21,Telur Ayam,Sumatera Utara,29700.0
2024-01-22,Telur Ayam,Sumatera Utara,29700.0
2024-01-23,Telur Ayam,Sumatera Utara,30100.0
2024-01-24,Telur Ayam,Sumatera Utara,30500.0
2024-01-25,Telur Ayam,Sumatera Utara,29900.0
2024-01-26,Telur Ayam,Sumatera Utara,30000.0
2024-01-27,Telur Ayam,Sumatera Utara,29800.0
2024-01-28,Telur Ayam,Sumatera Utara,29800.0
2024-01-29,Telur Ayam,Sumatera Utara,30400.0
2024-01-30,Telur Ayam,Sumatera Utara,30300.0
2024-01-31,Telur Ayam,Sumatera Utara,30100.0
2024-02-01,Telur Ayam,Sumatera Utara,30700.0
2024-02-02,Telur Ayam,Sumatera Utara,30200.0
2024-02-03,Telur Ayam,Sumatera Utara,29800.0
2024-02-04,Telur Ayam,Sumatera Utara,30400.0
2024-02-05,Telur Ayam,Sumatera Utara,30900.0
2024-02-06,Telur Ayam,Sumatera Utara,30500.0
2024-02-07,Telur Ayam,Sumatera Utara,30600.0
2024-02-08,Telur Ayam,Sumatera Utara,29900.0
2024-02-09,Telur Ayam,Sumatera Utara,30100.0
2024-02-10,Telur Ayam,Sumatera Utara,30200.0
2024-02-11,Telur Ayam,Sumatera Utara,30200.0
2024-02-12,Telur Ayam,Sumatera Utara,30300.0
2024-02-13,Telur Ayam,Sumatera Utara,31000.0
2024-02-14,Telur Ayam,Sumatera Utara,30700.0
2024-02-15,Telur Ayam,Sumatera Utara,31700.0
2024-02-16,Telur Ayam,Sumatera Utara,30300.0
2024-02-17,Telur Ayam,Sumatera Utara,28800.0
2024-02-18,Telur Ayam,Sumatera Utara,29700.0
2024-02-19,Telur Ayam,Sumatera Utara,30600.0
2024-02-20,Telur Ayam,Sumatera Utara,30500.0
2024-02-21,Telur Ayam,Sumatera Utara,30600.0
2024-02-22,Telur Ayam,Sumatera Utara,30100.0
2024-02-23,Telur Ayam,Sumatera Utara,30200.0
2024-02-24,Telur Ayam,Sumatera Utara,30400.0
2024-02-25,Telur Ayam,Sumatera Utara,30500.0
2024-02-26,Telur Ayam,Sumatera Utara,30200.0
2024-02-27,Telur Ayam,Sumatera Utara,31300.0
2024-02-28,Telur Ayam,Sumatera Utara,30500.0
2024-02-29,Telur Ayam,Sumatera Utara,31200.0
2024-03-01,Telur Ayam,Sumatera Utara,30900.0
2024-03-02,Telur Ayam,Sumatera Utara,30100.0
2024-03-03,Telur Ayam,Sumatera Utara,30000.0
2024-03-04,Telur Ayam,Sumatera Utara,30900.0
2024-03-05,Telur Ayam,Sumatera Utara,30800.0
2024-03-06,Telur Ayam,Sumatera Utara,31100.0
2024-03-07,Telur Ayam,Sumatera Utara,31400.0
2024-03-08,Telur Ayam,Sumatera Utara,31000.0
2024-03-09,Telur Ayam,Sumatera Utara,30300.0
2024-03-10,Telur Ayam,Sumatera Utara,30800.0
2024-03-11,Telur Ayam,Sumatera Utara,30700.0
2024-03-12,Telur Ayam,Sumatera Utara,31700.0
2024-03-13,Telur Ayam,Sumatera Utara,32000.0
2024-03-14,Telur Ayam,Sumatera Utara,30700.0
2024-03-15,Telur Ayam,Sumatera Utara,30700.0
2024-03-16,Telur Ayam,Sumatera Utara,31000.0
2024-03-17,Telur Ayam,Sumatera Utara,30600.0
2024-03-18,Telur Ayam,Sumatera Utara,31100.0
2024-03-19,Telur Ayam,Sumatera Utara,31100.0
2024-03-20,Telur Ayam,Sumatera Utara,30600.0
2024-03-21,Telur Ayam,Sumatera Utara,31100.0
2024-03-22,Telur Ayam,Sumatera Utara,31300.0
2024-03-23,Telur Ayam,Sumatera Utara,30800.0
2024-03-24,Telur Ayam,Sumatera Utara,31500.0
2024-03-25,Telur Ayam,Sumatera Utara,30200.0
2024-03-26,Telur Ayam,Sumatera Utara,31300.0
2024-03-27,Telur Ayam,Sumatera Utara,31000.0
2024-03-28,Telur Ayam,Sumatera Utara,31100.0
2024-03-29,Telur Ayam,Sumatera Utara,32200.0
2024-03-30,Telur Ayam,Sumatera Utara,31600.0
2024-03-31,Telur Ayam,Sumatera Utara,32000.0
2024-04-01,Telur Ayam,Sumatera Utara,32900.0
2024-04-02,Telur Ayam,Sumatera Utara,32200.0
2024-04-03,Telur Ayam,Sumatera Utara,34300.0
2024-04-04,Telur Ayam,Sumatera Utara,34700.0
2024-04-05,Telur Ayam,Sumatera Utara,34300.0
2024-04-06,Telur Ayam,Sumatera Utara,34200.0
2024-04-07,Telur Ayam,Sumatera Utara,34300.0
2024-04-08,Telur Ayam,Sumatera Utara,34400.0
2024-04-09,Telur Ayam,Sumatera Utara,36000.0
2024-04-10,Telur Ayam,Sumatera Utara,36300.0
2024-04-11,Telur Ayam,Sumatera Utara,31100.0
2024-04-12,Telur Ayam,Sumatera Utara,30800.0
2024-04-13,Telur Ayam,Sumatera Utara,30600.0
2024-04-14,Telur Ayam,Sumatera Utara,30200.0
2024-04-15,Telur Ayam,Sumatera Utara,32000.0
2024-04-16,Telur Ayam,Sumatera Utara,31000.0
2024-04-17,Telur Ayam,Sumatera Utara,31000.0
2024-04-18,Telur Ayam,Sumatera Utara,31500.0
2024-04-19,Telur Ayam,Sumatera Utara,30800.0
2024-04-20,Telur Ayam,Sumatera Utara,30600.0
2024-04-21,Telur Ayam,Sumatera Utara,31300.0
2024-04-22,Telur Ayam,Sumatera Utara,31300.0
2024-04-23,Telur Ayam,Sumatera Utara,31400.0
2024-04-24,Telur Ayam,Sumatera Utara,30400.0
2024-04-25,Telur Ayam,Sumatera Utara,31100.0
2024-04-26,Telur Ayam,Sumatera Utara,30100.0
2024-04-27,Telur Ayam,Sumatera Utara,30100.0
2024-04-28,Telur Ayam,Sumatera Utara,30500.0
2024-04-29,Telur Ayam,Sumatera Utara,30600.0
2024-04-30,Telur Ayam,Sumatera Utara,31300.0
2024-05-01,Telur Ayam,Sumatera Utara,31400.0
2024-05-02,Telur Ayam,Sumatera Utara,31300.0
2024-05-03,Telur Ayam,Sumatera Utara,30000.0
2024-05-04,Telur Ayam,Sumatera Utara,31600.0
2024-05-05,Telur Ayam,Sumatera Utara,30500.0
2024-05-06,Telur Ayam,Sumatera Utara,31200.0
2024-05-07,Telur Ayam,Sumatera Utara,29900.0
2024-05-08,Telur Ayam,Sumatera Utara,30900.0
2024-05-09,Telur Ayam,Sumatera Utara,30300.0
2024-05-10,Telur Ayam,Sumatera Utara,30300.0
2024-05-11,Telur Ayam,Sumatera Utara,30500.0
2024-05-12,Telur Ayam,Sumatera Utara,30200.0
2024-05-13,Telur Ayam,Sumatera Utara,31300.0
2024-05-14,Telur Ayam,Sumatera Utara,31600.0
2024-05-15,Telur Ayam,Sumatera Utara,30400.0
2024-05-16,Telur Ayam,Sumatera Utara,30600.0
2024-05-17,Telur Ayam,Sumatera Utara,30000.0
2024-05-18,Telur Ayam,Sumatera Utara,30800.0
2024-05-19,Telur Ayam,Sumatera Utara,30400.0
2024-05-20,Telur Ayam,Sumatera Utara,30600.0
2024-05-21,Telur Ayam,Sumatera Utara,30900.0
2024-05-22,Telur Ayam,Sumatera Utara,30700.0
2024-05-23,Telur Ayam,Sumatera Utara,30300.0
2024-05-24,Telur Ayam,Sumatera Utara,30500.0
2024-05-25,Telur Ayam,Sumatera Utara,30100.0
2024-05-26,Telur Ayam,Sumatera Utara,30500.0
2024-05-27,Telur Ayam,Sumatera Utara,29800.0
2024-05-28,Telur Ayam,Sumatera Utara,30800.0
2024-05-29,Telur Ayam,Sumatera Utara,30400.0
2024-05-30,Telur Ayam,Sumatera Utara,30500.0
2024-05-31,Telur Ayam,Sumatera Utara,30500.0
2024-06-01,Telur Ayam,Sumatera Utara,29700.0
2024-06-02,Telur Ayam,Sumatera Utara,30500.0
2024-06-03,Telur Ayam,Sumatera Utara,29400.0
2024-06-04,Telur Ayam,Sumatera Utara,31600.0
2024-06-05,Telur Ayam,Sumatera Utara,31800.0
2024-06-06,Telur Ayam,Sumatera Utara,31000.0
2024-06-07,Telur Ayam,Sumatera Utara,31100.0
2024-06-08,Telur Ayam,Sumatera Utara,30900.0
2024-06-09,Telur Ayam,Sumatera Utara,32200.0
2024-06-10,Telur Ayam,Sumatera Utara,32300.0
2024-06-11,Telur Ayam,Sumatera Utara,32900.0
2024-06-12,Telur Ayam,Sumatera Utara,32800.0
2024-06-13,Telur Ayam,Sumatera Utara,34400.0
2024-06-14,Telur Ayam,Sumatera Utara,33200.0
2024-06-15,Telur Ayam,Sumatera Utara,33800.0
2024-06-16,Telur Ayam,Sumatera Utara,34200.0
2024-06-17,Telur Ayam,Sumatera Utara,34500.0
2024-06-18,Telur Ayam,Sumatera Utara,30000.0
2024-06-19,Telur Ayam,Sumatera Utara,30200.0
2024-06-20,Telur Ayam,Sumatera Utara,30400.0
2024-06-21,Telur Ayam,Sumatera Utara,29600.0
2024-06-22,Telur Ayam,Sumatera Utara,30300.0
2024-06-23,Telur Ayam,Sumatera Utara,29300.0
2024-06-24,Telur Ayam,Sumatera Utara,30200.0
2024-06-25,Telur Ayam,Sumatera Utara,29300.0
2024-06-26,Telur Ayam,Sumatera Utara,29800.0
2024-06-27,Telur Ayam,Sumatera Utara,29600.0
2024-06-28,Telur Ayam,Sumatera Utara,29200.0
2024-06-29,Telur Ayam,Sumatera Utara,29600.0
2024-06-30,Telur Ayam,Sumatera Utara,29300.0
2024-07-01,Telur Ayam,Sumatera Utara,28600.0
2024-07-02,Telur Ayam,Sumatera Utara,30800.0
2024-07-03,Telur Ayam,Sumatera Utara,30200.0
2024-07-04,Telur Ayam,Sumatera Utara,29900.0
2024-07-05,Telur Ayam,Sumatera Utara,30200.0
2024-07-06,Telur Ayam,Sumatera Utara,29700.0
2024-07-07,Telur Ayam,Sumatera Utara,29300.0
2024-07-08,Telur Ayam,Sumatera Utara,28800.0
2024-07-09,Telur Ayam,Sumatera Utara,30200.0
2024-07-10,Telur Ayam,Sumatera Utara,29500.0
2024-07-11,Telur Ayam,Sumatera Utara,30300.0
2024-07-12,Telur Ayam,Sumatera Utara,29100.0
2024-07-13,Telur Ayam,Sumatera Utara,29200.0
2024-07-14,Telur Ayam,Sumatera Utara,28800.0
2024-07-15,Telur Ayam,Sumatera Utara,29000.0
2024-07-16,Telur Ayam,Sumatera Utara,29700.0
2024-07-17,Telur Ayam,Sumatera Utara,29500.0
2024-07-18,Telur Ayam,Sumatera Utara,29200.0
2024-07-19,Telur Ayam,Sumatera Utara,29900.0
2024-07-20,Telur Ayam,Sumatera Utara,29100.0
2024-07-21,Telur Ayam,Sumatera Utara,28800.0
2024-07-22,Telur Ayam,Sumatera Utara,27800.0
2024-07-23,Telur Ayam,Sumatera Utara,29600.0
2024-07-24,Telur Ayam,Sumatera Utara,30600.0
2024-07-25,Telur Ayam,Sumatera Utara,29000.0
2024-07-26,Telur Ayam,Sumatera Utara,28400.0
2024-07-27,Telur Ayam,Sumatera Utara,28700.0
2024-07-28,Telur Ayam,Sumatera Utara,28100.0
2024-07-29,Telur Ayam,Sumatera Utara,29100.0
2024-07-30,Telur Ayam,Sumatera Utara,29800.0
2024-07-31,Telur Ayam,Sumatera Utara,28900.0
2024-08-01,Telur Ayam,Sumatera Utara,28800.0
2024-08-02,Telur Ayam,Sumatera Utara,28800.0
2024-08-03,Telur Ayam,Sumatera Utara,28500.0
2024-08-04,Telur Ayam,Sumatera Utara,28100.0
2024-08-05,Telur Ayam,Sumatera Utara,28800.0
2024-08-06,Telur Ayam,Sumatera Utara,29000.0
2024-08-07,Telur Ayam,Sumatera Utara,29800.0
2024-08-08,Telur Ayam,Sumatera Utara,29400.0
2024-08-09,Telur Ayam,Sumatera Utara,29300.0
2024-08-10,Telur Ayam,Sumatera Utara,28900.0
2024-08-11,Telur Ayam,Sumatera Utara,28700.0
2024-08-12,Telur Ayam,Sumatera Utara,28400.0
2024-08-13,Telur Ayam,Sumatera Utara,29500.0
2024-08-14,Telur Ayam,Sumatera Utara,29100.0
2024-08-15,Telur Ayam,Sumatera Utara,28200.0
2024-08-16,Telur Ayam,Sumatera Utara,28000.0
2024-08-17,Telur Ayam,Sumatera Utara,27700.0
2024-08-18,Telur Ayam,Sumatera Utara,27300.0
2024-08-19,Telur Ayam,Sumatera Utara,28500.0
2024-08-20,Telur Ayam,Sumatera Utara,28000.0
2024-08-21,Telur Ayam,Sumatera Utara,28300.0
2024-08-22,Telur Ayam,Sumatera Utara,28400.0
2024-08-23,Telur Ayam,Sumatera Utara,28000.0
2024-08-24,Telur Ayam,Sumatera Utara,27600.0
2024-08-25,Telur Ayam,Sumatera Utara,28600.0
2024-08-26,Telur Ayam,Sumatera Utara,27500.0
2024-08-27,Telur Ayam,Sumatera Utara,27700.0
2024-08-28,Telur Ayam,Sumatera Utara,28600.0
2024-08-29,Telur Ayam,Sumatera Utara,27800.0
2024-08-30,Telur Ayam,Sumatera Utara,27600.0
2024-08-31,Telur Ayam,Sumatera Utara,27200.0
2024-09-01,Telur Ayam,Sumatera Utara,27900.0
2024-09-02,Telur Ayam,Sumatera Utara,28100.0
2024-09-03,Telur Ayam,Sumatera Utara,28200.0
2024-09-04,Telur Ayam,Sumatera Utara,27900.0
2024-09-05,Telur Ayam,Sumatera Utara,27700.0
2024-09-06,Telur Ayam,Sumatera Utara,27800.0
2024-09-07,Telur Ayam,Sumatera Utara,28100.0
2024-09-08,Telur Ayam,Sumatera Utara,28400.0
2024-09-09,Telur Ayam,Sumatera Utara,28500.0
2024-09-10,Telur Ayam,Sumatera Utara,28400.0
2024-09-11,Telur Ayam,Sumatera Utara,28700.0
2024-09-12,Telur Ayam,Sumatera Utara,27700.0
2024-09-13,Telur Ayam,Sumatera Utara,27500.0
2024-09-14,Telur Ayam,Sumatera Utara,27800.0
2024-09-15,Telur Ayam,Sumatera Utara,27500.0
2024-09-16,Telur Ayam,Sumatera Utara,27900.0
2024-09-17,Telur Ayam,Sumatera Utara,28500.0
2024-09-18,Telur Ayam,Sumatera Utara,28400.0
2024-09-19,Telur Ayam,Sumatera Utara,27400.0
2024-09-20,Telur Ayam,Sumatera Utara,27600.0
2024-09-21,Telur Ayam,Sumatera Utara,26900.0
2024-09-22,Telur Ayam,Sumatera Utara,27000.0
2024-09-23,Telur Ayam,Sumatera Utara,26800.0
2024-09-24,Telur Ayam,Sumatera Utara,27800.0
2024-09-25,Telur Ayam,Sumatera Utara,27000.0
2024-09-26,Telur Ayam,Sumatera Utara,27800.0
2024-09-27,Telur Ayam,Sumatera Utara,28000.0
2024-09-28,Telur Ayam,Sumatera Utara,27600.0
2024-09-29,Telur Ayam,Sumatera Utara,27500.0
2024-09-30,Telur Ayam,Sumatera Utara,28300.0
2024-10-01,Telur Ayam,Sumatera Utara,27900.0
2024-10-02,Telur Ayam,Sumatera Utara,27400.0
2024-10-03,Telur Ayam,Sumatera Utara,27700.0
2024-10-04,Telur Ayam,Sumatera Utara,28200.0
2024-10-05,Telur Ayam,Sumatera Utara,26700.0
2024-10-06,Telur Ayam,Sumatera Utara,26600.0
2024-10-07,Telur Ayam,Sumatera Utara,27600.0
2024-10-08,Telur Ayam,Sumatera Utara,27600.0
2024-10-09,Telur Ayam,Sumatera Utara,27500.0
2024-10-10,Telur Ayam,Sumatera Utara,27100.0
2024-10-11,Telur Ayam,Sumatera Utara,26600.0
2024-10-12,Telur Ayam,Sumatera Utara,26800.0
2024-10-13,Telur Ayam,Sumatera Utara,28200.0
2024-10-14,Telur Ayam,Sumatera Utara,27700.0
2024-10-15,Telur Ayam,Sumatera Utara,27100.0
2024-10-16,Telur Ayam,Sumatera Utara,28600.0
2024-10-17,Telur Ayam,Sumatera Utara,28400.0
2024-10-18,Telur Ayam,Sumatera Utara,28100.0
2024-10-19,Telur Ayam,Sumatera Utara,27200.0
2024-10-20,Telur Ayam,Sumatera Utara,27400.0
2024-10-21,Telur Ayam,Sumatera Utara,27800.0
2024-10-22,Telur Ayam,Sumatera Utara,28500.0
2024-10-23,Telur Ayam,Sumatera Utara,27700.0
2024-10-24,Telur Ayam,Sumatera Utara,27500.0
2024-10-25,Telur Ayam,Sumatera Utara,27800.0
2024-10-26,Telur Ayam,Sumatera Utara,27900.0
2024-10-27,Telur Ayam,Sumatera Utara,27500.0
2024-10-28,Telur Ayam,Sumatera Utara,28000.0
2024-10-29,Telur Ayam,Sumatera Utara,27900.0
2024-10-30,Telur Ayam,Sumatera Utara,27800.0
2024-10-31,Telur Ayam,Sumatera Utara,27400.0
2024-11-01,Telur Ayam,Sumatera Utara,27000.0
2024-11-02,Telur Ayam,Sumatera Utara,27200.0
2024-11-03,Telur Ayam,Sumatera Utara,27200.0
2024-11-04,Telur Ayam,Sumatera Utara,28000.0
2024-11-05,Telur Ayam,Sumatera Utara,28600.0
2024-11-06,Telur Ayam,Sumatera Utara,28200.0
2024-11-07,Telur Ayam,Sumatera Utara,27600.0
2024-11-08,Telur Ayam,Sumatera Utara,28200.0
2024-11-09,Telur Ayam,Sumatera Utara,27800.0
2024-11-10,Telur Ayam,Sumatera Utara,27900.0
2024-11-11,Telur Ayam,Sumatera Utara,27800.0
2024-11-12,Telur Ayam,Sumatera Utara,28700.0
2024-11-13,Telur Ayam,Sumatera Utara,28900.0
2024-11-14,Telur Ayam,Sumatera Utara,28200.0
2024-11-15,Telur Ayam,Sumatera Utara,28300.0
2024-11-16,Telur Ayam,Sumatera Utara,28300.0
2024-11-17,Telur Ayam,Sumatera Utara,27700.0
2024-11-18,Telur Ayam,Sumatera Utara,28100.0
2024-11-19,Telur Ayam,Sumatera Utara,28400.0
2024-11-20,Telur Ayam,Sumatera Utara,28000.0
2024-11-21,Telur Ayam,Sumatera Utara,28500.0
2024-11-22,Telur Ayam,Sumatera Utara,28500.0
2024-11-23,Telur Ayam,Sumatera Utara,27800.0
2024-11-24,Telur Ayam,Sumatera Utara,28100.0
2024-11-25,Telur Ayam,Sumatera Utara,28800.0
2024-11-26,Telur Ayam,Sumatera Utara,28400.0
2024-11-27,Telur Ayam,Sumatera Utara,28800.0
2024-11-28,Telur Ayam,Sumatera Utara,28300.0
2024-11-29,Telur Ayam,Sumatera Utara,28100.0
2024-11-30,Telur Ayam,Sumatera Utara,28400.0
2024-12-01,Telur Ayam,Sumatera Utara,28500.0
2024-12-02,Telur Ayam,Sumatera Utara,28800.0
2024-12-03,Telur Ayam,Sumatera Utara,28900.0
2024-12-04,Telur Ayam,Sumatera Utara,29200.0
2024-12-05,Telur Ayam,Sumatera Utara,29500.0
2024-12-06,Telur Ayam,Sumatera Utara,29100.0
2024-12-07,Telur Ayam,Sumatera Utara,28600.0
2024-12-08,Telur Ayam,Sumatera Utara,28600.0
2024-12-09,Telur Ayam,Sumatera Utara,28400.0
2024-12-10,Telur Ayam,Sumatera Utara,28700.0
2024-12-11,Telur Ayam,Sumatera Utara,29000.0
2024-12-12,Telur Ayam,Sumatera Utara,28600.0
2024-12-13,Telur Ayam,Sumatera Utara,28800.0
2024-12-14,Telur Ayam,Sumatera Utara,28800.0
2024-12-15,Telur Ayam,Sumatera Utara,28300.0
2024-12-16,Telur Ayam,Sumatera Utara,27600.0
2024-12-17,Telur Ayam,Sumatera Utara,29600.0
2024-12-18,Telur Ayam,Sumatera Utara,28500.0
2024-12-19,Telur Ayam,Sumatera Utara,28800.0
2024-12-20,Telur Ayam,Sumatera Utara,29000.0
2024-12-21,Telur Ayam,Sumatera Utara,29100.0
2024-12-22,Telur Ayam,Sumatera Utara,29300.0
2024-12-23,Telur Ayam,Sumatera Utara,28600.0
2024-12-24,Telur Ayam,Sumatera Utara,29500.0
2024-12-25,Telur Ayam,Sumatera Utara,29200.0
2024-12-26,Telur Ayam,Sumatera Utara,30100.0
2024-12-27,Telur Ayam,Sumatera Utara,29000.0
2024-12-28,Telur Ayam,Sumatera Utara,28200.0
2024-12-29,Telur Ayam,Sumatera Utara,28100.0
2024-12-30,Telur Ayam,Sumatera Utara,27500.0
2024-12-31,Telur Ayam,Sumatera Utara,29300.0
2025-01-01,Telur Ayam,Sumatera Utara,29600.0
2025-01-02,Telur Ayam,Sumatera Utara,29400.0
2025-01-03,Telur Ayam,Sumatera Utara,27800.0
2025-01-04,Telur Ayam,Sumatera Utara,28100.0
2025-01-05,Telur Ayam,Sumatera Utara,29000.0
2025-01-06,Telur Ayam,Sumatera Utara,29700.0
2025-01-07,Telur Ayam,Sumatera Utara,29000.0
2025-01-08,Telur Ayam,Sumatera Utara,29600.0
2025-01-09,Telur Ayam,Sumatera Utara,28500.0
2025-01-10,Telur Ayam,Sumatera Utara,28800.0
2025-01-11,Telur Ayam,Sumatera Utara,28500.0
2025-01-12,Telur Ayam,Sumatera Utara,29200.0
2025-01-13,Telur Ayam,Sumatera Utara,28700.0
2025-01-14,Telur Ayam,Sumatera Utara,29900.0
2025-01-15,Telur Ayam,Sumatera Utara,29000.0
2025-01-16,Telur Ayam,Sumatera Utara,28500.0
2025-01-17,Telur Ayam,Sumatera Utara,28300.0
2025-01-18,Telur Ayam,Sumatera Utara,28400.0
2025-01-19,Telur Ayam,Sumatera Utara,28900.0
2025-01-20,Telur Ayam,Sumatera Utara,28700.0
2025-01-21,Telur Ayam,Sumatera Utara,28800.0
2025-01-22,Telur Ayam,Sumatera Utara,29600.0
2025-01-23,Telur Ayam,Sumatera Utara,27600.0
2025-01-24,Telur Ayam,Sumatera Utara,28700.0
2025-01-25,Telur Ayam,Sumatera Utara,28100.0
2025-01-26,Telur Ayam,Sumatera Utara,28500.0
2025-01-27,Telur Ayam,Sumatera Utara,29200.0
2025-01-28,Telur Ayam,Sumatera Utara,29200.0
2025-01-29,Telur Ayam,Sumatera Utara,29200.0
2025-01-30,Telur Ayam,Sumatera Utara,29800.0
2025-01-31,Telur Ayam,Sumatera Utara,29000.0
2025-02-01,Telur Ayam,Sumatera Utara,29700.0
2025-02-02,Telur Ayam,Sumatera Utara,29300.0
2025-02-03,Telur Ayam,Sumatera Utara,28800.0
2025-02-04,Telur Ayam,Sumatera Utara,30400.0
2025-02-05,Telur Ayam,Sumatera Utara,29600.0
2025-02-06,Telur Ayam,Sumatera Utara,30200.0
2025-02-07,Telur Ayam,Sumatera Utara,28900.0
2025-02-08,Telur Ayam,Sumatera Utara,29000.0
2025-02-09,Telur Ayam,Sumatera Utara,29100.0
2025-02-10,Telur Ayam,Sumatera Utara,29100.0
2025-02-11,Telur Ayam,Sumatera Utara,30100.0
2025-02-12,Telur Ayam,Sumatera Utara,30500.0
2025-02-13,Telur Ayam,Sumatera Utara,28300.0
2025-02-14,Telur Ayam,Sumatera Utara,29500.0
2025-02-15,Telur Ayam,Sumatera Utara,28500.0
2025-02-16,Telur Ayam,Sumatera Utara,27800.0
2025-02-17,Telur Ayam,Sumatera Utara,29500.0
2025-02-18,Telur Ayam,Sumatera Utara,29800.0
2025-02-19,Telur Ayam,Sumatera Utara,30000.0
2025-02-20,Telur Ayam,Sumatera Utara,29700.0
2025-02-21,Telur Ayam,Sumatera Utara,29600.0
2025-02-22,Telur Ayam,Sumatera Utara,28800.0
2025-02-23,Telur Ayam,Sumatera Utara,29400.0
2025-02-24,Telur Ayam,Sumatera Utara,30000.0
2025-02-25,Telur Ayam,Sumatera Utara,30500.0
2025-02-26,Telur Ayam,Sumatera Utara,30100.0
2025-02-27,Telur Ayam,Sumatera Utara,29800.0
2025-02-28,Telur Ayam,Sumatera Utara,29700.0
2025-03-01,Telur Ayam,Sumatera Utara,29000.0
2025-03-02,Telur Ayam,Sumatera Utara,29900.0
2025-03-03,Telur Ayam,Sumatera Utara,29000.0
2025-03-04,Telur Ayam,Sumatera Utara,30200.0
2025-03-05,Telur Ayam,Sumatera Utara,30100.0
2025-03-06,Telur Ayam,Sumatera Utara,29100.0
2025-03-07,Telur Ayam,Sumatera Utara,28900.0
2025-03-08,Telur Ayam,Sumatera Utara,29000.0
2025-03-09,Telur Ayam,Sumatera Utara,29400.0
2025-03-10,Telur Ayam,Sumatera Utara,30500.0
2025-03-11,Telur Ayam,Sumatera Utara,30100.0
2025-03-12,Telur Ayam,Sumatera Utara,30400.0
2025-03-13,Telur Ayam,Sumatera Utara,30600.0
2025-03-14,Telur Ayam,Sumatera Utara,30300.0
2025-03-15,Telur Ayam,Sumatera Utara,29500.0
2025-03-16,Telur Ayam,Sumatera Utara,29300.0
2025-03-17,Telur Ayam,Sumatera Utara,30200.0
2025-03-18,Telur Ayam,Sumatera Utara,30200.0
2025-03-19,Telur Ayam,Sumatera Utara,31800.0
2025-03-20,Telur Ayam,Sumatera Utara,31500.0
2025-03-21,Telur Ayam,Sumatera Utara,31300.0
2025-03-22,Telur Ayam,Sumatera Utara,31500.0
2025-03-23,Telur Ayam,Sumatera Utara,31700.0
2025-03-24,Telur Ayam,Sumatera Utara,31900.0
2025-03-25,Telur Ayam,Sumatera Utara,33000.0
2025-03-26,Telur Ayam,Sumatera Utara,33100.0
2025-03-27,Telur Ayam,Sumatera Utara,34400.0
2025-03-28,Telur Ayam,Sumatera Utara,33300.0
2025-03-29,Telur Ayam,Sumatera Utara,33900.0
2025-03-30,Telur Ayam,Sumatera Utara,33700.0
2025-03-31,Telur Ayam,Sumatera Utara,34300.0
2025-04-01,Telur Ayam,Sumatera Utara,29400.0
2025-04-02,Telur Ayam,Sumatera Utara,30600.0
2025-04-03,Telur Ayam,Sumatera Utara,30000.0
2025-04-04,Telur Ayam,Sumatera Utara,30400.0
2025-04-05,Telur Ayam,Sumatera Utara,29700.0
2025-04-06,Telur Ayam,Sumatera Utara,29600.0
2025-04-07,Telur Ayam,Sumatera Utara,28900.0
2025-04-08,Telur Ayam,Sumatera Utara,30000.0
2025-04-09,Telur Ayam,Sumatera Utara,29600.0
2025-04-10,Telur Ayam,Sumatera Utara,29000.0
2025-04-11,Telur Ayam,Sumatera Utara,29600.0
2025-04-12,Telur Ayam,Sumatera Utara,28500.0
2025-04-13,Telur Ayam,Sumatera Utara,28300.0
2025-04-14,Telur Ayam,Sumatera Utara,30200.0
2025-04-15,Telur Ayam,Sumatera Utara,29600.0
2025-04-16,Telur Ayam,Sumatera Utara,29100.0
2025-04-17,Telur Ayam,Sumatera Utara,29200.0
2025-04-18,Telur Ayam,Sumatera Utara,29100.0
2025-04-19,Telur Ayam,Sumatera Utara,29900.0
2025-04-20,Telur Ayam,Sumatera Utara,28600.0
2025-04-21,Telur Ayam,Sumatera Utara,29000.0
2025-04-22,Telur Ayam,Sumatera Utara,30400.0
2025-04-23,Telur Ayam,Sumatera Utara,29700.0
2025-04-24,Telur Ayam,Sumatera Utara,29800.0
2025-04-25,Telur Ayam,Sumatera Utara,29300.0
2025-04-26,Telur Ayam,Sumatera Utara,30400.0
2025-04-27,Telur Ayam,Sumatera Utara,28900.0
2025-04-28,Telur Ayam,Sumatera Utara,29800.0
2025-04-29,Telur Ayam,Sumatera Utara,30500.0
2025-04-30,Telur Ayam,Sumatera Utara,29600.0
2025-05-01,Telur Ayam,Sumatera Utara,29300.0
2025-05-02,Telur Ayam,Sumatera Utara,29700.0
2025-05-03,Telur Ayam,Sumatera Utara,29700.0
2025-05-04,Telur Ayam,Sumatera Utara,29000.0
2025-05-05,Telur Ayam,Sumatera Utara,30200.0
2025-05-06,Telur Ayam,Sumatera Utara,29800.0
2025-05-07,Telur Ayam,Sumatera Utara,30000.0
2025-05-08,Telur Ayam,Sumatera Utara,30300.0
2025-05-09,Telur Ayam,Sumatera Utara,29800.0
2025-05-10,Telur Ayam,Sumatera Utara,29300.0
2025-05-11,Telur Ayam,Sumatera Utara,29000.0
2025-05-12,Telur Ayam,Sumatera Utara,30900.0
2025-05-13,Telur Ayam,Sumatera Utara,29500.0
2025-05-14,Telur Ayam,Sumatera Utara,30100.0
2025-05-15,Telur Ayam,Sumatera Utara,30000.0
2025-05-16,Telur Ayam,Sumatera Utara,29800.0
2025-05-17,Telur Ayam,Sumatera Utara,30400.0
2025-05-18,Telur Ayam,Sumatera Utara,29600.0
2025-05-19,Telur Ayam,Sumatera Utara,29900.0
2025-05-20,Telur Ayam,Sumatera Utara,30900.0
2025-05-21,Telur Ayam,Sumatera Utara,30200.0
2025-05-22,Telur Ayam,Sumatera Utara,30600.0
2025-05-23,Telur Ayam,Sumatera Utara,30100.0
2025-05-24,Telur Ayam,Sumatera Utara,30500.0
2025-05-25,Telur Ayam,Sumatera Utara,30800.0
2025-05-26,Telur Ayam,Sumatera Utara,30800.0
2025-05-27,Telur Ayam,Sumatera Utara,30700.0
2025-05-28,Telur Ayam,Sumatera Utara,31200.0
2025-05-29,Telur Ayam,Sumatera Utara,31200.0
2025-05-30,Telur Ayam,Sumatera Utara,32100.0
2025-05-31,Telur Ayam,Sumatera Utara,31200.0
2025-06-01,Telur Ayam,Sumatera Utara,32500.0
2025-06-02,Telur Ayam,Sumatera Utara,33300.0
2025-06-03,Telur Ayam,Sumatera Utara,34200.0
2025-06-04,Telur Ayam,Sumatera Utara,34300.0
2025-06-05,Telur Ayam,Sumatera Utara,34700.0
2025-06-06,Telur Ayam,Sumatera Utara,34400.0
2025-06-07,Telur Ayam,Sumatera Utara,29300.0
2025-06-08,Telur Ayam,Sumatera Utara,29500.0
2025-06-09,Telur Ayam,Sumatera Utara,29200.0
2025-06-10,Telur Ayam,Sumatera Utara,30000.0
2025-06-11,Telur Ayam,Sumatera Utara,29300.0
2025-06-12,Telur Ayam,Sumatera Utara,30500.0
2025-06-13,Telur Ayam,Sumatera Utara,29300.0
2025-06-14,Telur Ayam,Sumatera Utara,29600.0
2025-06-15,Telur Ayam,Sumatera Utara,29700.0
2025-06-16,Telur Ayam,Sumatera Utara,30300.0
2025-06-17,Telur Ayam,Sumatera Utara,29200.0
2025-06-18,Telur Ayam,Sumatera Utara,30000.0
2025-06-19,Telur Ayam,Sumatera Utara,30200.0
2025-06-20,Telur Ayam,Sumatera Utara,30400.0
2025-06-21,Telur Ayam,Sumatera Utara,29300.0
2025-06-22,Telur Ayam,Sumatera Utara,29100.0
2025-06-23,Telur Ayam,Sumatera Utara,30500.0
2025-06-24,Telur Ayam,Sumatera Utara,30100.0
2025-06-25,Telur Ayam,Sumatera Utara,30500.0
2025-06-26,Telur Ayam,Sumatera Utara,29200.0
2025-06-27,Telur Ayam,Sumatera Utara,29700.0
2025-06-28,Telur Ayam,Sumatera Utara,28800.0
2025-06-29,Telur Ayam,Sumatera Utara,28900.0
2025-06-30,Telur Ayam,Sumatera Utara,29800.0
2025-07-01,Telur Ayam,Sumatera Utara,30000.0
2025-07-02,Telur Ayam,Sumatera Utara,29500.0
2025-07-03,Telur Ayam,Sumatera Utara,30200.0
2025-07-04,Telur Ayam,Sumatera Utara,29000.0
2025-07-05,Telur Ayam,Sumatera Utara,28800.0
2025-07-06,Telur Ayam,Sumatera Utara,29000.0
2025-07-07,Telur Ayam,Sumatera Utara,29100.0
2025-07-08,Telur Ayam,Sumatera Utara,30000.0
2025-07-09,Telur Ayam,Sumatera Utara,28900.0
2025-07-10,Telur Ayam,Sumatera Utara,28900.0
2025-07-11,Telur Ayam,Sumatera Utara,28300.0
2025-07-12,Telur Ayam,Sumatera Utara,29500.0
2025-07-13,Telur Ayam,Sumatera Utara,28600.0
2025-07-14,Telur Ayam,Sumatera Utara,28600.0
2025-07-15,Telur Ayam,Sumatera Utara,28900.0
2025-07-16,Telur Ayam,Sumatera Utara,29500.0
2025-07-17,Telur Ayam,Sumatera Utara,29300.0
2025-07-18,Telur Ayam,Sumatera Utara,28500.0
2025-07-19,Telur Ayam,Sumatera Utara,28300.0
2025-07-20,Telur Ayam,Sumatera Utara,27900.0
2025-07-21,Telur Ayam,Sumatera Utara,28800.0
2025-07-22,Telur Ayam,Sumatera Utara,29600.0
2025-07-23,Telur Ayam,Sumatera Utara,28800.0
2025-07-24,Telur Ayam,Sumatera Utara,29100.0
2025-07-25,Telur Ayam,Sumatera Utara,28300.0
2025-07-26,Telur Ayam,Sumatera Utara,27900.0
2025-07-27,Telur Ayam,Sumatera Utara,28700.0
2025-07-28,Telur Ayam,Sumatera Utara,29700.0
2025-07-29,Telur Ayam,Sumatera Utara,29100.0
2025-07-30,Telur Ayam,Sumatera Utara,28800.0
2025-07-31,Telur Ayam,Sumatera Utara,28700.0
2025-08-01,Telur Ayam,Sumatera Utara,29500.0
2025-08-02,Telur Ayam,Sumatera Utara,28600.0
2025-08-03,Telur Ayam,Sumatera Utara,28100.0
2025-08-04,Telur Ayam,Sumatera Utara,28600.0
2025-08-05,Telur Ayam,Sumatera Utara,29000.0
2025-08-06,Telur Ayam,Sumatera Utara,29000.0
2025-08-07,Telur Ayam,Sumatera Utara,29300.0
2025-08-08,Telur Ayam,Sumatera Utara,28900.0
2025-08-09,Telur Ayam,Sumatera Utara,28200.0
2025-08-10,Telur Ayam,Sumatera Utara,28100.0
2025-08-11,Telur Ayam,Sumatera Utara,28500.0
2025-08-12,Telur Ayam,Sumatera Utara,28200.0
2025-08-13,Telur Ayam,Sumatera Utara,29000.0
2025-08-14,Telur Ayam,Sumatera Utara,28300.0
2025-08-15,Telur Ayam,Sumatera Utara,28400.0
2025-08-16,Telur Ayam,Sumatera Utara,28800.0
2025-08-17,Telur Ayam,Sumatera Utara,28400.0
2025-08-18,Telur Ayam,Sumatera Utara,28400.0
2025-08-19,Telur Ayam,Sumatera Utara,28200.0
2025-08-20,Telur Ayam,Sumatera Utara,28400.0
2025-08-21,Telur Ayam,Sumatera Utara,27700.0
2025-08-22,Telur Ayam,Sumatera Utara,28300.0
2025-08-23,Telur Ayam,Sumatera Utara,27000.0
2025-08-24,Telur Ayam,Sumatera Utara,28500.0
2025-08-25,Telur Ayam,Sumatera Utara,28600.0
2025-08-26,Telur Ayam,Sumatera Utara,28500.0
2025-08-27,Telur Ayam,Sumatera Utara,28300.0
2025-08-28,Telur Ayam,Sumatera Utara,28300.0
2025-08-29,Telur Ayam,Sumatera Utara,27300.0
2025-08-30,Telur Ayam,Sumatera Utara,28200.0
2025-08-31,Telur Ayam,Sumatera Utara,27800.0
2025-09-01,Telur Ayam,Sumatera Utara,28800.0
2025-09-02,Telur Ayam,Sumatera Utara,28400.0
2025-09-03,Telur Ayam,Sumatera Utara,28500.0
2025-09-04,Telur Ayam,Sumatera Utara,28500.0
2025-09-05,Telur Ayam,Sumatera Utara,27600.0
2025-09-06,Telur Ayam,Sumatera Utara,27700.0
2025-09-07,Telur Ayam,Sumatera Utara,28000.0
2025-09-08,Telur Ayam,Sumatera Utara,28000.0
2025-09-09,Telur Ayam,Sumatera Utara,28100.0
2025-09-10,Telur Ayam,Sumatera Utara,28300.0
2025-09-11,Telur Ayam,Sumatera Utara,28200.0
2025-09-12,Telur Ayam,Sumatera Utara,29100.0
2025-09-13,Telur Ayam,Sumatera Utara,27800.0
2025-09-14,Telur Ayam,Sumatera Utara,27700.0
2025-09-15,Telur Ayam,Sumatera Utara,28100.0
2025-09-16,Telur Ayam,Sumatera Utara,29000.0
2025-09-17,Telur Ayam,Sumatera Utara,29100.0
2025-09-18,Telur Ayam,Sumatera Utara,29100.0
2025-09-19,Telur Ayam,Sumatera Utara,28000.0
2025-09-20,Telur Ayam,Sumatera Utara,28100.0
2025-09-21,Telur Ayam,Sumatera Utara,27400.0
2025-09-22,Telur Ayam,Sumatera Utara,27800.0
2025-09-23,Telur Ayam,Sumatera Utara,27800.0
2025-09-24,Telur Ayam,Sumatera Utara,28500.0
2025-09-25,Telur Ayam,Sumatera Utara,28200.0
2025-09-26,Telur Ayam,Sumatera Utara,28000.0
2025-09-27,Telur Ayam,Sumatera Utara,27400.0
2025-09-28,Telur Ayam,Sumatera Utara,28100.0
2025-09-29,Telur Ayam,Sumatera Utara,26800.0
2025-09-30,Telur Ayam,Sumatera Utara,28100.0
2025-10-01,Telur Ayam,Sumatera Utara,28300.0
2025-10-02,Telur Ayam,Sumatera Utara,27300.0
2025-10-03,Telur Ayam,Sumatera Utara,28200.0
2025-10-04,Telur Ayam,Sumatera Utara,27900.0
2025-10-05,Telur Ayam,Sumatera Utara,28200.0
2025-10-06,Telur Ayam,Sumatera Utara,29000.0
2025-10-07,Telur Ayam,Sumatera Utara,28500.0
2025-10-08,Telur Ayam,Sumatera Utara,28800.0
2025-10-09,Telur Ayam,Sumatera Utara,28800.0
2025-10-10,Telur Ayam,Sumatera Utara,28200.0
2025-10-11,Telur Ayam,Sumatera Utara,27500.0
2025-10-12,Telur Ayam,Sumatera Utara,27200.0
2025-10-13,Telur Ayam,Sumatera Utara,28300.0
2025-10-14,Telur Ayam,Sumatera Utara,28200.0
2025-10-15,Telur Ayam,Sumatera Utara,29000.0
2025-10-16,Telur Ayam,Sumatera Utara,28100.0
2025-10-17,Telur Ayam,Sumatera Utara,28100.0
2025-10-18,Telur Ayam,Sumatera Utara,27300.0
2025-10-19,Telur Ayam,Sumatera Utara,27800.0
2025-10-20,Telur Ayam,Sumatera Utara,27800.0
2025-10-21,Telur Ayam,Sumatera Utara,28100.0
2025-10-22,Telur Ayam,Sumatera Utara,28600.0
2025-10-23,Telur Ayam,Sumatera Utara,28200.0
2025-10-24,Telur Ayam,Sumatera Utara,29300.0
2025-10-25,Telur Ayam,Sumatera Utara,28400.0
2025-10-26,Telur Ayam,Sumatera Utara,28600.0
2025-10-27,Telur Ayam,Sumatera Utara,28200.0
2025-10-28,Telur Ayam,Sumatera Utara,28600.0
2025-10-29,Telur Ayam,Sumatera Utara,28300.0
2025-10-30,Telur Ayam,Sumatera Utara,29500.0
2025-10-31,Telur Ayam,Sumatera Utara,28100.0
2025-11-01,Telur Ayam,Sumatera Utara,27800.0
2025-11-02,Telur Ayam,Sumatera Utara,27800.0
2025-11-03,Telur Ayam,Sumatera Utara,28400.0
2025-11-04,Telur Ayam,Sumatera Utara,29100.0
2025-11-05,Telur Ayam,Sumatera Utara,29000.0
2025-11-06,Telur Ayam,Sumatera Utara,28100.0
2025-11-07,Telur Ayam,Sumatera Utara,27800.0
2025-11-08,Telur Ayam,Sumatera Utara,28600.0
2025-11-09,Telur Ayam,Sumatera Utara,29100.0
2025-11-10,Telur Ayam,Sumatera Utara,28400.0
2025-11-11,Telur Ayam,Sumatera Utara,29300.0
2025-11-12,Telur Ayam,Sumatera Utara,28100.0
2025-11-13,Telur Ayam,Sumatera Utara,28500.0
2025-11-14,Telur Ayam,Sumatera Utara,28200.0
2025-11-15,Telur Ayam,Sumatera Utara,28700.0
2025-11-16,Telur Ayam,Sumatera Utara,28600.0
2025-11-17,Telur Ayam,Sumatera Utara,29100.0
2025-11-18,Telur Ayam,Sumatera Utara,29700.0
2025-11-19,Telur Ayam,Sumatera Utara,29000.0
2025-11-20,Telur Ayam,Sumatera Utara,29300.0
2025-11-21,Telur Ayam,Sumatera Utara,28400.0
2025-11-22,Telur Ayam,Sumatera Utara,29500.0
2025-11-23,Telur Ayam,Sumatera Utara,29600.0
2025-11-24,Telur Ayam,Sumatera Utara,29500.0
2025-11-25,Telur Ayam,Sumatera Utara,29800.0
2025-11-26,Telur Ayam,Sumatera Utara,29600.0
2025-11-27,Telur Ayam,Sumatera Utara,29100.0
2025-11-28,Telur Ayam,Sumatera Utara,29700.0
2025-11-29,Telur Ayam,Sumatera Utara,29700.0
2025-11-30,Telur Ayam,Sumatera Utara,30300.0
2025-12-01,Telur Ayam,Sumatera Utara,29500.0
2025-12-02,Telur Ayam,Sumatera Utara,30100.0
2025-12-03,Telur Ayam,Sumatera Utara,30600.0
2025-12-04,Telur Ayam,Sumatera Utara,30400.0
2025-12-05,Telur Ayam,Sumatera Utara,29400.0
2025-12-06,Telur Ayam,Sumatera Utara,29300.0
2025-12-07,Telur Ayam,Sumatera Utara,29400.0
2025-12-08,Telur Ayam,Sumatera Utara,29500.0
2025-12-09,Telur Ayam,Sumatera Utara,30900.0
2025-12-10,Telur Ayam,Sumatera Utara,30300.0
2025-12-11,Telur Ayam,Sumatera Utara,30200.0
2025-12-12,Telur Ayam,Sumatera Utara,30100.0
2025-12-13,Telur Ayam,Sumatera Utara,29900.0
2025-12-14,Telur Ayam,Sumatera Utara,29900.0
2025-12-15,Telur Ayam,Sumatera Utara,30000.0
2025-12-16,Telur Ayam,Sumatera Utara,31300.0
2025-12-17,Telur Ayam,Sumatera Utara,30400.0
2025-12-18,Telur Ayam,Sumatera Utara,30100.0
2025-12-19,Telur Ayam,Sumatera Utara,30300.0
2025-12-20,Telur Ayam,Sumatera Utara,31200.0
2025-12-21,Telur Ayam,Sumatera Utara,30000.0
2025-12-22,Telur Ayam,Sumatera Utara,31000.0
2025-12-23,Telur Ayam,Sumatera Utara,30900.0
2025-12-24,Telur Ayam,Sumatera Utara,31200.0
2025-12-25,Telur Ayam,Sumatera Utara,31300.0
2025-12-26,Telur Ayam,Sumatera Utara,29800.0
2025-12-27,Telur Ayam,Sumatera Utara,30200.0
2025-12-28,Telur Ayam,Sumatera Utara,31100.0
2025-12-29,Telur Ayam,Sumatera Utara,30900.0
2025-12-30,Telur Ayam,Sumatera Utara,31300.0
2025-12-31,Telur Ayam,Sumatera Utara,31700.0
2026-01-01,Telur Ayam,Sumatera Utara,30800.0
2026-01-02,Telur Ayam,Sumatera Utara,31500.0
2026-01-03,Telur Ayam,Sumatera Utara,31200.0
2026-01-04,Telur Ayam,Sumatera Utara,31100.0
2026-01-05,Telur Ayam,Sumatera Utara,31500.0
2026-01-06,Telur Ayam,Sumatera Utara,32100.0
2026-01-07,Telur Ayam,Sumatera Utara,31400.0
2026-01-08,Telur Ayam,Sumatera Utara,31800.0
2026-01-09,Telur Ayam,Sumatera Utara,31900.0
2026-01-10,Telur Ayam,Sumatera Utara,31200.0
2026-01-11,Telur Ayam,Sumatera Utara,31000.0
2026-01-12,Telur Ayam,Sumatera Utara,32300.0
2026-01-13,Telur Ayam,Sumatera Utara,31600.0
2026-01-14,Telur Ayam,Sumatera Utara,32300.0
2026-01-15,Telur Ayam,Sumatera Utara,31100.0
2026-01-16,Telur Ayam,Sumatera Utara,31600.0
2026-01-17,Telur Ayam,Sumatera Utara,30600.0
2026-01-18,Telur Ayam,Sumatera Utara,31100.0
2026-01-19,Telur Ayam,Sumatera Utara,31000.0
2026-01-20,Telur Ayam,Sumatera Utara,32600.0
2026-01-21,Telur Ayam,Sumatera Utara,31600.0
2026-01-22,Telur Ayam,Sumatera Utara,31000.0
2026-01-23,Telur Ayam,Sumatera Utara,31200.0
2026-01-24,Telur Ayam,Sumatera Utara,31200.0
2026-01-25,Telur Ayam,Sumatera Utara,31000.0
2026-01-26,Telur Ayam,Sumatera Utara,30900.0
2026-01-27,Telur Ayam,Sumatera Utara,32000.0
2026-01-28,Telur Ayam,Sumatera Utara,32200.0
2026-01-29,Telur Ayam,Sumatera Utara,30600.0
2026-01-30,Telur Ayam,Sumatera Utara,30700.0
2026-01-31,Telur Ayam,Sumatera Utara,30900.0
2026-02-01,Telur Ayam,Sumatera Utara,30900.0
2026-02-02,Telur Ayam,Sumatera Utara,31700.0
2026-02-03,Telur Ayam,Sumatera Utara,32600.0
2026-02-04,Telur Ayam,Sumatera Utara,31700.0
2026-02-05,Telur Ayam,Sumatera Utara,32500.0
2026-02-06,Telur Ayam,Sumatera Utara,30900.0
2026-02-07,Telur Ayam,Sumatera Utara,31700.0
2026-02-08,Telur Ayam,Sumatera Utara,31300.0
2026-02-09,Telur Ayam,Sumatera Utara,32100.0
2026-02-10,Telur Ayam,Sumatera Utara,31200.0
2026-02-11,Telur Ayam,Sumatera Utara,31500.0
2026-02-12,Telur Ayam,Sumatera Utara,32200.0
2026-02-13,Telur Ayam,Sumatera Utara,31400.0
2026-02-14,Telur Ayam,Sumatera Utara,31200.0
2026-02-15,Telur Ayam,Sumatera Utara,32500.0
2026-02-16,Telur Ayam,Sumatera Utara,31900.0
2026-02-17,Telur Ayam,Sumatera Utara,32500.0
2026-02-18,Telur Ayam,Sumatera Utara,31800.0
2026-02-19,Telur Ayam,Sumatera Utara,31300.0
2026-02-20,Telur Ayam,Sumatera Utara,31700.0
2026-02-21,Telur Ayam,Sumatera Utara,31000.0
2026-02-22,Telur Ayam,Sumatera Utara,31600.0
2026-02-23,Telur Ayam,Sumatera Utara,32200.0
2026-02-24,Telur Ayam,Sumatera Utara,32300.0
2026-02-25,Telur Ayam,Sumatera Utara,32600.0
2026-02-26,Telur Ayam,Sumatera Utara,32600.0
2026-02-27,Telur Ayam,Sumatera Utara,31500.0
2026-02-28,Telur Ayam,Sumatera Utara,31400.0
2026-03-01,Telur Ayam,Sumatera Utara,30900.0
2026-03-02,Telur Ayam,Sumatera Utara,32000.0
2026-03-03,Telur Ayam,Sumatera Utara,32900.0
2026-03-04,Telur Ayam,Sumatera Utara,33500.0
2026-03-05,Telur Ayam,Sumatera Utara,32600.0
2026-03-06,Telur Ayam,Sumatera Utara,32900.0
2026-03-07,Telur Ayam,Sumatera Utara,32700.0
2026-03-08,Telur Ayam,Sumatera Utara,33000.0
2026-03-09,Telur Ayam,Sumatera Utara,33100.0
2026-03-10,Telur Ayam,Sumatera Utara,32900.0
2026-03-11,Telur Ayam,Sumatera Utara,35300.0
2026-03-12,Telur Ayam,Sumatera Utara,34800.0
2026-03-13,Telur Ayam,Sumatera Utara,35700.0
2026-03-14,Telur Ayam,Sumatera Utara,34800.0
2026-03-15,Telur Ayam,Sumatera Utara,36800.0
2026-03-16,Telur Ayam,Sumatera Utara,36200.0
2026-03-17,Telur Ayam,Sumatera Utara,36700.0
2026-03-18,Telur Ayam,Sumatera Utara,37300.0
2026-03-19,Telur Ayam,Sumatera Utara,37600.0
2026-03-20,Telur Ayam,Sumatera Utara,37600.0
2026-03-21,Telur Ayam,Sumatera Utara,32400.0
2026-03-22,Telur Ayam,Sumatera Utara,31800.0
2026-03-23,Telur Ayam,Sumatera Utara,32500.0
2026-03-24,Telur Ayam,Sumatera Utara,33800.0
2026-03-25,Telur Ayam,Sumatera Utara,33000.0
2026-03-26,Telur Ayam,Sumatera Utara,32500.0
2026-03-27,Telur Ayam,Sumatera Utara,32500.0
2026-03-28,Telur Ayam,Sumatera Utara,32700.0
2026-03-29,Telur Ayam,Sumatera Utara,32400.0
2026-03-30,Telur Ayam,Sumatera Utara,32900.0
2026-03-31,Telur Ayam,Sumatera Utara,32800.0
2026-04-01,Telur Ayam,Sumatera Utara,33800.0
2026-04-02,Telur Ayam,Sumatera Utara,33300.0
2026-04-03,Telur Ayam,Sumatera Utara,33900.0
2026-04-04,Telur Ayam,Sumatera Utara,32300.0
2026-04-05,Telur Ayam,Sumatera Utara,32500.0
2026-04-06,Telur Ayam,Sumatera Utara,33500.0
2026-04-07,Telur Ayam,Sumatera Utara,33300.0
2026-04-08,Telur Ayam,Sumatera Utara,32600.0
2026-04-09,Telur Ayam,Sumatera Utara,33100.0
2026-04-10,Telur Ayam,Sumatera Utara,32800.0
2026-04-11,Telur Ayam,Sumatera Utara,31600.0
2026-04-12,Telur Ayam,Sumatera Utara,32400.0
2026-04-13,Telur Ayam,Sumatera Utara,33100.0
2026-04-14,Telur Ayam,Sumatera Utara,34100.0
2026-04-15,Telur Ayam,Sumatera Utara,33800.0
2026-04-16,Telur Ayam,Sumatera Utara,33000.0
2026-04-17,Telur Ayam,Sumatera Utara,32600.0
2026-04-18,Telur Ayam,Sumatera Utara,33100.0
2026-04-19,Telur Ayam,Sumatera Utara,31600.0
2026-04-20,Telur Ayam,Sumatera Utara,32700.0
2026-04-21,Telur Ayam,Sumatera Utara,34100.0
2026-04-22,Telur Ayam,Sumatera Utara,33600.0
2026-04-23,Telur Ayam,Sumatera Utara,33000.0
2026-04-24,Telur Ayam,Sumatera Utara,32400.0
2026-04-25,Telur Ayam,Sumatera Utara,33300.0
2026-04-26,Telur Ayam,Sumatera Utara,33000.0
2026-04-27,Telur Ayam,Sumatera Utara,33100.0
2026-04-28,Telur Ayam,Sumatera Utara,33600.0
2026-04-29,Telur Ayam,Sumatera Utara,33600.0
2026-04-30,Telur Ayam,Sumatera Utara,33200.0
2026-05-01,Telur Ayam,Sumatera Utara,32300.0
2026-05-02,Telur Ayam,Sumatera Utara,32400.0
2026-05-03,Telur Ayam,Sumatera Utara,33100.0
2026-05-04,Telur Ayam,Sumatera Utara,33200.0
2026-05-05,Telur Ayam,Sumatera Utara,33500.0
2026-05-06,Telur Ayam,Sumatera Utara,33100.0
2026-05-07,Telur Ayam,Sumatera Utara,33600.0
2026-05-08,Telur Ayam,Sumatera Utara,32700.0
2026-05-09,Telur Ayam,Sumatera Utara,33200.0
2026-05-10,Telur Ayam,Sumatera Utara,32300.0
2026-05-11,Telur Ayam,Sumatera Utara,32700.0
2026-05-12,Telur Ayam,Sumatera Utara,33100.0
2026-05-13,Telur Ayam,Sumatera Utara,33700.0
2026-05-14,Telur Ayam,Sumatera Utara,33200.0
2026-05-15,Telur Ayam,Sumatera Utara,32900.0
2026-05-16,Telur Ayam,Sumatera Utara,32500.0
2026-05-17,Telur Ayam,Sumatera Utara,32900.0
2026-05-18,Telur Ayam,Sumatera Utara,32900.0
2026-05-19,Telur Ayam,Sumatera Utara,32800.0
2026-05-20,Telur Ayam,Sumatera Utara,33400.0
2026-05-21,Telur Ayam,Sumatera Utara,33200.0
2026-05-22,Telur Ayam,Sumatera Utara,34000.0
2026-05-23,Telur Ayam,Sumatera Utara,32400.0
2026-05-24,Telur Ayam,Sumatera Utara,32400.0
2026-05-25,Telur Ayam,Sumatera Utara,33100.0
2026-05-26,Telur Ayam,Sumatera Utara,32700.0
2026-05-27,Telur Ayam,Sumatera Utara,32600.0
2026-05-28,Telur Ayam,Sumatera Utara,32200.0
2026-05-29,Telur Ayam,Sumatera Utara,32200.0
2026-05-30,Telur Ayam,Sumatera Utara,32000.0
2026-05-31,Telur Ayam,Sumatera Utara,31700.0
2026-06-01,Telur Ayam,Sumatera Utara,32400.0
2026-06-02,Telur Ayam,Sumatera Utara,31600.0
2026-06-03,Telur Ayam,Sumatera Utara,33000.0
2026-06-04,Telur Ayam,Sumatera Utara,32200.0
2026-06-05,Telur Ayam,Sumatera Utara,32100.0
2026-06-06,Telur Ayam,Sumatera Utara,32400.0
2026-06-07,Telur Ayam,Sumatera Utara,32200.0
2026-06-08,Telur Ayam,Sumatera Utara,31900.0
2026-06-09,Telur Ayam,Sumatera Utara,32700.0
2026-06-10,Telur Ayam,Sumatera Utara,33200.0
2026-06-11,Telur Ayam,Sumatera Utara,31800.0
2026-06-12,Telur Ayam,Sumatera Utara,32400.0
2026-06-13,Telur Ayam,Sumatera Utara,31500.0
2026-06-14,Telur Ayam,Sumatera Utara,32600.0
2026-06-15,Telur Ayam,Sumatera Utara,32000.0
2026-06-16,Telur Ayam,Sumatera Utara,32300.0
2026-06-17,Telur Ayam,Sumatera Utara,33300.0
2026-06-18,Telur Ayam,Sumatera Utara,32800.0
2026-06-19,Telur Ayam,Sumatera Utara,32000.0
2026-06-20,Telur Ayam,Sumatera Utara,32200.0
2026-06-21,Telur Ayam,Sumatera Utara,31800.0
2026-06-22,Telur Ayam,Sumatera Utara,31600.0
2026-06-23,Telur Ayam,Sumatera Utara,32700.0
2026-06-24,Telur Ayam,Sumatera Utara,32500.0
2026-06-25,Telur Ayam,Sumatera Utara,31900.0
2026-06-26,Telur Ayam,Sumatera Utara,32600.0
2026-06-27,Telur Ayam,Sumatera Utara,31300.0
2026-06-28,Telur Ayam,Sumatera Utara,31800.0
2026-06-29,Telur Ayam,Sumatera Utara,32500.0
2026-06-30,Telur Ayam,Sumatera Utara,32100.0
2026-07-01,Telur Ayam,Sumatera Utara,31900.0
2026-07-02,Telur Ayam,Sumatera Utara,32300.0
2026-07-03,Telur Ayam,Sumatera Utara,32000.0
2026-07-04,Telur Ayam,Sumatera Utara,31900.0
2026-07-05,Telur Ayam,Sumatera Utara,32400.0
2026-07-06,Telur Ayam,Sumatera Utara,31600.0
2026-07-07,Telur Ayam,Sumatera Utara,32000.0
2026-07-08,Telur Ayam,Sumatera Utara,31400.0
2026-07-09,Telur Ayam,Sumatera Utara,32100.0
2026-07-10,Telur Ayam,Sumatera Utara,31800.0
2026-07-11,Telur Ayam,Sumatera Utara,31500.0
2026-07-12,Telur Ayam,Sumatera Utara,31300.0
2026-07-13,Telur Ayam,Sumatera Utara,31700.0
2026-07-14,Telur Ayam,Sumatera Utara,32100.0
2026-07-15,Telur Ayam,Sumatera Utara,31400.0
2026-07-16,Telur Ayam,Sumatera Utara,31600.0
2026-07-17,Telur Ayam,Sumatera Utara,31500.0
2026-07-18,Telur Ayam,Sumatera Utara,30600.0
2026-07-19,Telur Ayam,Sumatera Utara,30800.0
2026-07-20,Telur Ayam,Sumatera Utara,31200.0
2026-07-21,Telur Ayam,Sumatera Utara,32500.0
2026-07-22,Telur Ayam,Sumatera Utara,31300.0
2026-07-23,Telur Ayam,Sumatera Utara,31500.0
2026-07-24,Telur Ayam,Sumatera Utara,30700.0
2026-07-25,Telur Ayam,Sumatera Utara,30500.0
2026-07-26,Telur Ayam,Sumatera Utara,30300.0
2026-07-27,Telur Ayam,Sumatera Utara,31500.0
2026-07-28,Telur Ayam,Sumatera Utara,30900.0
2026-07-29,Telur Ayam,Sumatera Utara,31900.0
2026-07-30,Telur Ayam,Sumatera Utara,31500.0
2026-07-31,Telur Ayam,Sumatera Utara,30900.0
2026-08-01,Telur Ayam,Sumatera Utara,31200.0
2026-08-02,Telur Ayam,Sumatera Utara,32200.0
2026-08-03,Telur Ayam,Sumatera Utara,31200.0
2026-08-04,Telur Ayam,Sumatera Utara,30700.0
2026-08-05,Telur Ayam,Sumatera Utara,32000.0
2026-08-06,Telur Ayam,Sumatera Utara,31100.0
2026-08-07,Telur Ayam,Sumatera Utara,31800.0
2026-08-08,Telur Ayam,Sumatera Utara,30300.0
2026-08-09,Telur Ayam,Sumatera Utara,31200.0
2026-08-10,Telur Ayam,Sumatera Utara,30900.0
2026-08-11,Telur Ayam,Sumatera Utara,32200.0
2026-08-12,Telur Ayam,Sumatera Utara,30900.0
2026-08-13,Telur Ayam,Sumatera Utara,32300.0
2026-08-14,Telur Ayam,Sumatera Utara,30900.0
2026-08-15,Telur Ayam,Sumatera Utara,30900.0
2026-08-16,Telur Ayam,Sumatera Utara,31300.0
2026-08-17,Telur Ayam,Sumatera Utara,30400.0
2026-08-18,Telur Ayam,Sumatera Utara,31500.0
2026-08-19,Telur Ayam,Sumatera Utara,31000.0
2026-08-20,Telur Ayam,Sumatera Utara,31000.0
2026-08-21,Telur Ayam,Sumatera Utara,30700.0
2026-08-22,Telur Ayam,Sumatera Utara,30800.0
2026-08-23,Telur Ayam,Sumatera Utara,30800.0
2026-08-24,Telur Ayam,Sumatera Utara,30500.0
2026-08-25,Telur Ayam,Sumatera Utara,31000.0
2026-08-26,Telur Ayam,Sumatera Utara,30000.0
2026-08-27,Telur Ayam,Sumatera Utara,31400.0
2026-08-28,Telur Ayam,Sumatera Utara,31400.0
2026-08-29,Telur Ayam,Sumatera Utara,30600.0
2026-08-30,Telur Ayam,Sumatera Utara,29700.0
2026-08-31,Telur Ayam,Sumatera Utara,31000.0
2026-09-01,Telur Ayam,Sumatera Utara,30400.0
2026-09-02,Telur Ayam,Sumatera Utara,30900.0
2026-09-03,Telur Ayam,Sumatera Utara,31000.0
2026-09-04,Telur Ayam,Sumatera Utara,30600.0
2026-09-05,Telur Ayam,Sumatera Utara,30700.0
2026-09-06,Telur Ayam,Sumatera Utara,30400.0
2026-09-07,Telur Ayam,Sumatera Utara,30700.0
2026-09-08,Telur Ayam,Sumatera Utara,31100.0
2026-09-09,Telur Ayam,Sumatera Utara,30800.0
2026-09-10,Telur Ayam,Sumatera Utara,30400.0
2026-09-11,Telur Ayam,Sumatera Utara,30600.0
2026-09-12,Telur Ayam,Sumatera Utara,29800.0
2026-09-13,Telur Ayam,Sumatera Utara,30400.0
2026-09-14,Telur Ayam,Sumatera Utara,30000.0
2026-09-15,Telur Ayam,Sumatera Utara,30600.0
2026-09-16,Telur Ayam,Sumatera Utara,30700.0
2026-09-17,Telur Ayam,Sumatera Utara,30300.0
2026-09-18,Telur Ayam,Sumatera Utara,30900.0
2026-09-19,Telur Ayam,Sumatera Utara,30600.0
2026-09-20,Telur Ayam,Sumatera Utara,30700.0
2026-09-21,Telur Ayam,Sumatera Utara,30300.0
2026-09-22,Telur Ayam,Sumatera Utara,30400.0
2026-09-23,Telur Ayam,Sumatera Utara,31000.0
2026-09-24,Telur Ayam,Sumatera Utara,30600.0
2026-09-25,Telur Ayam,Sumatera Utara,30100.0
2026-09-26,Telur Ayam,Sumatera Utara,28800.0
2026-09-27,Telur Ayam,Sumatera Utara,30300.0
2026-09-28,Telur Ayam,Sumatera Utara,30600.0
2026-09-29,Telur Ayam,Sumatera Utara,30400.0
2026-09-30,Telur Ayam,Sumatera Utara,30800.0
